:0200000460009A
:100000004643464200000156000000000103030081
:1000100000000000000000000000000000000000E0
:1000200000000000000000000000000000000000D0
:1000300000000000000000000000000000000000C0
:1000400000000000010408000000000000000000A3
:100050000000800000000000000000000000000020
:100060000000000000000000000000000000000090
:100070000000000000000000000000000000000080
:10008000EB04180A063204260000000000000000FD
:10009000050404240000000000000000000000002F
:1000A0000000000000000000000000000000000050
:1000B0000604000000000000000000000000000036
:1000C0000000000000000000000000000000000030
:1000D00020041808000000000000000000000000DC
:1000E0000000000000000000000000000000000010
:1000F0000000000000000000000000000000000000
:10010000D8041808000000000000000000000000F3
:100110000204180804200000000000000000000095
:1001200000000000000000000000000000000000CF
:10013000600400000000000000000000000000005B
:1001400000000000000000000000000000000000AF
:10015000000000000000000000000000000000009F
:10016000000000000000000000000000000000008F
:10017000000000000000000000000000000000007F
:10018000000000000000000000000000000000006F
:10019000000000000000000000000000000000005F
:1001A000000000000000000000000000000000004F
:1001B000000000000000000000000000000000003F
:1001C000000100000010000001000000000000001D
:1001D000000001000000000000000000000000001E
:1001E000000000000000000000000000000000000F
:1001F00000000000000000000000000000000000FF
:10020000FFFFFFFFFFFFFFFFFFFFFFFFFFFFFFFFFE
:10021000FFFFFFFFFFFFFFFFFFFFFFFFFFFFFFFFEE
:10022000FFFFFFFFFFFFFFFFFFFFFFFFFFFFFFFFDE
:10023000FFFFFFFFFFFFFFFFFFFFFFFFFFFFFFFFCE
:10024000FFFFFFFFFFFFFFFFFFFFFFFFFFFFFFFFBE
:10025000FFFFFFFFFFFFFFFFFFFFFFFFFFFFFFFFAE
:10026000FFFFFFFFFFFFFFFFFFFFFFFFFFFFFFFF9E
:10027000FFFFFFFFFFFFFFFFFFFFFFFFFFFFFFFF8E
:10028000FFFFFFFFFFFFFFFFFFFFFFFFFFFFFFFF7E
:10029000FFFFFFFFFFFFFFFFFFFFFFFFFFFFFFFF6E
:1002A000FFFFFFFFFFFFFFFFFFFFFFFFFFFFFFFF5E
:1002B000FFFFFFFFFFFFFFFFFFFFFFFFFFFFFFFF4E
:1002C000FFFFFFFFFFFFFFFFFFFFFFFFFFFFFFFF3E
:1002D000FFFFFFFFFFFFFFFFFFFFFFFFFFFFFFFF2E
:1002E000FFFFFFFFFFFFFFFFFFFFFFFFFFFFFFFF1E
:1002F000FFFFFFFFFFFFFFFFFFFFFFFFFFFFFFFF0E
:10030000FFFFFFFFFFFFFFFFFFFFFFFFFFFFFFFFFD
:10031000FFFFFFFFFFFFFFFFFFFFFFFFFFFFFFFFED
:10032000FFFFFFFFFFFFFFFFFFFFFFFFFFFFFFFFDD
:10033000FFFFFFFFFFFFFFFFFFFFFFFFFFFFFFFFCD
:10034000FFFFFFFFFFFFFFFFFFFFFFFFFFFFFFFFBD
:10035000FFFFFFFFFFFFFFFFFFFFFFFFFFFFFFFFAD
:10036000FFFFFFFFFFFFFFFFFFFFFFFFFFFFFFFF9D
:10037000FFFFFFFFFFFFFFFFFFFFFFFFFFFFFFFF8D
:10038000FFFFFFFFFFFFFFFFFFFFFFFFFFFFFFFF7D
:10039000FFFFFFFFFFFFFFFFFFFFFFFFFFFFFFFF6D
:1003A000FFFFFFFFFFFFFFFFFFFFFFFFFFFFFFFF5D
:1003B000FFFFFFFFFFFFFFFFFFFFFFFFFFFFFFFF4D
:1003C000FFFFFFFFFFFFFFFFFFFFFFFFFFFFFFFF3D
:1003D000FFFFFFFFFFFFFFFFFFFFFFFFFFFFFFFF2D
:1003E000FFFFFFFFFFFFFFFFFFFFFFFFFFFFFFFF1D
:1003F000FFFFFFFFFFFFFFFFFFFFFFFFFFFFFFFF0D
:10040000FFFFFFFFFFFFFFFFFFFFFFFFFFFFFFFFFC
:10041000FFFFFFFFFFFFFFFFFFFFFFFFFFFFFFFFEC
:10042000FFFFFFFFFFFFFFFFFFFFFFFFFFFFFFFFDC
:10043000FFFFFFFFFFFFFFFFFFFFFFFFFFFFFFFFCC
:10044000FFFFFFFFFFFFFFFFFFFFFFFFFFFFFFFFBC
:10045000FFFFFFFFFFFFFFFFFFFFFFFFFFFFFFFFAC
:10046000FFFFFFFFFFFFFFFFFFFFFFFFFFFFFFFF9C
:10047000FFFFFFFFFFFFFFFFFFFFFFFFFFFFFFFF8C
:10048000FFFFFFFFFFFFFFFFFFFFFFFFFFFFFFFF7C
:10049000FFFFFFFFFFFFFFFFFFFFFFFFFFFFFFFF6C
:1004A000FFFFFFFFFFFFFFFFFFFFFFFFFFFFFFFF5C
:1004B000FFFFFFFFFFFFFFFFFFFFFFFFFFFFFFFF4C
:1004C000FFFFFFFFFFFFFFFFFFFFFFFFFFFFFFFF3C
:1004D000FFFFFFFFFFFFFFFFFFFFFFFFFFFFFFFF2C
:1004E000FFFFFFFFFFFFFFFFFFFFFFFFFFFFFFFF1C
:1004F000FFFFFFFFFFFFFFFFFFFFFFFFFFFFFFFF0C
:10050000FFFFFFFFFFFFFFFFFFFFFFFFFFFFFFFFFB
:10051000FFFFFFFFFFFFFFFFFFFFFFFFFFFFFFFFEB
:10052000FFFFFFFFFFFFFFFFFFFFFFFFFFFFFFFFDB
:10053000FFFFFFFFFFFFFFFFFFFFFFFFFFFFFFFFCB
:10054000FFFFFFFFFFFFFFFFFFFFFFFFFFFFFFFFBB
:10055000FFFFFFFFFFFFFFFFFFFFFFFFFFFFFFFFAB
:10056000FFFFFFFFFFFFFFFFFFFFFFFFFFFFFFFF9B
:10057000FFFFFFFFFFFFFFFFFFFFFFFFFFFFFFFF8B
:10058000FFFFFFFFFFFFFFFFFFFFFFFFFFFFFFFF7B
:10059000FFFFFFFFFFFFFFFFFFFFFFFFFFFFFFFF6B
:1005A000FFFFFFFFFFFFFFFFFFFFFFFFFFFFFFFF5B
:1005B000FFFFFFFFFFFFFFFFFFFFFFFFFFFFFFFF4B
:1005C000FFFFFFFFFFFFFFFFFFFFFFFFFFFFFFFF3B
:1005D000FFFFFFFFFFFFFFFFFFFFFFFFFFFFFFFF2B
:1005E000FFFFFFFFFFFFFFFFFFFFFFFFFFFFFFFF1B
:1005F000FFFFFFFFFFFFFFFFFFFFFFFFFFFFFFFF0B
:10060000FFFFFFFFFFFFFFFFFFFFFFFFFFFFFFFFFA
:10061000FFFFFFFFFFFFFFFFFFFFFFFFFFFFFFFFEA
:10062000FFFFFFFFFFFFFFFFFFFFFFFFFFFFFFFFDA
:10063000FFFFFFFFFFFFFFFFFFFFFFFFFFFFFFFFCA
:10064000FFFFFFFFFFFFFFFFFFFFFFFFFFFFFFFFBA
:10065000FFFFFFFFFFFFFFFFFFFFFFFFFFFFFFFFAA
:10066000FFFFFFFFFFFFFFFFFFFFFFFFFFFFFFFF9A
:10067000FFFFFFFFFFFFFFFFFFFFFFFFFFFFFFFF8A
:10068000FFFFFFFFFFFFFFFFFFFFFFFFFFFFFFFF7A
:10069000FFFFFFFFFFFFFFFFFFFFFFFFFFFFFFFF6A
:1006A000FFFFFFFFFFFFFFFFFFFFFFFFFFFFFFFF5A
:1006B000FFFFFFFFFFFFFFFFFFFFFFFFFFFFFFFF4A
:1006C000FFFFFFFFFFFFFFFFFFFFFFFFFFFFFFFF3A
:1006D000FFFFFFFFFFFFFFFFFFFFFFFFFFFFFFFF2A
:1006E000FFFFFFFFFFFFFFFFFFFFFFFFFFFFFFFF1A
:1006F000FFFFFFFFFFFFFFFFFFFFFFFFFFFFFFFF0A
:10070000FFFFFFFFFFFFFFFFFFFFFFFFFFFFFFFFF9
:10071000FFFFFFFFFFFFFFFFFFFFFFFFFFFFFFFFE9
:10072000FFFFFFFFFFFFFFFFFFFFFFFFFFFFFFFFD9
:10073000FFFFFFFFFFFFFFFFFFFFFFFFFFFFFFFFC9
:10074000FFFFFFFFFFFFFFFFFFFFFFFFFFFFFFFFB9
:10075000FFFFFFFFFFFFFFFFFFFFFFFFFFFFFFFFA9
:10076000FFFFFFFFFFFFFFFFFFFFFFFFFFFFFFFF99
:10077000FFFFFFFFFFFFFFFFFFFFFFFFFFFFFFFF89
:10078000FFFFFFFFFFFFFFFFFFFFFFFFFFFFFFFF79
:10079000FFFFFFFFFFFFFFFFFFFFFFFFFFFFFFFF69
:1007A000FFFFFFFFFFFFFFFFFFFFFFFFFFFFFFFF59
:1007B000FFFFFFFFFFFFFFFFFFFFFFFFFFFFFFFF49
:1007C000FFFFFFFFFFFFFFFFFFFFFFFFFFFFFFFF39
:1007D000FFFFFFFFFFFFFFFFFFFFFFFFFFFFFFFF29
:1007E000FFFFFFFFFFFFFFFFFFFFFFFFFFFFFFFF19
:1007F000FFFFFFFFFFFFFFFFFFFFFFFFFFFFFFFF09
:10080000FFFFFFFFFFFFFFFFFFFFFFFFFFFFFFFFF8
:10081000FFFFFFFFFFFFFFFFFFFFFFFFFFFFFFFFE8
:10082000FFFFFFFFFFFFFFFFFFFFFFFFFFFFFFFFD8
:10083000FFFFFFFFFFFFFFFFFFFFFFFFFFFFFFFFC8
:10084000FFFFFFFFFFFFFFFFFFFFFFFFFFFFFFFFB8
:10085000FFFFFFFFFFFFFFFFFFFFFFFFFFFFFFFFA8
:10086000FFFFFFFFFFFFFFFFFFFFFFFFFFFFFFFF98
:10087000FFFFFFFFFFFFFFFFFFFFFFFFFFFFFFFF88
:10088000FFFFFFFFFFFFFFFFFFFFFFFFFFFFFFFF78
:10089000FFFFFFFFFFFFFFFFFFFFFFFFFFFFFFFF68
:1008A000FFFFFFFFFFFFFFFFFFFFFFFFFFFFFFFF58
:1008B000FFFFFFFFFFFFFFFFFFFFFFFFFFFFFFFF48
:1008C000FFFFFFFFFFFFFFFFFFFFFFFFFFFFFFFF38
:1008D000FFFFFFFFFFFFFFFFFFFFFFFFFFFFFFFF28
:1008E000FFFFFFFFFFFFFFFFFFFFFFFFFFFFFFFF18
:1008F000FFFFFFFFFFFFFFFFFFFFFFFFFFFFFFFF08
:10090000FFFFFFFFFFFFFFFFFFFFFFFFFFFFFFFFF7
:10091000FFFFFFFFFFFFFFFFFFFFFFFFFFFFFFFFE7
:10092000FFFFFFFFFFFFFFFFFFFFFFFFFFFFFFFFD7
:10093000FFFFFFFFFFFFFFFFFFFFFFFFFFFFFFFFC7
:10094000FFFFFFFFFFFFFFFFFFFFFFFFFFFFFFFFB7
:10095000FFFFFFFFFFFFFFFFFFFFFFFFFFFFFFFFA7
:10096000FFFFFFFFFFFFFFFFFFFFFFFFFFFFFFFF97
:10097000FFFFFFFFFFFFFFFFFFFFFFFFFFFFFFFF87
:10098000FFFFFFFFFFFFFFFFFFFFFFFFFFFFFFFF77
:10099000FFFFFFFFFFFFFFFFFFFFFFFFFFFFFFFF67
:1009A000FFFFFFFFFFFFFFFFFFFFFFFFFFFFFFFF57
:1009B000FFFFFFFFFFFFFFFFFFFFFFFFFFFFFFFF47
:1009C000FFFFFFFFFFFFFFFFFFFFFFFFFFFFFFFF37
:1009D000FFFFFFFFFFFFFFFFFFFFFFFFFFFFFFFF27
:1009E000FFFFFFFFFFFFFFFFFFFFFFFFFFFFFFFF17
:1009F000FFFFFFFFFFFFFFFFFFFFFFFFFFFFFFFF07
:100A0000FFFFFFFFFFFFFFFFFFFFFFFFFFFFFFFFF6
:100A1000FFFFFFFFFFFFFFFFFFFFFFFFFFFFFFFFE6
:100A2000FFFFFFFFFFFFFFFFFFFFFFFFFFFFFFFFD6
:100A3000FFFFFFFFFFFFFFFFFFFFFFFFFFFFFFFFC6
:100A4000FFFFFFFFFFFFFFFFFFFFFFFFFFFFFFFFB6
:100A5000FFFFFFFFFFFFFFFFFFFFFFFFFFFFFFFFA6
:100A6000FFFFFFFFFFFFFFFFFFFFFFFFFFFFFFFF96
:100A7000FFFFFFFFFFFFFFFFFFFFFFFFFFFFFFFF86
:100A8000FFFFFFFFFFFFFFFFFFFFFFFFFFFFFFFF76
:100A9000FFFFFFFFFFFFFFFFFFFFFFFFFFFFFFFF66
:100AA000FFFFFFFFFFFFFFFFFFFFFFFFFFFFFFFF56
:100AB000FFFFFFFFFFFFFFFFFFFFFFFFFFFFFFFF46
:100AC000FFFFFFFFFFFFFFFFFFFFFFFFFFFFFFFF36
:100AD000FFFFFFFFFFFFFFFFFFFFFFFFFFFFFFFF26
:100AE000FFFFFFFFFFFFFFFFFFFFFFFFFFFFFFFF16
:100AF000FFFFFFFFFFFFFFFFFFFFFFFFFFFFFFFF06
:100B0000FFFFFFFFFFFFFFFFFFFFFFFFFFFFFFFFF5
:100B1000FFFFFFFFFFFFFFFFFFFFFFFFFFFFFFFFE5
:100B2000FFFFFFFFFFFFFFFFFFFFFFFFFFFFFFFFD5
:100B3000FFFFFFFFFFFFFFFFFFFFFFFFFFFFFFFFC5
:100B4000FFFFFFFFFFFFFFFFFFFFFFFFFFFFFFFFB5
:100B5000FFFFFFFFFFFFFFFFFFFFFFFFFFFFFFFFA5
:100B6000FFFFFFFFFFFFFFFFFFFFFFFFFFFFFFFF95
:100B7000FFFFFFFFFFFFFFFFFFFFFFFFFFFFFFFF85
:100B8000FFFFFFFFFFFFFFFFFFFFFFFFFFFFFFFF75
:100B9000FFFFFFFFFFFFFFFFFFFFFFFFFFFFFFFF65
:100BA000FFFFFFFFFFFFFFFFFFFFFFFFFFFFFFFF55
:100BB000FFFFFFFFFFFFFFFFFFFFFFFFFFFFFFFF45
:100BC000FFFFFFFFFFFFFFFFFFFFFFFFFFFFFFFF35
:100BD000FFFFFFFFFFFFFFFFFFFFFFFFFFFFFFFF25
:100BE000FFFFFFFFFFFFFFFFFFFFFFFFFFFFFFFF15
:100BF000FFFFFFFFFFFFFFFFFFFFFFFFFFFFFFFF05
:100C0000FFFFFFFFFFFFFFFFFFFFFFFFFFFFFFFFF4
:100C1000FFFFFFFFFFFFFFFFFFFFFFFFFFFFFFFFE4
:100C2000FFFFFFFFFFFFFFFFFFFFFFFFFFFFFFFFD4
:100C3000FFFFFFFFFFFFFFFFFFFFFFFFFFFFFFFFC4
:100C4000FFFFFFFFFFFFFFFFFFFFFFFFFFFFFFFFB4
:100C5000FFFFFFFFFFFFFFFFFFFFFFFFFFFFFFFFA4
:100C6000FFFFFFFFFFFFFFFFFFFFFFFFFFFFFFFF94
:100C7000FFFFFFFFFFFFFFFFFFFFFFFFFFFFFFFF84
:100C8000FFFFFFFFFFFFFFFFFFFFFFFFFFFFFFFF74
:100C9000FFFFFFFFFFFFFFFFFFFFFFFFFFFFFFFF64
:100CA000FFFFFFFFFFFFFFFFFFFFFFFFFFFFFFFF54
:100CB000FFFFFFFFFFFFFFFFFFFFFFFFFFFFFFFF44
:100CC000FFFFFFFFFFFFFFFFFFFFFFFFFFFFFFFF34
:100CD000FFFFFFFFFFFFFFFFFFFFFFFFFFFFFFFF24
:100CE000FFFFFFFFFFFFFFFFFFFFFFFFFFFFFFFF14
:100CF000FFFFFFFFFFFFFFFFFFFFFFFFFFFFFFFF04
:100D0000FFFFFFFFFFFFFFFFFFFFFFFFFFFFFFFFF3
:100D1000FFFFFFFFFFFFFFFFFFFFFFFFFFFFFFFFE3
:100D2000FFFFFFFFFFFFFFFFFFFFFFFFFFFFFFFFD3
:100D3000FFFFFFFFFFFFFFFFFFFFFFFFFFFFFFFFC3
:100D4000FFFFFFFFFFFFFFFFFFFFFFFFFFFFFFFFB3
:100D5000FFFFFFFFFFFFFFFFFFFFFFFFFFFFFFFFA3
:100D6000FFFFFFFFFFFFFFFFFFFFFFFFFFFFFFFF93
:100D7000FFFFFFFFFFFFFFFFFFFFFFFFFFFFFFFF83
:100D8000FFFFFFFFFFFFFFFFFFFFFFFFFFFFFFFF73
:100D9000FFFFFFFFFFFFFFFFFFFFFFFFFFFFFFFF63
:100DA000FFFFFFFFFFFFFFFFFFFFFFFFFFFFFFFF53
:100DB000FFFFFFFFFFFFFFFFFFFFFFFFFFFFFFFF43
:100DC000FFFFFFFFFFFFFFFFFFFFFFFFFFFFFFFF33
:100DD000FFFFFFFFFFFFFFFFFFFFFFFFFFFFFFFF23
:100DE000FFFFFFFFFFFFFFFFFFFFFFFFFFFFFFFF13
:100DF000FFFFFFFFFFFFFFFFFFFFFFFFFFFFFFFF03
:100E0000FFFFFFFFFFFFFFFFFFFFFFFFFFFFFFFFF2
:100E1000FFFFFFFFFFFFFFFFFFFFFFFFFFFFFFFFE2
:100E2000FFFFFFFFFFFFFFFFFFFFFFFFFFFFFFFFD2
:100E3000FFFFFFFFFFFFFFFFFFFFFFFFFFFFFFFFC2
:100E4000FFFFFFFFFFFFFFFFFFFFFFFFFFFFFFFFB2
:100E5000FFFFFFFFFFFFFFFFFFFFFFFFFFFFFFFFA2
:100E6000FFFFFFFFFFFFFFFFFFFFFFFFFFFFFFFF92
:100E7000FFFFFFFFFFFFFFFFFFFFFFFFFFFFFFFF82
:100E8000FFFFFFFFFFFFFFFFFFFFFFFFFFFFFFFF72
:100E9000FFFFFFFFFFFFFFFFFFFFFFFFFFFFFFFF62
:100EA000FFFFFFFFFFFFFFFFFFFFFFFFFFFFFFFF52
:100EB000FFFFFFFFFFFFFFFFFFFFFFFFFFFFFFFF42
:100EC000FFFFFFFFFFFFFFFFFFFFFFFFFFFFFFFF32
:100ED000FFFFFFFFFFFFFFFFFFFFFFFFFFFFFFFF22
:100EE000FFFFFFFFFFFFFFFFFFFFFFFFFFFFFFFF12
:100EF000FFFFFFFFFFFFFFFFFFFFFFFFFFFFFFFF02
:100F0000FFFFFFFFFFFFFFFFFFFFFFFFFFFFFFFFF1
:100F1000FFFFFFFFFFFFFFFFFFFFFFFFFFFFFFFFE1
:100F2000FFFFFFFFFFFFFFFFFFFFFFFFFFFFFFFFD1
:100F3000FFFFFFFFFFFFFFFFFFFFFFFFFFFFFFFFC1
:100F4000FFFFFFFFFFFFFFFFFFFFFFFFFFFFFFFFB1
:100F5000FFFFFFFFFFFFFFFFFFFFFFFFFFFFFFFFA1
:100F6000FFFFFFFFFFFFFFFFFFFFFFFFFFFFFFFF91
:100F7000FFFFFFFFFFFFFFFFFFFFFFFFFFFFFFFF81
:100F8000FFFFFFFFFFFFFFFFFFFFFFFFFFFFFFFF71
:100F9000FFFFFFFFFFFFFFFFFFFFFFFFFFFFFFFF61
:100FA000FFFFFFFFFFFFFFFFFFFFFFFFFFFFFFFF51
:100FB000FFFFFFFFFFFFFFFFFFFFFFFFFFFFFFFF41
:100FC000FFFFFFFFFFFFFFFFFFFFFFFFFFFFFFFF31
:100FD000FFFFFFFFFFFFFFFFFFFFFFFFFFFFFFFF21
:100FE000FFFFFFFFFFFFFFFFFFFFFFFFFFFFFFFF11
:100FF000FFFFFFFFFFFFFFFFFFFFFFFFFFFFFFFF01
:10100000D10020434D1600600000000000000000E9
:101010002010006000100060004805600000000023
:10102000000000600054050000000000FFFFFFFF0B
:10103000FFFFFFFFFFFFFFFFFFFFFFFFFFFFFFFFC0
:10104000FFFFFFFFFFFFFFFFFFFFFFFFFFFFFFFFB0
:10105000FFFFFFFFFFFFFFFFFFFFFFFFFFFFFFFFA0
:10106000FFFFFFFFFFFFFFFFFFFFFFFFFFFFFFFF90
:10107000FFFFFFFFFFFFFFFFFFFFFFFFFFFFFFFF80
:10108000FFFFFFFFFFFFFFFFFFFFFFFFFFFFFFFF70
:10109000FFFFFFFFFFFFFFFFFFFFFFFFFFFFFFFF60
:1010A000FFFFFFFFFFFFFFFFFFFFFFFFFFFFFFFF50
:1010B000FFFFFFFFFFFFFFFFFFFFFFFFFFFFFFFF40
:1010C000FFFFFFFFFFFFFFFFFFFFFFFFFFFFFFFF30
:1010D000FFFFFFFFFFFFFFFFFFFFFFFFFFFFFFFF20
:1010E000FFFFFFFFFFFFFFFFFFFFFFFFFFFFFFFF10
:1010F000FFFFFFFFFFFFFFFFFFFFFFFFFFFFFFFF00
:10110000FFFFFFFFFFFFFFFFFFFFFFFFFFFFFFFFEF
:10111000FFFFFFFFFFFFFFFFFFFFFFFFFFFFFFFFDF
:10112000FFFFFFFFFFFFFFFFFFFFFFFFFFFFFFFFCF
:10113000FFFFFFFFFFFFFFFFFFFFFFFFFFFFFFFFBF
:10114000FFFFFFFFFFFFFFFFFFFFFFFFFFFFFFFFAF
:10115000FFFFFFFFFFFFFFFFFFFFFFFFFFFFFFFF9F
:10116000FFFFFFFFFFFFFFFFFFFFFFFFFFFFFFFF8F
:10117000FFFFFFFFFFFFFFFFFFFFFFFFFFFFFFFF7F
:10118000FFFFFFFFFFFFFFFFFFFFFFFFFFFFFFFF6F
:10119000FFFFFFFFFFFFFFFFFFFFFFFFFFFFFFFF5F
:1011A000FFFFFFFFFFFFFFFFFFFFFFFFFFFFFFFF4F
:1011B000FFFFFFFFFFFFFFFFFFFFFFFFFFFFFFFF3F
:1011C000FFFFFFFFFFFFFFFFFFFFFFFFFFFFFFFF2F
:1011D000FFFFFFFFFFFFFFFFFFFFFFFFFFFFFFFF1F
:1011E000FFFFFFFFFFFFFFFFFFFFFFFFFFFFFFFF0F
:1011F000FFFFFFFFFFFFFFFFFFFFFFFFFFFFFFFFFF
:10120000FFFFFFFFFFFFFFFFFFFFFFFFFFFFFFFFEE
:10121000FFFFFFFFFFFFFFFFFFFFFFFFFFFFFFFFDE
:10122000FFFFFFFFFFFFFFFFFFFFFFFFFFFFFFFFCE
:10123000FFFFFFFFFFFFFFFFFFFFFFFFFFFFFFFFBE
:10124000FFFFFFFFFFFFFFFFFFFFFFFFFFFFFFFFAE
:10125000FFFFFFFFFFFFFFFFFFFFFFFFFFFFFFFF9E
:10126000FFFFFFFFFFFFFFFFFFFFFFFFFFFFFFFF8E
:10127000FFFFFFFFFFFFFFFFFFFFFFFFFFFFFFFF7E
:10128000FFFFFFFFFFFFFFFFFFFFFFFFFFFFFFFF6E
:10129000FFFFFFFFFFFFFFFFFFFFFFFFFFFFFFFF5E
:1012A000FFFFFFFFFFFFFFFFFFFFFFFFFFFFFFFF4E
:1012B000FFFFFFFFFFFFFFFFFFFFFFFFFFFFFFFF3E
:1012C000FFFFFFFFFFFFFFFFFFFFFFFFFFFFFFFF2E
:1012D000FFFFFFFFFFFFFFFFFFFFFFFFFFFFFFFF1E
:1012E000FFFFFFFFFFFFFFFFFFFFFFFFFFFFFFFF0E
:1012F000FFFFFFFFFFFFFFFFFFFFFFFFFFFFFFFFFE
:10130000FFFFFFFFFFFFFFFFFFFFFFFFFFFFFFFFED
:10131000FFFFFFFFFFFFFFFFFFFFFFFFFFFFFFFFDD
:10132000FFFFFFFFFFFFFFFFFFFFFFFFFFFFFFFFCD
:10133000FFFFFFFFFFFFFFFFFFFFFFFFFFFFFFFFBD
:10134000FFFFFFFFFFFFFFFFFFFFFFFFFFFFFFFFAD
:10135000FFFFFFFFFFFFFFFFFFFFFFFFFFFFFFFF9D
:10136000FFFFFFFFFFFFFFFFFFFFFFFFFFFFFFFF8D
:10137000FFFFFFFFFFFFFFFFFFFFFFFFFFFFFFFF7D
:10138000FFFFFFFFFFFFFFFFFFFFFFFFFFFFFFFF6D
:10139000FFFFFFFFFFFFFFFFFFFFFFFFFFFFFFFF5D
:1013A000FFFFFFFFFFFFFFFFFFFFFFFFFFFFFFFF4D
:1013B000FFFFFFFFFFFFFFFFFFFFFFFFFFFFFFFF3D
:1013C000FFFFFFFFFFFFFFFFFFFFFFFFFFFFFFFF2D
:1013D000FFFFFFFFFFFFFFFFFFFFFFFFFFFFFFFF1D
:1013E000FFFFFFFFFFFFFFFFFFFFFFFFFFFFFFFF0D
:1013F000FFFFFFFFFFFFFFFFFFFFFFFFFFFFFFFFFD
:10140000814205D051F8043B40F8043B8242F9D8B0
:10141000704700BF044A05494FF0000342F8043BFF
:101420009142FBD8704700BFDCA0002020E10020E3
:101430002DE98848BFF34F8F00BF00BF00BF00BF3A
:1014400020F06EFB684B0822C3F8542100BF00BF98
:1014500000BF00BF00BF00BF00BF00BF00BF00BF94
:1014600000BF00BF00BF00BF00BF00BF5F4A6049B0
:101470006048FFF7C5FF604A60496148FFF7C0FF59
:10148000604CFFF7C7FF4FF470004FF0E0210023DE
:101490005D4AC1F8880D44F823200133B02BFAD1FE
:1014A0005A4B80215A4A03F8011B9342FBD14FF05B
:1014B000E0254D4E4FF08039DFF884B1DFF884A18C
:1014C0004FF0FF31C5F8084D0027C6F80491C6F863
:1014D00000B1C6F8F490C6F8F0A0D5F8243DDFF8C6
:1014E000688143F4E0234B4AC5F8243DD8F81C300A
:1014F00023F07F0343F04003C8F81C30D8F82430B1
:1015000023F07F0343F04003C8F824309166D1668E
:101510001167516720F00CFB3F4B4049A363404BE0
:10152000E36363236B610323AF612B613D4BC5F81C
:10153000203DD5F8FC3D43F08073C5F8FC3D3A4BA7
:101540001A6842F001021A605B680B6020F03AFDF5
:10155000C6F804913548C6F800B1C6F8F490C6F84C
:10156000F0A020F0EDFED8F86C10314B314A41F478
:101570004051C8F86C101F60C3F80871C3F81871A7
:10158000C3F82871C3F83871936BDB0708D442F6AF
:101590001563294951651365936B43F00103936308
:1015A000244A264C936843F00113936020F048FBD3
:1015B00020F08CFA20F09CFE20F032FD20F0B2FAF0
:1015C0002368132BFCD920F0C3FD2368B3F5967F65
:1015D000FBD320F0ABFA20F0A7FA20F095FE20F024
:1015E00077FE30BFFDE700BF00800D4048B6010028
:1015F00070EE026000000000C07A0020BCA404600D
:1016000000000020007800209D04010000E400E0BC
:10161000A0E400E000C00A40CD17010098E00020DF
:10162000D117010000002020001000E08074D21AC1
:101630000040084000400D400000C0569CE00020E3
:101640001B1018200C0D111300C00F40054B4FF458
:101650002A01054A05485A641864054A9963954663
:10166000FFF7E6FE00C00A40FFAAAAAA0700200072
:101670000000062043690A4A03EB011010B4037A04
:10168000084C02EB0313D3E901321460C2681A60FC
:1016900003690BB142691A605DF8044B704700BFE3
:1016A000DC27002061F801004369027E03EB02128F
:1016B00092F808C08C451CD01A7AFF2A19D09142A2
:1016C00010B5044616D01A7EFF2A06D00121D3E9B0
:1016D000002312681A4201D1217610BD064B052263
:1016E000204603EB0C135B681A60FFF7C3FF2176FB
:1016F000F3E770470021EAE7DC27002043690A4A44
:1017000003EB011010B490F82830084C02EB0313DF
:10171000D3E901321460C26A1A60036B0BB1426BE9
:101720001A605DF8044B7047DC27002061F8010067
:101730004369427E03EB021292F828C08C451ED00A
:1017400093F82820FF2A1AD0914210B5044617D0EA
:1017500093F83820FF2A06D00121D3E9002312682C
:101760001A4201D1617610BD064B0522204603EBDB
:101770000C135B681A60FFF7C1FF6176F3E77047EF
:101780000021EAE7DC270020164942698B6B23F42D
:101790007C0343F4802370B58B630446124DD2E979
:1017A00000130A681A4303690A60022200211A61C1
:1017B0000E4A19619A6401225A629D624FF43035D3
:1017C000DD624FF001159E6C1E6519629D651A6100
:1017D000017EFFF74FFF617E2046BDE87040FFF7B6
:1017E0008DBF00BF00C00F40B80B05053B3728195F
:1017F0004FF48C72002120F09FBD00BF18B14FF450
:101800008C7110F007BC7047C02A2DE9F04131D02F
:10181000B2F5807F05D0802A2AD06FF01F00BDE886
:10182000F0810E26034657090446002243F8086B50
:1018300044F8043F8B78013291F801E004311B0435
:1018400011F804CC11F8015CBA4243EA0E2343EAD2
:101850000C0343EA056344F8043FEBD30C2E0BD092
:101860000E2E4BD00A2E00F0A8800020BDE8F0819B
:101870000A26D7E70C26D5E76C4A0125944602F1E3
:101880001C0E01E05CF8045FC469183050F8081CB5
:10189000E645C4F3072302EB1466134496F8286068
:1018A00093F8283043EA064350F8106C83EA0603A5
:1018B00052FA84F696F8286083EA0663C4F3074672
:1018C000164496F8286083EA062383EA050350F855
:1018D0000C5C83EA0505836050F8043C81EA05014D
:1018E000C560016181EA03030168436183EA010382
:1018F00084EA0304C0E90634C4D1B6E74B4A0126A2
:10190000944602F1180E01E05CF8046F446AE64563
:10191000C4F3072102EB1467114497F8287091F87B
:10192000281041EA0741876881EA070152FA84F7E3
:1019300097F8287081EA0761C4F30747174497F8BE
:10194000287081EA0721D0E9035381EA060185EA7C
:1019500001058162416983EA0503C5628569036304
:1019600083EA010352FA83F1436391F8281081EA74
:10197000050102EB136595F8285081EA0561C3F370
:101980000725C3F307431544134495F8286093F8DB
:10199000285081EA062383EA0543D0E9075183638F
:1019A00000F1200085EA030581EA0501C56184EAAA
:1019B0000104C0E90814A7D157E71C4A4FF0010EF3
:1019C000144602F1240C01E054F804EF4169A445E7
:1019D0000669C1F3072302EB1168134498F82880C5
:1019E00093F82830D0E9025743EA084352FA81F8C5
:1019F00000F1100083EA050398F8285083EA056394
:101A0000C1F30745154495F8285083EA052383EA76
:101A10000E0387EA0307836086EA0706C76081EA48
:101A20000601C0E90461CFD11FE700BF482402606E
:101A30002DE9F04FC9B0054616460C464FF48C729E
:101A4000002102A820F078FC05F108033246214667
:101A500002A86B60FFF7D8FE8046002868D1029B81
:101A600005F1180A039A4FEA031B591E02EB0319EA
:101A70002B6052F80B300029A9F110090E46AB601B
:101A8000D9F814300191EB60D9F818302B61D9F8EE
:101A90001C306B613CDD28354F462A4AA5F1100EFB
:101AA0003C1F54F8043F02EB136C52FA83F19CF88C
:101AB00028C091F8281002EB8C0C02EB8101DCF8B5
:101AC0002805C3F3072CC3F30743D1F82811944426
:101AD000134441409CF828C093F8283002EB8C0C4A
:101AE00002EB8303DCF82809D3F8283D4140594034
:101AF0004EF8041BAE45D4D1013EA7F110070EF1FC
:101B00001005CBD1019BCBF1100B0AEB031AD94482
:101B1000D9F80030CAF80030D9F80430CAF80430D7
:101B2000D9F80830CAF80830D9F80C30CAF80C30A7
:101B300002A84FF48C7110F06DFA404649B0BDE830
:101B4000F08F00BF48240260D0E900032DE9F04F78
:101B5000401087B04F68441E039218680A68002C32
:101B6000D1F8089082EA00025868C96887EA00073D
:101B70009868049489EA0009D86881EA000103F1B1
:101B80001000029040F32E8203F1300CA346EA4B82
:101B90004E46D0B25CF8204C0D0EBBF1010B03EBAE
:101BA00080000CF1200C5FFA87FE006B03EB8505CB
:101BB00003EB8E0ED5F8305480EA0400DEF8309046
:101BC0005FFA81FE80EA0500C7F3072503EB8E0E5E
:101BD00003EB8505DEF830404FEA126ED5F8305839
:101BE00003EB8E0E019480EA0500C6F30745DEF88C
:101BF00030A44FEA176E03EB85055CF83C4C03EB11
:101C00008E0EC7F30747D5F8305C89EA0404DEF886
:101C100030844FEA166E80EA0500F5B2C6F3072657
:101C200084EA0A0403EB850503EB86062D6B03EBC0
:101C30008E0ED6F8306803EB8707DEF830E484EACE
:101C400006095CF8386C019C85EA06055CF8346C82
:101C5000D7F8307C86EA040685EA080586EA0E068F
:101C6000C1F3072EC1F3074103EB8E0E03EB810195
:101C7000DEF830E8D1F8301C85EA0E0589EA010467
:101C8000C2F30721C2F3074203EB8101C4F3072E1D
:101C900003EB8202D1F8301803EB8E0ED2F8302C11
:101CA00081EA0601DEF8306885EA0205C2B281EAFF
:101CB000070103EB82024FEA1167126B5FFA81F8AA
:101CC00003EB870703EB8808D7F8307482EA070232
:101CD0005CF8307C82EA0702C5F3074782EA060215
:101CE000E6B203EB870703EB8606D7F830EC376BD9
:101CF0004FEA106682EA0E0203EB8606D6F83064DD
:101D000087EA06075CF82C6C87EA0607C5F3072606
:101D100003EB8606D6F8306887EA0607C1F3074664
:101D2000C1F3072103EB860603EB8101D6F8306C83
:101D300087EA0607EEB24FEA156503EB860603EB6A
:101D4000850E4FEA1465366BD1F83018C4F307449A
:101D500003EB8505D8F8308003EB8404D5F83054C4
:101D6000D4F8304C86EA05065CF8285C86EA05065D
:101D7000DEF8305486EA0106C0F30741C0F30720BD
:101D800088EA050503EB810103EB8000D1F8301CE4
:101D9000D0F8300886EA01065CF8241C81EA0501C7
:101DA00081EA000181EA04017FF4F3AE0298B146B2
:101DB000049C00EB44100290F8B2140E03EB800078
:101DC00003EB8404006B4FEA1965D4F830444FEA02
:101DD000116C03EB850560405FFA89F4D5F8305447
:101DE00003EB8C0C03EB8404266B3C0E03EB8404A6
:101DF000D4F830446640CCB203EB8404246B6C40CE
:101E0000D5B203EB8505D5F830E0DCF83054C9F3E2
:101E1000072CC9F307498EEA0505C1F3072EC1F364
:101E2000074103EB8C0C03EB890903EB8101DCF820
:101E300030A8D9F830CC03EB8E0ED1F8309CC2F329
:101E40000721C2F30742DEF8308803EB810103EB80
:101E50008202D1F83018D2F830EC029A5268504021
:101E6000029A926880EA0A005640029A80EA0900C3
:101E7000D26886EA08065440C7F30722C7F307472B
:101E800086EA0E0603EB82024C4003EB8703D2F88E
:101E90003028D3F8303C5C40029B1B685D40274BE8
:101EA0005540C0F3072203EB166A1A4485EA0C0575
:101EB00092F828C0C6F307421A4492F82890C6F355
:101EC00007221A4492F82810C4F3074204911A44D6
:101ED00003EB146192F8287053FA85F291F828E028
:101EE00053FA80F1059703EB106792F82820C0F3AE
:101EF000074091F828B003EB1561184491F82810B9
:101F000090F82800019153FA86F1029E91F82880FA
:101F100053FA84F13669C4F3072491F8281072400B
:101F20001C4482EA0E6282EA0C2282EA0946029A84
:101F300052698BEA020B03E04035026048240260DC
:101F4000019A8BEA026B049A8BEA022B059A8BEAC0
:101F5000024B029A926988EA020897F8282088EAD8
:101F60000268029AD26951409AF8282081EA0261F7
:101F700094F82820039C88EA0228C5F30722C5F3B9
:101F8000074526701A4484F804B02B4492F82820A0
:101F900093F8283081EA0221320A88EA034362700A
:101FA000320C81EA00412372A2704FEA1B22180C06
:101FB000217362714FEA1B42360EA2714FEA1B6B0E
:101FC0001A0AE6701B0E84F807B062720A0AA07241
:101FD0000020E3720B0C090E6273A373E17307B068
:101FE000BDE8F08F004BE7E6403502602DE9F04791
:101FF0000A9F984681461C68DDE90865A1B172B167
:1020000005EB020A4CB3325D631C15F8011B4A4014
:10201000554507F8012B325503F00F04F2D100208B
:10202000C8F80040BDE8F087002AF8D005EB020AA6
:102030006CB1325D611C15F8013B5A40554507F8FB
:10204000012B335501F00F04E9D0002CF1D13246B9
:1020500031464846FFF778FDEBE7324631464846C1
:10206000FFF772FDCFE700BF2DE9F04387B00E9D6B
:10207000CAB31C460F9B05EB020881460F4601358B
:102080005E1C16E08DF8142006F8013CDDF805C052
:102090006B1CDDF809004545DDF80D1006F1010661
:1020A000DDF811201D46C4F800C06060A160E26048
:1020B00019D020680DF1040C6168A268E368ACE8EF
:1020C0000F00224621464846FFF73EFD15F8012C39
:1020D00023785340002FD5D0012F06F8013C08BFCC
:1020E0008DF81430D2E7002007B0BDE8F08300BFC0
:1020F0002DE9F84F92460A9ADAF800500F2DDDE9E3
:102100000B6727D879B18346984606EB01097DB164
:10211000535D013516F8011B05F00F054B40B14525
:1021200007F8013BF3D10020CAF80050BDE8F88F52
:10213000414658460A92FFF707FD08F110030A9A34
:1021400013F8014D0134E4B21C70002CE0D1984525
:10215000F6D1DDE76FF02000E8E700BF2DE9F04F92
:1021600085B08E68D1F80C800292D0E9002308680F
:1021700052105C68551E1A6850404A689968002DD4
:1021800082EA0402039586EA0106D96888EA010812
:1021900003F11001019140F3348203F1300EAB469C
:1021A000ED4B0092009AC4B25EF8201CBBF1010B0B
:1021B0004FEA12650EF1200E03EB840403EB850554
:1021C000D4F82841D7B2D5F8285584EA010403EBA6
:1021D000870784EA0504C8F30725D7F828115FFAB2
:1021E00088F703EB850503EB8707D5F82859D7F85F
:1021F000287184EA0504C6F307453A464FEA166794
:1022000003EB850503EB8707D5F8285DD7F828A5EC
:1022100084EA0504F5B2C6F3072603EB850503EB54
:102220008606D5F82851D6F828C94FEA1866C8F3AB
:10223000074803EB860603EB8808D6F828954FEA93
:102240001066D8F8287D03EB8606D6F828855EF858
:102250003C6C81EA06015EF8386C85EA06055EF89A
:10226000346C81EA0A0186EA0206009A85EA0905C9
:1022700086EA080686EA0C06C0F3072CC0F307407E
:1022800003EB8C0C03EB8000DCF828C981EA0C011D
:10229000D0F828CDC2F30720C2F3074281EA070134
:1022A00003EB800003EB8202D0F82809D2F8287DE6
:1022B0004FEA116285EA0005E0B287EA060703EB00
:1022C000820203EB800085EA0C05D2F82825C7F3CB
:1022D000072CD0F82801C5F3074603EB8C0C80EAE5
:1022E00002005EF8302C80EA020003EB8602DCF884
:1022F00028694FEA176CD2F8282D80EA06004FEAC9
:10230000156603EB8C0C80EA0200CAB203EB86066A
:1023100003EB8202D6F82865D2F8282182EA060269
:102320005EF82C6C82EA0602C4F3072603EB8606ED
:10233000D6F8286982EA0602C7F30746FFB203EB24
:10234000860603EB8707D6F8286D82EA0602EEB20E
:10235000C5F3072503EB86060092DCF828C503EBDE
:102360008505D6F82861D7F8288186EA0C064FEA59
:10237000146CC4F307445EF8282C03EB8C0CD5F8DE
:10238000285903EB840486EA0206DCF8287588EAFB
:102390000708D4F8287DC1F30724C1F3074103EBF4
:1023A000840403EB8101D4F82849D1F8281D86EA7A
:1023B00004065EF8244C88EA040886EA070688EAE0
:1023C000050888EA01087FF4EDAE039CDDE90021F1
:1023D00001EB44110191C1B2C6F3072A4FEA166C12
:1023E00003EB810103EB8C0CD1F82851110E03EBA8
:1023F0008A0A03EB8101D1F828154D40F1B2C6F3EA
:10240000074603EB8101D1F828414FEA186103EB3D
:102410008101D1F828154C405FFA88F103EB810166
:10242000D1F82871010E03EB8101D1F828154F4036
:10243000D1B203EB8101D1F828E1DCF82815C8F30B
:10244000072CC8F307488EEA010B0199C2F3072E47
:10245000C2F3074203EB8C0C096803EB880803EB1B
:102460008E0EDCF8289903EB8202D8F828CD4D4077
:10247000DEF82889D2F828ED03EB8602019985EA77
:102480000905D2F8282DDAF8286955408A685440A1
:10249000CA685740C0F30722C0F3074084EA080423
:1024A00003EB8202774003EB800387EA0E07D2F842
:1024B0002829D3F8280D4B6860408BEA0301274B8D
:1024C0005140C7F307221A4481EA0C0103EB176C51
:1024D00012F8C8ECC0F3074203EB11641A4414F875
:1024E000C88C53FA81F412F8C89CC5F3072214F87B
:1024F000C8BC03EB10641A4414F8C8AC53FA80F457
:1025000012F8C82CC0F307200092C7F3074253FA11
:1025100087F718441A4412F8C86C53FA85F20396E8
:1025200012F8C82C14F8C86C019C17F8C87C2469F0
:1025300010F8C80C624082EA086282EA0E2282EA3F
:102540000944019A52698BEA020E009A8EEA0A6ED9
:102550008EEA022E039A03E04824026038460260A5
:102560008EEA024E019A926956401CF8C82C86EAFF
:102570000266019AD2695740029A147082F804E008
:10258000C1F30722C1F307411A44194412F8C82CB9
:1025900086EA022211F8C86C03EB1561C5F3074502
:1025A00011F8C81C2B4487EA016113F8C83C81EA82
:1025B0000021029882EA0343220A81EA064103725B
:1025C0004270220C240E017382704FEA1E22C470E6
:1025D000044642714FEA1E424FEA1E6E82711A0A89
:1025E00080F807E04272180C1B0E0A0AA072E37210
:1025F00000200B0C6273090EA373E17305B0BDE8F4
:10260000F08F014BE7E600BF482402608C4611467C
:102610001A46BCF1010F01D0FFF7A0BDFFF794BA35
:102620002DE9F047140784B0DDE90C8A6AD106462B
:102630000C461D4699BB72B30AF10F0A5F1E02EBEE
:102640000A09D8F80000EC46D8F80410D8F8082099
:10265000D8F80C30ACE80F00AAF10F024146304622
:10266000FFF77CFDAAF110023B4612F8011F13F898
:10267000010F924581EA00011170F6D1EC460AF192
:10268000100A08F11008D145BCE80F002860696005
:10269000AA60EB60D5D1002004B0BDE8F087002A25
:1026A000F9D008F10F085F1E02EB0809A8F110032A
:1026B00039460AF1FF3213F801CF11F8010F4345F3
:1026C0008CEA000C02F801CFF5D1012C524651469C
:1026D000304614D0FFF742FD08F11008DAF8000088
:1026E000DAF804100AF1100A5AF8082CC1455AF811
:1026F000043C28606960AA60EB60D7D1CBE7FFF7A4
:1027000023FAE9E76FF02100C6E700BFFFF71CBA24
:10271000FFF724BD2DE9F04FF7B0202200218346BA
:102720000DF1600A20ACDFF8489350461FF004FE1C
:1027300000214FF48C7230A888461FF0FDFD4FEA4F
:10274000680708F00106BD1CAD01BBF1000F08D001
:10275000B84A2946B84B4846002E18BF1A461FF003
:10276000BFFD00232A46514630A8C4E90033C4E91E
:102770000233002E40F05881FFF75AF9AF4B03EBBC
:10278000071710F1230F40F02E81C02D40F02B8150
:10279000AB481FF08DFD08F10108B8F1060FCED14E
:1027A000BBF1000F40F096810023CDF810B00DF181
:1027B00020090CAD9B464FEA6B07049B0BF0010808
:1027C000BE1CB6014BB19B4A31469B4B9D48B8F1AC
:1027D000000F18BF1A461FF083FD002332465146F2
:1027E00030A8C9E90033C9E90233C5E90033C5E9B6
:1027F0000233C4E90033C4E90233B8F1000F00F03A
:102800003981FFF701F8904B10F1230F03EB071309
:10281000059340F03981C02E40F0368188481FF082
:1028200047FD0BF1010BBBF1060FC4D1DDF810B071
:10283000BBF1000F40F07481844B0027A3F5807337
:1028400004937D1007F00108AE1CB601BBF1000F28
:1028500009D0794A3146774B7D48B8F1000F08BF5F
:102860001A461FF03DFD7B4B0FCB89E80F00774BDD
:10287000F208504603EB45111FF042FD002332469B
:10288000514630A80793FEF7BFFF10F1230F02D186
:10289000C02E00F02381002840F0C480B8F1000F62
:1028A00040F024816C4BA44603EB851505F5CC76EE
:1028B000049D0FCEACE80F000FCEACE80F000FCE9A
:1028C000ACE80F0096E80F008CE80F00414607AB1C
:1028D000402230A8CDF80090CDE90144FFF786FBF7
:1028E000002840F09F802946402220461FF0D4FC5B
:1028F000002840F08980BBF1000F40F00D810137C6
:10290000062F9ED1BBF1000F40F03581524B0027BE
:1029100010AE03F5317304937D1007F00109BBF18C
:10292000000F08D04349444B4C48B9F1000F18BF81
:1029300019461FF0D5FC484B494A03EB051302EB3F
:10294000051C002203F5167307920FCB86E80F00D3
:102950009CE80F008AE80F008022514630A8FEF75D
:1029600053FF0346002850D13B4B05EB4501204661
:1029700003EB85030D01D3F8B8824246B9F1000F8D
:1029800040F0D280049B03EB01111FF0B9FC354BE2
:102990001D4414AB07AA414630A800933346CDE945
:1029A0000144FFF7A5FB034678BB42462946204673
:1029B0001FF072FC034638BBBBF1000F40F0BC8037
:1029C0000137062FA8D1BBF1000F40F0EF805B4626
:1029D00030A84FF48C7104930FF01CFB049B184635
:1029E00077B0BDE8F08FE8B942F210752246214673
:1029F00030A89EB9FFF7B2FBA0B9013DF6D122681D
:102A00003B689A4200F09E800123BBF1000FDFD0AB
:102A1000154804931FF04CFC049BD9E7FFF794F88A
:102A20000028EAD00346F0E7FEF7EEFE0F4B03EB7B
:102A30000717A6E6502D0020542D0020B046026056
:102A4000702D0020802D00204047026070470260FA
:102A5000982D0020AC1C002038460260B02D0020CC
:102A6000C04802608C490260C82D0020E046026028
:102A7000582D0020FEF7DCFF4F4B10F1230F03EB26
:102A8000071305933FF4C7AE60BB42F2107714AE54
:102A9000B8F1000F0BD095E80F0086E80F0094E81E
:102AA0000F0085E80F0096E80F0084E80F004B4602
:102AB0001022414630A8CDE90044FFF7B1FD88B9A6
:102AC000013FE5D1059B22681B689A4257D0DDF88B
:102AD00010B099E70A201FF0F3FB65E637481FF0B6
:102AE000E7FB0CE70346DDF810B08EE7DFF8DCE02B
:102AF000A446334DBEE80F00ACE80F00BEE80F005F
:102B0000ACE80F00BEE80F00ACE80F009EE80F0035
:102B100035448CE80F00D9E62A481FF0C9FBEEE6E1
:102B20000A201FF0CDFB87E6274B03EB01111FF0B6
:102B3000E7FB049B1D442CE7059022481FF0B8FBDF
:102B4000059B3DE77B680437219A9A427FF45CAF8E
:102B5000229A57F8043F9A427FF456AF7A68239B33
:102B600093427FF451AFBBF1000F3FF414AE154810
:102B70001FF09EFB0FE60A201FF0A2FBC6E6059B96
:102B800021995A6804339142A1D1229953F8042F14
:102B900091429CD15B68239A9A4298D1049B002B66
:102BA0003FF43FAE07481FF083FB3AE60A20049348
:102BB0001FF086FB049B0BE710470260702D00207E
:102BC00050470260782D00208C490260D02D0020F3
:102BD000036830B4CD1A002D3FDD93F900C01C7896
:102BE000BCF1000F09DB5D1C05601C781460491BFB
:102BF000A14232D3002030BC704704F07F04013C76
:102C0000032C2DD8DFE804F022180B02042D24DD5C
:102C1000D3F801405D1D24BA14600560E7E7032D79
:102C20001BDD9C785D78240244EA0544DD782C4362
:102C30001D1D14600560DAE7022D0EDDB3F80140BA
:102C4000DD1C64BAA4B214600560D0E7012D04D085
:102C50005C789D1C14600560C9E76FF05F00CAE7EF
:102C60006FF06300C7E700BF10B50468A1EB040E66
:102C7000BEF1000F0CDD94F800E09E4505D1013453
:102C80000460BDE81040FFF7A3BF6FF0610010BD06
:102C90006FF05F0010BD00BF0368A1EB030CBCF137
:102CA000000F1FDD30B515461A7883B0012A13D105
:102CB000013301AA04460360FFF78AFF50B9019B64
:102CC000012B0CD1236813F8012B003A18BF012205
:102CD0002A60236003B030BD6FF06100FAE76FF047
:102CE0006300F7E76FF05F00704700BF036830B51F
:102CF0001546CA1A83B0002A25DD1A78022A1CD18B
:102D0000013301AA04460360FFF762FF98B9019AF4
:102D1000531E032B14D8236893F9001000290FDBEE
:102D20001A440146286013F801CB4CEA0121934272
:102D300029602360F7D103B030BD6FF06100FAE77E
:102D40006FF06300F7E76FF05F00F4E70368A1EB53
:102D5000030CBCF1000F28DD93F800C0BCF1030F99
:102D60001AD1013370B5036004460E46FFF730FFF9
:102D700088B91368154693B12268591E29601178E5
:102D8000072929710ED813440132B342AA60236087
:102D900018BF6FF0650070BD6FF0610070476FF095
:102DA0005F0070BD6FF0630070BD6FF05F00704733
:102DB00038B50368A1EB030CBCF1000F1DDD93F8DF
:102DC00000C0BCF1030F15D1013304460360FFF7C7
:102DD000FFFE58B913681546012B03F1FF322A6034
:102DE00005D923685A1C22601B7803B938BD6FF0DF
:102DF000670038BD6FF0610038BD6FF05F0038BD0F
:102E00002DE9F04798460368174682B0CA1A002A8F
:102E100046DD1A78302A2ED1013301AA06460D4626
:102E20000360FFF7D5FE814638BB3468019B23441D
:102E30009D422AD107F1040A0BE0C6F800E0FFF733
:102E4000C7FE80BB33687C68BB601C44AC42346006
:102E50001ED3A54204F1010EA5EB040352462946F8
:102E600030460ED994F800C0002BC7F800C017DD1B
:102E700023789845E1D06FF06109484602B0BDE87B
:102E8000F0874FF00003FB60F7D06FF06509F4E7BF
:102E9000102101201FF048FAF86030B10746C9E759
:102EA0006FF05F09E9E78146E7E76FF06909E4E75A
:102EB0000368A1EB030CBCF1000F1ADD70B51546D9
:102EC0001A7882B0022A11D1013301AA04460360A4
:102ED000FFF77EFE40B9019E28462168324601F088
:102EE0000DF923683344236002B070BD6FF06100B8
:102EF000FAE76FF05F0070472DE9F04104689846EB
:102F000082B00B1B002B50DD2378302B4AD10134CB
:102F1000174601AA054604600E46FFF759FE04460F
:102F2000002836D12C68361B002E3EDD23783A4629
:102F300042F8043B019B002B04EB030635DD2378AC
:102F4000062B2FD10134314628462C60FFF740FE76
:102F50000446F0B92A687968BA605318B3422B6006
:102F60001BD0515C01334246284642F8041B3146CF
:102F70002B60FFF72DFE044658B92B68D8F80420C3
:102F8000C8F808301344B3422B600CBF04466FF0FE
:102F90006504204602B0BDE8F0810C2140460FF0E8
:102FA00039F8F6E76FF06104F3E76FF05F04F0E7DC
:102FB00000B5002385B0CDE90133039301ABFFF7E2
:102FC0009BFF40B9019B052B00D03BB9029B002B16
:102FD00018BF6FF0670005B05DF804FB6FF0670085
:102FE000F9E700BF70B5044670B10E46154601E022
:102FF000A4694CB16368AB42FAD1A0682A46314655
:103000001FF04AF90028F3D1204670BD68B110B511
:10301000044680681FF080F960691FF07DF9204642
:103020002021BDE810400EF0F5BF704738B50468A8
:1030300094B10546A369A0682B601FF06DF9606923
:103040001FF06AF9204620210EF0E4FF20461FF011
:1030500063F92C68002CEDD138BD00BF7F2A0346F0
:1030600030B40AD80468611A002967DD611E0120A6
:10307000196004F8012C30BC70470068FF2AA0EBEF
:1030800001010ED8012959DD441E81211C6000F880
:10309000012C1A68501E1860022002F8011C30BC76
:1030A0007047B2F5803F1DD3B2F1807F2FD2032944
:1030B00044DD411E196000F8012C100A1968120C39
:1030C0004C1E1C60832401F8010C042019684D1E5D
:1030D0001D6001F8012C1A68511E196002F8014C9C
:1030E00030BC7047022929DD411E196000F8012C0F
:1030F000120A1968481E1860032001F8012C822169
:103100001A68541E1C6002F8011C30BC7047042968
:1031100014DD411E196000F8012C100A19684C1EBC
:103120001C6001F8010C100C1968120E4C1E1C607A
:10313000842401F8010C05201968C8E76FF06B00C2
:1031400099E700BF10B40468611A002908DD03463E
:10315000611E0120196004F8012C5DF8044B7047D2
:103160006FF06B00F9E700BF10B51C4603688B4297
:103170000CD3A3EB010CA44508D31B1B114622461C
:10318000036018461FF0BCF8204610BD6FF06B00BE
:1031900010BD00BFF8B5054610460C46164600F0B7
:1031A000A7FF2B68A34237D3191B0746814233D3AD
:1031B000191A02463046296001F008F80346C8B9DA
:1031C0003268012A04D12A6892F90010002913DB21
:1031D0003A4621462846FFF741FF031E0ADB2868CE
:1031E0007A1C011B002917DD411E134402222960AD
:1031F00000F8012C1846F8BD111B00290CDD511EEA
:1032000001372960214602F8010C3A462846FFF7AB
:1032100025FF031EE3DAEDE76FF06B03EAE700BF7B
:1032200002680346501A002815DD002010B4541E11
:103230001C6002F8010C1A68511A814208DD541E04
:10324000052102201C6002F8011C5DF8044B704748
:103250006FF06B00F9E76FF06B00704770B50646D2
:1032600000680D4681421ED81146421B1C469342FF
:1032700019D8C01A1A4630601FF042F8201E11DB20
:10328000024629463046FFF7E9FE00280ADB33688C
:1032900001345D1B002D06DD591E204431600621DE
:1032A00003F8011C70BD6FF06B0070BD70B5049E1B
:1032B00004460D468EB90168481B002827DD481ECC
:1032C000206001F8016C2168481B00281FDD481EA2
:1032D00002262060052001F8010C29462046FFF750
:1032E000BDFF002812DB0644294620463246FFF780
:1032F000B5FE00280ADB236801365D1B002D06DDC4
:103300005A1E30442260302203F8012C70BD6FF049
:103310006B0070BD03460068A0EB010CBCF1000F10
:1033200021DD003A18BF012210B45242441E1C6035
:1033300000F8012C1A68501A002811DD501E4FF0B9
:10334000010C186002F801CC1A68511A002907DD37
:10335000511E0320196002F801CC5DF8044B704740
:103360006FF06B00F9E76FF06B007047036870B5A2
:103370000D46591A002929DD591E002A044601600C
:1033800003F8012C04DD036893F90020002A13DB05
:103390000126324629462046FFF760FE00280ADB58
:1033A000236801365D1B002D10DD5A1E304422605B
:1033B000022203F8012C70BD5A1B002A06DD591E9B
:1033C00000220226016003F8012CE2E76FF06B0097
:1033D00070BD00BF70B5064600680D4681421ED81C
:1033E0001146421B1C46934219D8C01A1A46306037
:1033F0001EF086FF201E11DB024629463046FFF7ED
:103400002DFE00280ADB336801345D1B002D06DD2C
:10341000591E20443160132103F8011C70BD6FF068
:103420006B0070BD70B5064600680D4681421ED81F
:103430001146421B1C46934219D8C01A1A463060E6
:103440001EF05EFF201E11DB024629463046FFF7C4
:1034500005FE00280ADB336801345D1B002D06DD04
:10346000591E20443160162103F8011C70BD6FF015
:103470006B0070BD2DE9F04113F0070406460068AB
:103480000F4618BF0124884204EBD30428D31D46FD
:1034900004F10108431A434522D3001B114622467A
:1034A000C5EBC40530601EF02BFF33684246394639
:1034B00003F1FF3C3046C6F800C003F8015CFFF79B
:1034C000CDFD00280ADB33680234DF1B002F07DD47
:1034D0005A1E20443260032203F8012CBDE8F0811B
:1034E0006FF06B00FAE700BF70B5064600680D4646
:1034F00081421ED81146421B1C46934219D8C01A5D
:103500001A4630601EF0FCFE201E11DB02462946E2
:103510003046FFF7A3FD00280ADB336801345D1B4A
:10352000002D06DD591E20443160042103F8011CE2
:1035300070BD6FF06B0070BD2DE9F0470646006866
:1035400089461D461746DDF82080FFF74BFDC0B1C8
:1035500003690446434508D325B1424629466069BC
:103560001EF0CEFE2046BDE8F087414601201EF049
:10357000DBFE064620B360691EF0CEFEC4E9048679
:10358000EAE7202101201EF0CFFE0446C0B14760CB
:10359000394601201EF0C8FE8246A060D0B13A46EE
:1035A00049461EF0ADFE41460120C4F810801EF0D1
:1035B000BBFE0746606128B133683460A361CBE786
:1035C0000024CFE750461EF0A7FE20461EF0A4FEC2
:1035D0003C46C7E7204654461EF09EFEC2E700BFA9
:1035E0002DE9F047DDF82090B9F1000F70D04C4D77
:1035F000A5FB094525F0010808EB5508B9EB0804BF
:1036000018BF012404EB5504B4F1804F80F0818091
:10361000A4000134002878D08C4294BF00210121FD
:10362000002972D1B9F1020F6BD903F1030E00F139
:10363000040A3C4F1EF8036C73461EF8025CD44625
:103640001EF8014C4FEA061EB6100AF1040A0EF0ED
:10365000300EBE5D0AF8086CAE0007EB151515F8C4
:103660000EE006F03C0507EB941604F03F040AF860
:1036700007EC03F1030E755D0E4603313C5D0AF85D
:10368000065C88450AF8054CD4D8894508D800233B
:10369000ACEB0001184611608CF80030BDE8F087F3
:1036A0000436B145197818D80B01891003F030039E
:1036B000795CFB5C8CF800100CF103018CF8013094
:1036C0003D238CF802303D238C460CF8013BDEE7AD
:1036D0004846C2F80090BDE8F0870C015B7889107D
:1036E00004F03004795C8CF80010990007EB131398
:1036F0001B5D8CF8013001F03C030CF10301FB5C15
:10370000DFE784460126074FCBE76FF029001460FE
:10371000C4E74FF0FF336FF029001360BEE700BF2E
:10372000ABAAAAAA1C4A02602DE9F047089E91465E
:10373000002E00F09B800027554AB846BC460CF18D
:10374000FF3E00249E441EF8015F202D04D10CF1A1
:10375000010C01346645F6D8B4451ED0A6EB0C0525
:10376000012D13F80C5001D00D2D5FD00A2D0FD074
:10377000002C64D13D2D66D02C0660D4154495F8FC
:1037800040407F2C5BD00FB13F2C58D908F1010885
:103790000CF1010C6645D2D86646B8F1000F65D031
:1037A00008F007024FEAD80802EB420408EB480889
:1037B0006400C7EB4802073402EBD40200285ED055
:1037C0008A4294BF00210121002958D14EB3013B08
:1037D00003270D46DFF8B8E003EB060CDFF8B480F2
:1037E000064605E048FA02F2D20708D49C4517D0F5
:1037F00013F8014FA4F10A02D2B2162AF2D9744486
:10380000013594F84020402A08BF013F02F03F02F2
:10381000042D42EA8111E9D1E7B99C453D46E7D143
:10382000361A0020C9F80060BDE8F0870CF1010EDF
:1038300013F80EA0BAF10A0F0AD0002C9ED06FF038
:103840002B00BDE8F0870137022FF8D840249AE713
:10385000F4469FE70A0C012F327015D00A0A022F96
:10386000727009D0B17000250336BFE700231846F7
:10387000C9F80030BDE8F08702360025B6E76FF0E2
:103880002900C9F80020DCE701360025AEE700BFBB
:103890001C4A0260F6FFBFFF10B54024A4B008BB6D
:1038A000284B03AA802104A80094FFF799FEA8B929
:1038B000582204A924481EF0EFFC78B95821224B65
:1038C00003AA04A800918021FFF72EFF30B92246F9
:1038D00004A91C481EF0E0FC044600B10124204667
:1038E00024B010BD19481EF0FBFC164B03AA802122
:1038F00004A80094FFF774FEE0B9582204A9124806
:103900001EF0CAFCB0B912481EF0EAFC58210E4B5A
:1039100003AA009104A88021FFF706FF50B92246B0
:1039200004A908481EF0B8FC044618B909481EF05E
:10393000BFFCD4E7012408481EF0BAFC204624B09E
:1039400010BD00BFDC4A02601C4B0260142E002038
:10395000382E0020302E0020C82D002038B3002340
:10396000A2F1040CF0B59E465CF8045F0EF1010E66
:10397000EC1ACCF8004051F8046BB442A4EB0604F6
:103980002CBF00270127CCF800409D422CBF3B46AE
:103990007B1C7045E8D102EB80023BB11168C81A6C
:1039A00099424FF0010342F8040BF7D3F0BD704782
:1039B000F0B50F2887B04FF00004844601930594BA
:1039C000CDE9022140F2D0808646AEF1100E039878
:1039D0000299059A019B50F8044B4FF000050E68C0
:1039E000E3FB0425B71845F1000241F8047B50F8C9
:1039F000044B4FF000050E68E3FB0425B71845F1B2
:103A0000000241F8047B50F8044B4FF000050E68AB
:103A1000E3FB0425B71845F1000241F8047B50F898
:103A2000044B4FF000050E68E3FB0425B71845F181
:103A3000000241F8047B50F8044B4FF000050E687B
:103A4000E3FB0425B71845F1000241F8047B50F868
:103A5000044B4FF000050E68E3FB0425B71845F151
:103A6000000241F8047B50F8044B4FF000050E684B
:103A7000E3FB0425B71845F1000241F8047B50F838
:103A8000044B4FF000050E68E3FB0425B71845F121
:103A9000000241F8047B50F8044B4FF000050E681B
:103AA000E3FB0425B71845F1000241F8047B50F808
:103AB000044B4FF000050E68E3FB0425B71845F1F1
:103AC000000241F8047B50F8044B4FF000050E68EB
:103AD000E3FB0425B71845F1000241F8047B50F8D8
:103AE000044B4FF000050E68E3FB0425B71845F1C1
:103AF000000241F8047B50F8044B4FF000050E68BB
:103B0000E3FB0425B71845F1000241F8047B50F8A7
:103B1000044B4FF000050E68E3FB0425B71845F190
:103B2000000241F8047B50F8044B4FF000050E688A
:103B3000E3FB0425B71845F1000241F8047B50F877
:103B4000044B4FF000050E68E3FB0425B71845F160
:103B5000000241F8047B059202910390BEF10F0F21
:103B60003FF633AF0CF00F0CBCF1070F68D9ACF186
:103B7000080C03980299059A019B50F8044B4FF0EA
:103B800000050E68E3FB0425B71845F1000241F873
:103B9000047B50F8044B4FF000050E68E3FB04254E
:103BA000B71845F1000241F8047B50F8044B4FF080
:103BB00000050E68E3FB0425B71845F1000241F843
:103BC000047B50F8044B4FF000050E68E3FB04251E
:103BD000B71845F1000241F8047B50F8044B4FF050
:103BE00000050E68E3FB0425B71845F1000241F813
:103BF000047B50F8044B4FF000050E68E3FB0425EE
:103C0000B71845F1000241F8047B50F8044B4FF01F
:103C100000050E68E3FB0425B71845F1000241F8E2
:103C2000047B50F8044B4FF000050E68E3FB0425BD
:103C3000B71845F1000241F8047B05920291039008
:103C4000BCF1000F15D003980299059A019B50F81A
:103C5000044B4FF000050E68E3FB0425B71845F14F
:103C6000000241F8047B059202910390BCF1010C23
:103C7000E9D1029A059913680B44012142F8043BEB
:103C80000598834234BF0B4600230593F3D307B056
:103C9000F0BD00BF20B1002301228360C0E90023F2
:103CA000704700BF80B110B50446806830B16168CC
:103CB00089000EF0AFF9A0681EF02EFB0023012250
:103CC000A360C4E9002310BD704700BF42F2107327
:103CD000994228D82DE9F04146680C4605468E42A7
:103CE00002D30020BDE8F081042120461EF01CFB19
:103CF0000746A8B1D5F80880B8F1000F0BD0B60080
:103D0000414632461EF0FCFA404631460EF082F93A
:103D1000A8681EF001FB0020C5E90147BDE8F0815D
:103D20006FF00F00DEE76FF00F0070472DE9F041F4
:103D300046688E4230D9731E05468C462AD082686A
:103D400002EB860201E0013B24D052F8044D002C26
:103D5000F9D001339C4564464FF0040138BF1C463E
:103D600020461EF0E1FA0746D0B1D5F80880B8F138
:103D7000000F0AD0A20041461EF0C2FA4046B10030
:103D80000EF048F9A8681EF0C7FA0020C5E90147FF
:103D9000BDE8F0810123DDE7BDE8F041FFF796BF04
:103DA0006FF00F00F4E700BF884233D08A68F8B59F
:103DB00005460E4682B349684B1E1BD002EB8102BA
:103DC00001E0013B16D052F8044D002CF9D05C1CE8
:103DD0006A683368A2422B6012D221462846FFF758
:103DE00075FF30B9A7003A46B168A8681EF088FA96
:103DF0000020F8BD01246A683368A2422B60ECD32E
:103E0000121BA8680021A700920000EB84001EF09E
:103E100093FAE8E7002070470028EAD0806830B1C4
:103E2000696889000EF0F6F8A8681EF075FA00239C
:103E300001221846AB60C5E90023F8BD10B58446E1
:103E400084B000680B46DCF808200DF1040EDCF8A5
:103E500004107446AEE80700186859689A68CCF8F0
:103E60000000CCF80410CCF8082007CC186059608A
:103E70009A6004B010BD00BFF8B50D46496804460D
:103E80001646FFF723FF98BB7342226846EA030CED
:103E90002B686E68CCF3C01CCCF1010E03FB0CF355
:103EA00002FB0E33236086B1A268A968043A043984
:103EB00002EB860751F8043F52F8045F03FB0CF352
:103EC000BA4205FB0E331360F4D16168B1420FD9D9
:103ED000A3686FF0404203EB81013244043903EBE5
:103EE000820353F8042F0EFB02F299421A60F8D1B4
:103EF000F8BD00BF88423DD070B50E464968044603
:103F00001546FFF7E3FE00B170BD61683046FFF76C
:103F1000DDFE0028F8D16A42236830682A436168D0
:103F2000C2F3C012C2F1010C03FB02F503FB0CF358
:103F300000FB02332360336803FB0C533360B9B1D9
:103F4000A368B06803EB8106191F0438043E51F8DA
:103F5000043F50F8045F0CFB03F4B14202FB03F38F
:103F600005FB02440C60046804FB0C330360EED1D3
:103F7000002070BD00207047F8B5456804460F4624
:103F80009DB18668AA00002130461EF0D5F9002FA9
:103F900087EAE771A268B4BF4FF0FF330123A1EBBA
:103FA000E771002011602360F8BD042101201EF09C
:103FB000BBF9064660B1A06828B129460EF02AF880
:103FC000A0681EF0A9F901230422C4E90136DAE74A
:103FD0006FF00F00F8BD00BF4368B1EB431F09D27B
:103FE0004A09836801F01F0153F82200C84000F01D
:103FF0000100704700207047012A1FD8F8B54368B8
:104000000C4615460646B1EB431F4FEA511704D341
:1040100092B1791CFFF75AFE68B904F01F04B16829
:104020000122002051F82730A540A24023EA0203D4
:104030002B4341F82730F8BD1046F8BD6FF0030060
:10404000704700BF10B54468CCB183680020A3F16D
:10405000040C86465CF8041F002203E0202A00F1CD
:10406000010006D021FA02F3013213F00103F5D06A
:1040700010BD0EF1010E7445ECD1184610BD20465E
:1040800010BD00BF436883B35A1E1FD010B48468AC
:1040900004EB830001E0013A15D050F8041D00291B
:1040A000F9D00132500100224FF0004302E001320A
:1040B000202A03D00B424FEA5303F8D0831A5DF84D
:1040C000044B1846704721682020ECE783680022E3
:1040D000202019684FF0004302E00132202A03D06B
:1040E0000B424FEA5303F8D0831A1846704700BFBB
:1040F00008B5FFF7C7FF0730C00808BD12F003037B
:1041000018BF01232DE9F0410F4603EB92044168EB
:1041100015468046A14213D0806830B189000DF069
:1041200079FFD8F808001EF0F7F800230122C8F83C
:104130000830C8E9002342F210739C4242D894BB75
:1041400001214046FFF7C2FD064610B13046BDE8EA
:10415000F081D8F804200146D8F8080092001EF03B
:10416000EBF8D8F8082001231660C8F80030002DBD
:10417000ECD079193046B446344600E010594FEA85
:10418000CC0E11F8013D0CF1010C0EF0180E654536
:1041900003FA0EF343EA000313512CF00304EDD1AC
:1041A0003046BDE8F081042120461EF0BDF848B13C
:1041B0000121C8E901404046FFF788FD0646002876
:1041C000C4D1C6E76FF00F06C0E700BFF8B51746C9
:1041D00005460C46FFF756FF0730B7EBD00F19D353
:1041E000C6083A46002120461EF0A6F886B1E2191C
:1041F000002323F00301A8684FEAC30C013344589D
:104200000CF0180CB34224FA0CFC02F801CDF0D1EA
:104210000020F8BD6FF00700F8BD00BFF8B50F46ED
:104220000646FFF72FFF736838447D0907F01F0427
:10423000B0EB431F39D81F2F19D97268954210D29D
:10424000511B6FF04043B7680B4407EB820207EB4A
:10425000830318689F42A3F1040342F8040DF8D1C8
:104260002A4622B192000021B0681EF065F8D4B150
:104270007268954217D2B368C4F12007002003EB9F
:1042800082066FF040422A44043E03EB820353F857
:10429000041F844601FA04F2B34221FA07F042EA0D
:1042A0000C021A60F3D10020F8BD10F01F0118BFF6
:1042B000012101EB50113046FFF708FD0028BAD06C
:1042C000F8BD00BFF8B544684B0907469C4238D397
:1042D00001F01F0534D01F291CD96FF04042B96886
:1042E000E01A1A44002301EB82020439013352F828
:1042F000046F834241F8046FF8D3002808BF0120FF
:10430000844207D9221ABB680021920003EB800087
:104310001EF012F895B18CB1BE680020C5F12007DF
:1043200006EB840353F8041D044621FA05F29E426D
:1043300001FA07F042EA04021A60F3D10020F8BD46
:104340002DB138460021BDE8F840FFF715BE1F2902
:10435000F4D92846D4E700BF436830B473B182680B
:1043600002EB830201E0013B08D052F8044D002C1F
:10437000F9D04A682AB9012030BC70474A683AB37C
:1043800000238D6805EB820101E0013A17D051F856
:10439000044D002CF9D09342EDD815D38BB1816830
:1043A00005EB830201EB830102E00DD3013B08D052
:1043B00051F8044D52F8040D8442F6D9DBE7002B86
:1043C000E9D1184630BC70474FF0FF3030BC704721
:1043D0001046D1E72DE9F04F87B0154600920193C2
:1043E0005368109A0133049052689A4272D3109B1A
:1043F0000646986800286DD00C46920000211DF0FA
:104400009BFF6368D5F80480434528BF434607EE09
:10441000903A109B9B680293B8F1000F54D0B26899
:1044200008F10107D4F808A00026B900A2F1040998
:1044300003EB87079B460592039159F8045F5A46A0
:10444000DBF800405146DAF8003017EE900A0136EA
:1044500003FB0544019B03FB04F42B46FFF7A8FA7A
:10446000009923465A4689684046FFF7A1FA00237F
:10447000B0454BF8045B47F8043FDED1039B029A3A
:10448000043B1A4402920598DDE902121DF038FF40
:10449000009D049C29462046FFF75EFF002808DBAC
:1044A0004046A268A968FFF759FA002007B0BDE8A6
:1044B000F08F109B40469A68049B9968FFF74EFA6C
:1044C000002007B0BDE8F08F049B9B680593042390
:1044D0000393D8E76FF00300E8E700BF436830B408
:1044E0007BB1826802EB830201E0013B09D052F804
:1044F000044D002CF9D04A683AB90268104630BC25
:1045000070474A68002AF9D000238D6805EB820CB9
:1045100001E0013A1DD05CF8044D002CF9D0934223
:10452000EBD823D302680968002A18DD002924DBB0
:104530008BB1806805EB830100EB830002E01AD3A6
:10454000013B08D050F8045D51F8044DA542F6D95E
:10455000D4E7002BE3D11A4630BC1046704700293F
:10456000E6DD002AE4DA4FF0FF32C7E70A6852427C
:1045700030BC104670475242C0E70122BEE700BF80
:104580000B46012200B585B0002B029283EAE3724C
:1045900001A9CDF80CD0A2EBE372B4BF4FF0FF330A
:1045A0000123CDE90023FFF799FF05B05DF804FB77
:1045B0009042F8B506460D4607D08842144603D00F
:1045C000FFF7F2FB00284CD1254601236C683360CD
:1045D000002C47D0AB6803EB840301E0013C41D0E1
:1045E00053F8042D002AF9D021463046FFF76EFB20
:1045F000002836D1AB680546B268A3F1040C294601
:104600001046036801315CF8047F5B192CBF01255B
:104610000025DB1945F10005A14240F8043BF0D12B
:1046200002EB840245B91BE0136801345B194FF0BB
:10463000010542F8043B13D37368A342F4D8671C06
:1046400030463946FFF742FB58B9B26802EB8402A4
:104650003C4613685B194FF0010542F8043BEBD26E
:104660000020F8BD00213046FFF730FB0028F7D0CE
:10467000F8BD00BF2DE9F041884684B005461146DB
:1046800040461446FFF768FE002839DB0027012367
:10469000AC420397CDE9013726D0A84505D0414665
:1046A0002846FFF781FB064688B9012260682A6028
:1046B00020B3A16801EB800201E0013803D052F879
:1046C000044D002CF9D0AA680026FFF747F93FB146
:1046D0000299384689000DF09DFC38461DF01CFEFD
:1046E000304604B0BDE8F081214601A8FFF75CFB2D
:1046F000039F06460028EAD101ACCEE7A168E2E7B5
:104700006FF00906ECE700BFF8B50F6806461368BE
:1047100007FB03F3002B19DA0D4611461446284611
:10472000FFF71AFE002807DB224629463046FFF72E
:10473000A1FF00B93760F8BD2A4621463046FFF791
:1047400099FF0028F7D17F423760F8BDFFF730FFAF
:104750000028EFD0F8BD00BFF8B50F680646136813
:1047600007FB03F3002B19DD0D46114614462846BE
:10477000FFF7F2FD002807DB224629463046FFF707
:1047800079FF00B93760F8BD2A4621463046FFF769
:1047900071FF0028F7D17F423760F8BDFFF708FFAF
:1047A0000028EFD0F8BD00BF70B5012384B0002A07
:1047B0000E68029382EAE2730546CDF80CD0A3EBB3
:1047C000E2730093B4BF4FF0FF330123019306FB64
:1047D00003F3002B1ADA0C4601A92046FFF7BCFDB3
:1047E000002808DB01AA21462846FFF743FF00B94D
:1047F0002E6004B070BD224601A92846FFF73AFF9B
:104800000028F6D176422E6004B070BD01AAFFF7F1
:10481000CFFE0028ECD004B070BD00BF70B50123FE
:1048200084B0002A0E68029382EAE2730546CDF84E
:104830000CD0A3EBE2730093B4BF4FF0FF3301231E
:10484000019306FB03F3002B1ADD0C4601A9204659
:10485000FFF782FD002808DB01AA21462846FFF762
:1048600009FF00B92E6004B070BD224601A9284698
:10487000FFF700FF0028F6D176422E6004B070BD2D
:1048800001AAFFF795FE0028ECD0ECE72DE9F04FE8
:10489000012389B0884206460293904605934FF063
:1048A0000003CDE90333CDE9063367D046450F4613
:1048B0006DD07D684DB1BB6803EB850301E0013D20
:1048C00003D053F8042D002AF9D0D8F80440002C66
:1048D00052D0D8F8083003EB840301E0013C4BD000
:1048E00053F8042D002AF9D029193046FFF7EEF9C4
:1048F000814620BB01463046FFF73EFB8146F0B9BA
:10490000BCB1D8F80820A300B968043B02EB840BC3
:10491000B26801960E4602EB030A52465BF8043D6C
:1049200031462846FFF744F8013CAAF1040AF4D1C5
:10493000019E3B68D8F8002002FB03F33360079C1C
:104940003CB10699204689000DF064FB20461DF01D
:10495000E3FC00230122049C0793CDE905233CB12D
:104960000399204689000DF055FB20461DF0D4FC2C
:10497000484609B0BDE8F08F2946B6E702A8FFF720
:1049800013FA81460028E4D1464502AF91D1314661
:1049900005A8FFF709FA81460028D0D10DF11408C7
:1049A00087E700BF8B1E0E2B2DE9F04F8BB000F276
:1049B000C8800F4600240126834610469046069480
:1049C000CDE904641DF078FC102F05463BD1B0F111
:1049D000804F80F0B6808300584613F01C0F14BF40
:1049E0003146214601EB5311FFF770F9009030BBBF
:1049F00001465846FFF7C0FA009000BB002D00F0BA
:104A0000938008EB05040098012D05F1FF3500F0B7
:104A10008E8014F8013DA3F13002A3F14106D1B21A
:104A2000092970D9052EA3F16101A3F137026AD9D2
:104A30000529A3F1570266D96FF00503009300988A
:104A40000BB0BDE8F08F21465846FFF795FA0446B3
:104A500000900028F3D1002D66D00DF10C091CB98F
:104A600098F800302D2B49D018F80430A3F130020B
:104A7000D1B209292FD89246574566D907AA594677
:104A800004A8CDF824900397CDE90766FFF7FEFE52
:104A900090BBDBF8002004A9CDF80CA0012A21D09E
:104AA00007AA5846CDF82490CDE90766FFF754FED3
:104AB00010BB0134A542D2D106980028BFD0059979
:104AC000019089000DF0A6FA01981DF025FC0098D0
:104AD0000BB0BDE8F08FA3F14102052A39D8A3F14C
:104AE000370AC9E7CDE90722584607AACDF824902E
:104AF000FFF70AFE0028DCD00090DDE74FF0FF331F
:104B0000CBF80030D5E78300DBF80860C708013038
:104B100003F01C0356F8271002FA03F3194346F872
:104B20002710002D7FF470AF0023009387E798F8DB
:104B300000302D2B7FF46DAF4FF0FF33CBF80030FA
:104B40007DE76FF00303009379E76FF005030093AF
:104B5000B2E7A3F16102052AF7D8A3F1570A8BE760
:104B600010B584B01446012301AACDF80CD00094EE
:104B7000CDE90133FFF78AFE04B010BD2DE9F04FF7
:104B80002DED048B9BB00024012782460DF15008C7
:104B90008946184617A91D4616461494CDF8648018
:104BA000CDE91777FFF79AFC002800F07D812946B0
:104BB00030461694CDE90874CDE90A47CDE90C4496
:104BC000CDE90E74CDE91047CDE91244CDE9147456
:104BD000FFF7C2FBA0421ADABAF1000F05D0214656
:104BE0005046FFF7C9F98346F0B9B9F1000F06D076
:104BF00031464846FFF7D8F8834600285DD14FF08C
:104C0000000B58461BB0BDEC048BBDE8F08F31465D
:104C100008A8FFF7C9F8834630B929460BA8FFF763
:104C2000C3F8834600284BD000270A9830B1099971
:104C300089000DF0EFF90A981DF06EFB00220121AA
:104C40000D980A92CDE9081230B10C9989000DF047
:104C5000E1F90D981DF060FB002201210D92CDE9D4
:104C60000B123CB10F99204689000DF0D3F9204674
:104C70001DF052FB0022012113981092CDE90E1273
:104C800030B1129989000DF0C5F913981DF044FB5D
:104C9000002201211392CDE91112002FB1D01599F4
:104CA000384689000DF0B6F938461DF035FB5846F8
:104CB0001BB0BDEC048BBDE8F08F00242746B4E7A1
:104CC000746842F210730B97023408979C4200F20A
:104CD000F880002C40F0E08000210EA8FFF74CF98E
:104CE000834608B1109C9FE7022111A8FEF7EEFF52
:104CF00083460028F6D1042103201DF015FB07464A
:104D0000002800F06F81032216900BA81592FFF780
:104D1000B9F900F01F001F2800F0CC80C0F11F037C
:104D200008A8194609EE103AFFF778FA83460028DA
:104D300040F0BE8019EE101A0BA8FFF76FFA8346F9
:104D4000002840F0B580099B0BA80C9A00939C1A90
:104D500001926301194608EE103AFFF75FFA8346A5
:104D6000002840F0A580A3009B460BE0109C08A8FB
:104D700054F80B30013344F80B30FFF7EDFC0028FA
:104D800040F09D800BA908A8FFF7A8FB00280BAAFC
:104D900008A9EBDA18EE101A1046FFF793FA00286C
:104DA00040F0A680009B019A013B013A18469342CD
:104DB000144640F2E48000996FF04043019A274680
:104DC0000B44CDF810A0CDF8149008EE106A9B1A91
:104DD000814608EE905A9B000293864B1A4401EBE1
:104DE000030B9300A20003934FEA8B0393469A466A
:104DF0000A9B4FEA89060D9A53F8291052F80B20A6
:104E0000914267D3109B4FF0FF3202995A501A46D5
:104E10000299009354185B58AAF1040201330192DD
:104E20002DE039460123CDE9173307AB1993139BC6
:104E3000196011A952F80B2008465A6017AA236876
:104E40000793FFF723FD002840D101464046FFF7B6
:104E500093F800283AD1B9F1010F0A9A169D1CBFA8
:104E6000019BD058286011A852F80A106960414689
:104E70009259AA60FFF732FB00283CDD2368013B12
:104E8000002111A82360FFF777F8F8B90D9A002FD9
:104E9000C7D0039BD158C5E7042120461DF044FA32
:104EA00078B1CDE90F4017E76FF00B0BA9E6169F1D
:104EB000109CBAE609EE10BA45E7009C2F468346DF
:104EC000B3E600246FF00F0B2746AEE6009C834646
:104ED000169FAAE653F80A0000231DF019FA0029CC
:104EE0004FF0FF32109B08BF024602995A508EE7DE
:104EF000109C834699E622680BA911A8FFF730FEA3
:104F00000028DAD1029B11A84FEAC30A5146FFF7E5
:104F100085F90028D1D108A911AA0846FFF71CFC81
:104F20000028CAD1014608A8FFF72AFB002809DBA0
:104F3000029B09F1FF39043B4F45029319D2DDF87A
:104F400004A055E70BA911A8FEF72EFF0028B4D145
:104F5000514611A8FFF762F90028AED108A911AA9D
:104F60000846FFF7D1FB0028A7D12368013B236047
:104F7000DEE7DDE904A918EE106A18EE905ABAF1DE
:104F8000000F0CD00EA95046FEF70EFF83460028F6
:104F90008DD12A68336802FB03F3CAF80030B9F1F7
:104FA000000F23D019EE101A08A8FFF78BF98346DB
:104FB00000287FF47CAF336808A948460893FEF7C1
:104FC000F3FE834600287FF472AF01464846FFF7A0
:104FD000D7FA00287FF46BAF0122169F109CC9F806
:104FE000002022E6109C6FF00F0B1EE6169FCB46AA
:104FF000109C1AE6FEFFFF3F10B5002B83EAE37416
:1050000084B0A4EBE374B4BF4FF0FF330123CDF8B9
:105010000CD0CDE900430123029301ABFFF7AEFDB5
:1050200004B010BD2DE9F04184B001264FF0000816
:1050300004460F46104601A915460296CDF80CD03D
:10504000CDE90086FFF74AFA404532DB3A46404652
:105050002B462146FFF792FD074608BB804602E03B
:10506000FFF752FB00BB01A920460296CDF80CD0F9
:10507000CDE90086FFF732FA03462A462146002B87
:105080002046EDDB02E0FFF767FB68B929462046C2
:10509000FFF724FA03462A462146002B2046F2DA7F
:1050A000384604B0BDE8F0810746384604B0BDE894
:1050B000F0816FF00907F3E7002A36D038DB012AC8
:1050C00070B5064626D0022A28D04C68CCB18D682F
:1050D00005EB840E00245EF8043D4FEA134C754541
:1050E0009BB24CEA044CBCFBF2F402FB14CC43EA46
:1050F0000C43B3FBF2F402FB1434ECD10B68002B2D
:1051000002DB0020346070BD002CFAD0141B00209C
:105110003460F8E700231846336070BD8B680020C8
:105120001B6803F00103336070BD6FF00B00704724
:105130006FF00900704700BF8B1E0E2B2DE9F04366
:1051400087B047D80E46804691460A46014601A8D8
:10515000FFF7B2FF044618B1204607B0BDE8F08360
:10516000012502AF014603AB424640460495059730
:10517000CDE90265FFF702FD04460028ECD103A942
:1051800005970495CDE902054046FFF7A7F9C0B998
:10519000019B092B0AD8D9F8002030332046511C36
:1051A000C9F80010137007B0BDE8F083D9F80020EB
:1051B00037332046511CC9F80010137007B0BDE802
:1051C000F0834A4631464046FFF7B6FF0028DFD05D
:1051D0000446C1E76FF00304BEE700BF2DE9F043CA
:1051E0001F468B1E85B00E2B00F28C800C46154698
:1051F0000646FEF747FF032CC8BF4008102C08BF27
:105200004008421C033002F001020244BA4274D842
:1052100001220023CDE9005232680132CDE9023388
:1052200003D16A1C2D2300922B70102C50D177686B
:1052300027B36FF0404100243448394489003A1DB7
:105240004FF0180EB3685B5823FA0EF35FFA83FC35
:1052500003F00F034FEA2C1854EA0C0C4FF0010432
:1052600023D1022A21D06446AEF1080E013A1EF184
:10527000080FE7D1013FA1F10401E0D1009B00221A
:10528000591C164600911A70009B0C9A5B1B136008
:10529000039830B1029989000CF0BCFE03981DF010
:1052A0003BF8304605B0BDE8F083DDF800C010F8EB
:1052B000089010F803800CF1010300938CF8009023
:1052C000009B03F1010CCDF800C083F80080CBE710
:1052D000314601A8FEF768FD06460028D8D1019B9B
:1052E000013301D1012301936A46214601A8FFF74A
:1052F00023FF06460028C1D0CAE70C9B6FF00706C3
:105300001A60CEE76FF00306CBE700BF582E0020EF
:1053100083681B68DB0729D52DE9F04186B0054677
:10532000144F03240DF10808012608E0FFF7C4FE1E
:10533000A0B9019BABB157F8044F002C0EDD03A9B7
:105340002846CDE90246CDE90468FFF7C7F80346D1
:1053500022462946002B01A8E8DC012006B0BDE862
:10536000F0816FF00D0006B0BDE8F0816FF00D0028
:10537000704700BF784B02602DE9F04F1D469FB08B
:10538000012306460DF13C0A0391284612A917464F
:10539000CDF850A0CDE9123300230F93FFF79EF80C
:1053A000002840F36B81AB68D3F800B01BF0010F0D
:1053B00000F0648112A93846FFF790F80028C0F287
:1053C0005D810BF1020303245B0003F0080303EB90
:1053D0000B0808FB0BF3013CC3F1020303FB08F8C5
:1053E000F7D14FF0010B3022214612A8CDF818B0AA
:1053F000CDF824B0CDF830B0CDE90744CDE90A446A
:10540000CDE90D441CF098FF69683046594402917B
:10541000FEF75CFC02998146A0B117940B94CDE98C
:1054200015B4CDE909B4002301210E93CDE90C1385
:10543000289B002B3AD09B68002B37D048461FB0E2
:10544000BDE8F08F15A80291FEF740FC0299814655
:10545000002839D01798002800F03A81002425460A
:105460001699029089000CF0D5FD02981CF054FFAB
:10547000002301221793CDE915233CB10A99204658
:1054800089000CF0C7FD20461CF046FF00230121D7
:105490000B93CDE90913002DC5D00D99284689003D
:1054A0000CF0B8FD28461CF037FFBCE70898002830
:1054B000C4D0079989000CF0ADFD08981CF02CFFB2
:1054C00048461FB0BDE8F08F42F210724FEA410B20
:1054D000B2EB410FC0F0F880BBF1000F70D1039B1D
:1054E0001B680293013300F0CC80289B0DF1180B50
:1054F000002B6ED09A68002A6BD0289BDC46186877
:1055000059689A68ACE80700DDF80C9029464846CF
:10551000FEF7E4FF0028C0F2848049462A4615A819
:10552000FFF780FD8146002859D109AAC8F1000380
:1055300015A8594600922A460393FEF74BFF039B9A
:10554000814600284BD1594630460393FEF72CFC88
:10555000039B8146002842D109AA51463046039355
:10556000009201220592CDE90F2205AA11922A4646
:10557000FEF730FF039B814688BB0246D7F804B094
:10558000A946002C00F08980013CB96851F82B1025
:1055900021FA04F808F0010852EA080588F0010130
:1055A0000CD0114209AA3146304600924A46039374
:1055B0007AD0FEF70FFF039B00285DD12A46E0E773
:1055C000042158461CF0B0FE00287DD0CDE90AB079
:1055D00085E701215846FEF7CFFC814630B1179888
:1055E0000E9D0B9C00287FF43BAF41E7696858464D
:1055F0008901FEF713FE81460028F0D12A4659465C
:105600005846FFF70FFD81460028E8D1289B002B64
:105610003FF47AAFDC46BCE80700186059609A6036
:1056200072E7039915A8FEF7BFFB814600283FF4F7
:105630007CAFD4E709AA514630464D46009205AAF0
:10564000119201220592CDE90F224A46FEF7C2FED1
:1056500081460028C3D1029B0133C0D17B68002B57
:10566000BDD0BB681B68D907B9D5029B3246294615
:1056700030463360FFF748F88146B0E76FF0030922
:10568000DCE603990CA8FEF78FFB81460028A6D123
:105690000CAB012203930C9227E71F24BBF1000FF0
:1056A000C8D00BF1FF3B70E7FEF794FE039B002888
:1056B000E2D109AA08EB480830460393009212AAE7
:1056C00002EB88014A4674E717986FF00F09C2E6AB
:1056D00001230A900B9015930993CDE91600A2E6D9
:1056E000B1F5007F70B5ADF5007D17D814460D46B5
:1056F0000A46064669461846A047044628B92A467F
:1057000069463046FEF7FAFC04464FF400716846DD
:105710000CF080FC20460DF5007D70BD6FF0030499
:10572000F8E700BF2DE9F04F99B0002401260546A7
:1057300005AF88469146014615AA06A80696059625
:105740001797CDE90744CDE90964CDE90B46CDE9CA
:105750000D44CDE90F64CDE91146CDE91344CDE9FF
:105760001566FEF7F9FF834600284CD008980028FC
:1057700043D02546079989000CF04CFC08981CF092
:10578000CBFD002201210892CDE906123CB10A9915
:10579000204689000CF03EFC20461CF0BDFD002296
:1057A00001210B92CDE909123DB10D9928468900DE
:1057B0000CF030FC28461CF0AFFD002201211198AE
:1057C0000E92CDE90C1230B1109989000CF022FC38
:1057D00011981CF0A1FD0022012114981192CDE92D
:1057E0000F1230B1139989000CF014FC14981CF0BE
:1057F00093FD584619B0BDE8F08FCDE90660CDE9BC
:1058000009600B90D9E7079E002E00F0CD8004467A
:105810000898DC46043850F8041F002203E0202AD0
:1058200004F1010436D021FA02F3013213F001032E
:10583000F5D006A909A8FEF7B7FA834618BB21469A
:1058400009A8FEF73FFD8346E8B92846FEF71AFC93
:1058500040F21353984223D840F25133984200F259
:10586000A08040F28923984200F2A080B0F5AF7F7B
:1058700080F09F80F92800F2D68095288CBF1223F3
:105880001B2303930EE00B9C0025089800287FF44F
:1058900071AF76E70CF1010CB445BCD11C46C8E7EA
:1058A0000223039300234FF0010A029369684B46D9
:1058B00042460FA88900FFF713FF8346002851D105
:1058C00006A90FA8FEF70AFE002857DA119A20262B
:1058D000136843F00303136069684B4642460FA800
:1058E0008900FFF7FDFE83460FA8BBF1000F39D1F9
:1058F000FEF7C8FB834606A8FEF7C4FB834534D8F1
:10590000013E06A94AD00FA8FEF7E8FD002815A918
:10591000E2DA0FA8CDF814A01797CDE915AAFEF783
:10592000DDFD0028D8DD12AB0FA909AA00930846B7
:105930002B46FFF721FD8346A0B906A90FA8FEF765
:10594000CDFD48B115A90FA8CDF814A01797CDE942
:1059500015AAFEF7C3FD78BB029B039A01339A4256
:105960000293A3D10E9D0B9C8FE7ABEB00010FA818
:10597000FEF7A8FC83460028C2D0F3E70FA8FEF785
:1059800081FB064606A80136FEF77CFB311A0FA8FC
:10599000FEF798FC8346002898D0E3E76FF00D0BE4
:1059A00027E7032303937DE7344642E70423039369
:1059B00078E70823039375E7012C37D901261BE00C
:1059C0000FAA0CA81146FEF761FF84462A460CA9CF
:1059D0000FA8BCF1000F34D1FFF724FB024615A934
:1059E0000FA852BBCDF814A01797CDE915AAFEF762
:1059F00075FDD8B1A64219D006A90FA80136FEF749
:105A00006DFD0028DCD115A90FA8CDF814A01797BB
:105A1000CDE915AAFEF762FD00289DD10E9D6FF01D
:105A20000D0B0B9C31E70C2303933BE706A90FA852
:105A3000FEF754FD0028E6D0F0E70E9D93460B9C40
:105A400023E70E9DE3460B9C1FE700BF2DE9F041C5
:105A50008AB000230126044601A815460293019648
:105A6000CDE90336CDE90533FEF79EF98046D8B17E
:105A7000039C3CB10299204689000CF0CBFA2046E9
:105A80001CF04AFC0023012206980393CDE9012370
:105A900030B1059989000CF0BDFA06981CF03CFC69
:105AA00040460AB0BDE8F081294604A8FEF77CF91B
:105AB00080460028DCD1029E002E00F0FA80039D73
:105AC0000746043D55F8041F002204E0202A00F197
:105AD000010000F0D68021FA02F3013213F0010335
:105AE000F4D0059EB6B1069F0021043F8C4657F8BE
:105AF000045F002204E0202A01F1010100F0BA80D5
:105B000025FA02F3013213F00103F4D0884228BFD2
:105B100008460646314601A8FEF7D4FB8046002819
:105B2000A6D1314604A8FEF7CDFB804600289FD1C0
:105B3000012507460495019507A901A80097CDF80E
:105B400024D0CDE90755FEF7C9FC002800F0A3805A
:105B5000DDF808E0BEF1000F00F09980039B002102
:105B6000A3F1040C88465CF8040F002203E0202A0D
:105B700001F1010148D020FA02F3013213F00103D0
:105B8000F5D001A8FEF79EFB804600287FF470AF99
:105B9000DDF814E0BEF1000F7BD0069BA3F1040CEE
:105BA0005CF8041F002203E0202A00F1010031D03C
:105BB00021FA02F3013213F00103F5D0014604A8E3
:105BC000FEF780FB804600287FF452AF04A901A8AD
:105BD000FEF784FC002823DB01A904AA0846FEF78F
:105BE00049FD804600287FF443AF029B83B30399AD
:105BF00001EB830353F8042D40EA520099421860E8
:105C00004FEAC270F6D197E708F10108F045AAD132
:105C10001946B6E708F10108F045C1D11846CDE7AD
:105C200004A901AA0846FEF725FD804600287FF456
:105C30001FAF059BABB1069901EB830353F8042D0D
:105C400040EA5200994218604FEAC270F6D173E7F9
:105C5000014601A8FEF790F9804600283FF46CAF9A
:105C600006E7014604A8FEF787F9804600283FF4BE
:105C700063AFFDE60CF1010CB4457FF438AF1E466E
:105C800048E70137B7427FF41DAF184629E7714650
:105C900077E7704692E7314604A8FEF7BFFA8046E0
:105CA00000287FF4E5AE04A92046FEF77DF8804683
:105CB000DEE6304615E700BF2DE9F04FA3B0012422
:105CC00080460F460DF1700910461FA916461C9418
:105CD000CDF88490CDE91F44FEF700FC002840F386
:105CE000BC8100233246394604A807940A940D94D7
:105CF00010940494139416941994CDE90833CDE9C3
:105D00000B33CDE90E33CDE91133CDE90533CDE9C0
:105D10001433CDE91733CDE91A33CDE91D33FFF73D
:105D200095FE054660B903AB1FA904A8039421930F
:105D3000CDE91F44FEF7D2FB00286ED06FF00D05B1
:105D4000002301221C469B4698461F461E46099387
:105D50000C93CDE90723CDE90A230023CDE90E33C7
:105D600001230D93BBF1000F07D01199584689000C
:105D70000CF050F958461CF0CFFA0023DDF81890CB
:105D8000CDE9113301231093B9F1000F07D0059924
:105D9000484689000CF03EF948461CF0BDFA002345
:105DA000CDE9053301230493B8F1000F07D014990E
:105DB000404689000CF02EF940461CF0ADFA002355
:105DC00001221593CDE913233EB11799304689007E
:105DD0000CF020F930461CF09FFA002301221893A2
:105DE000CDE916233CB11A99204689000CF012F92E
:105DF00020461CF091FA002301221B93CDE91923C0
:105E00003FB11D99384689000CF004F938461CF062
:105E100083FA284623B0BDE8F08F3946324607A8FA
:105E2000FFF700F90546002836D0099838B10899DF
:105E3000019089000CF0EEF801981CF06DFA002337
:105E4000DDF830A01E9F1B9C189EDDF85480DDF805
:105E500048B0DDF83C90CDE9083301230793BAF14F
:105E6000000F07D00B99504689000CF0D3F850462C
:105E70001CF052FA0023CDE90B3301230A93B9F148
:105E8000000F3FF46AAF0E99484689000CF0C2F843
:105E900048461CF041FA60E707A90AA8FDF784FF0D
:105EA00005460028C1D1314613A8FDF77DFF054600
:105EB0000028BAD1314616A8FDF776FF054600281E
:105EC000B3D1042120461CF02FFA002800F04681AF
:105ED00004600421CDE90E4020461CF025FA00287C
:105EE00000F03C810421CDE9114020461CF01CFA51
:105EF000002800F0338101241B90042120461A94CD
:105F00001CF012FA002800F029811D9404601E90F4
:105F10000C98046814F0010452D10B9A002A00F086
:105F2000AD8000EB8202234652F8041D43EA510380
:105F3000904213604FEAC173F6D10F9B1B68DF07D5
:105F400003D4129B1B68DD0711D50DA913AA0846BF
:105F5000FEF7DAFB054600287FF467AF10A907AA11
:105F60000846FEF7F9FB054600287FF45EAF0E9960
:105F7000002900F08C800F98002300EB810252F87A
:105F8000041D43EA5103904213604FEAC173F6D1F6
:105F90001199002900F08380129800EB810353F8D7
:105FA000041D44EA510498421C604FEAC174F6D1C2
:105FB000AEE74846FDF7E0FF054600287FF435AF21
:105FC00018980368DC0772D41799002948D000EBB1
:105FD0008102002352F8041D43EA510390421360EA
:105FE0004FEAC173F6D11B9B1B68D80703D41E9BD5
:105FF0001B68D90711D519A913AA0846FEF784FB17
:10600000054600287FF411AF07AA49464846FEF727
:10601000A3FB054600287FF408AF1A9939B31B98F3
:10602000002300EB810252F8041D43EA5103904221
:1060300013604FEAC173F6D11D990029B9D01E989B
:10604000002300EB810252F8041D43EA5103904201
:1060500013604FEAC173F6D1B2E76FF00305D8E6DB
:1060600016A8FDF789FF05460028BCD0DDE619A873
:10607000FDF782FF05460028DED0D6E621460AA8B5
:10608000FDF77AFF054600283FF457AFCDE60DA88F
:10609000FDF772FF054600283FF47AAFC5E610A869
:1060A000FDF76AFF054600283FF432AFBDE616A9AA
:1060B0000AA8FEF713FA002834DB0AA916AA084634
:1060C000FEF74AFB054600287FF4AFAE0DA919ACD8
:1060D00008462246FEF740FB054600287FF4A5AEA1
:1060E00010A94A460846FEF737FB054600287FF40C
:1060F0009CAE00210AA8FEF743FA00287FF408AFFF
:1061000005E0FEF701FB054600287FF48EAE002176
:106110002046FEF735FA034632462146002B20463C
:10612000EFDB24E016A90AAA0846FEF715FB054690
:1061300000287FF47AAE19AC0DAA21462046FEF75E
:106140000BFB054600287FF470AE10AA494648466E
:10615000FEF702FB05460028CBD066E66FF00F0580
:1061600063E6FEF7F9FA054600287FF45EAE314695
:106170002046FEF7B3F9034632462146002B20465F
:10618000EFDA4046FDF710FE05464EE670B51646BE
:1061900088B001240D4605A90294D0E9012302A884
:1061A00003920022049301AB01920793CDE90544C9
:1061B000FEF794F9F0B105A902A80194FEF78EF953
:1061C000C0B1022305A902A80193FEF787F910B90F
:1061D000002008B070BD02A8FFF79AF818B1012896
:1061E000F6D008B070BD3246294602A8FFF79AFAE9
:1061F00008B070BD6FF00D00EBE700BF2DE9F04F68
:106200002DED028B8DB00F460339039240F6FD72DF
:10621000DDF860B0914200F2E68017F01F021E46E2
:106220004FF00001054618BF0122DFF8C091029728
:1062300002EB571253014FEA82080193C7EB421356
:10624000A8F1040A08EE103ACDE9071101210691E0
:106250005B46324641462846FFF742FAB8B9AC6879
:1062600054F80A304B45F3D9DDE901329A4215D38F
:1062700023685A46039F314643F0010C2846C4F870
:1062800000C0A7B9FFF782FF10F10E0FE0D004465F
:1062900020460DB0BDEC028BBDE8F08F18EE101A51
:1062A0002846FEF70FF80028F1D1AC68E0E743F08C
:1062B0000302294604A822600322FEF7FDFE0446DD
:1062C0000028E5D1049A002A67D0012A7CD029460B
:1062D00006A8FDF769FD044600284DD1079900295D
:1062E0006AD0089F07EB810151F8042D44EA52045B
:1062F000B9420C604FEAC274F6D14FF00C09012785
:106300000DF114081CE014F10E0F35D109AA29462D
:106310002846CDF81490CDF82C80CDE90977FEF70A
:10632000F3F906A9044609AA0623084624BB0593E7
:10633000CDF82C80CDE90977FEF7E6F90446D8B907
:106340002846FEF7E5FF04460028DCD106A8FEF744
:10635000DFFF04460028D6D15A4631462846FFF7CB
:10636000E1F904460028CED15A46314606A8FFF787
:10637000D9F904460028C6D10898002888D0079982
:10638000019089000BF046FE01981BF0C5FF2046E6
:106390000DB0BDEC028BBDE8F08F082228460592B7
:1063A0000122CDE9092205AA0B9209AAFEF7ACF950
:1063B000044600288BD06BE7014606A8FDF7DCFDFC
:1063C00004460028D8D198E70420CDE9092205AA7F
:1063D000059028460B9209AAFEF796F90446002874
:1063E0003FF475AF54E76FF0030451E733F304B59E
:1063F0002DE9F041002398B00121A54A054603A8E4
:10640000039104931793CDE90531CDE90913CDE943
:106410000B31CDE90F13CDE91131CDE91513102161
:10642000CDE90733CDE90D33CDE91333FEF7BAFAE1
:10643000044600286BD0002D40F02381059830B130
:10644000049989000BF0E6FD05981BF065FF002319
:10645000012208980593CDE9032330B107998900FB
:106460000BF0D8FD08981BF057FF002301220B9872
:106470000893CDE9062330B10A9989000BF0CAFDD3
:106480000B981BF049FF002301220E980B93CDE9D6
:10649000092330B10D9989000BF0BCFD0E981BF05B
:1064A0003BFF0023012211980E93CDE90C2330B15C
:1064B000109989000BF0AEFD11981BF02DFF002301
:1064C000012214981193CDE90F2330B1139989005B
:1064D0000BF0A0FD14981BF01FFF0023012217985A
:1064E0001493CDE9122330B1169989000BF092FD77
:1064F00017981BF011FF002301221793CDE91523F4
:10650000002D40F0B680204618B0BDE8F081614A09
:10651000102106A8FEF746FA044600288BD15E4AF1
:10652000102109A8FEF73EFA0446002883D109AAE3
:1065300003A90CA8FEF7AAF9044600287FF47BAF54
:10654000564A102112A8FEF72DFA044600287FF4BF
:1065500072AF002D40F0B28012A90CA8FDF7BEFF6B
:10656000002840F01A810FAE09AB03AA0CA83146EF
:10657000FEF704FB002840F08980494A102112A848
:10658000FEF710FA002840F0818015AC454A102132
:106590002046FEF707FA002840F0068112A90CA851
:1065A000FDF79CFF002840F0F88021463046FDF7BB
:1065B00095FF002840F0F180009006AA09AB03A9DE
:1065C0000CA8FEF7D9FE002860D1374A102112A886
:1065D000FEF7E8F9002859D112A90CA8FDF77EFFB3
:1065E000002840F0DA8009AA03A90CA8FFF764FB91
:1065F00000284BD12D4A102112A8FEF7D3F900280C
:1066000044D112A90CA8FDF769FF002840F0C5800D
:10661000274F4FF0000839680CA8FDF7ADFC044681
:106620003046002C7FF407AF7968FDF7A5FC0446DF
:1066300032460CA903A8002C7FF4FDAEFFF706FA42
:10664000044603A8002C7FF4F6AEB9680C37FDF7BA
:1066500097FF0446002840F0A98008F10108B8F12E
:10666000030FD8D1002D3FF4E9AE12481BF020FEF5
:10667000E4E60A201BF024FE204618B0BDE8F081B5
:10668000044621460C481BF02BFED7E60446D5E60F
:106690006C2E0020F02E0020742F0020D82F002018
:1066A0002832002068320020C831002064310020E8
:1066B000184E0260782D00201C3100203F481BF04E
:1066C0000FFE12A90CA8FDF709FF002867D10FAE35
:1066D0003B481BF0EDFD09AB03AA31460CA8FEF7C1
:1066E0004DFA0028CCD1374A102112A8FEF75AF9EA
:1066F0000028C5D115AC344A10212046FEF752F9C6
:10670000002851D131481BF0EBFD12A90CA8FDF770
:10671000E5FE002843D121463046FDF7DFFE044662
:1067200000283CD126481BF0C3FD06AA09AB03A9EB
:106730000CA80094FEF720FE0028A1D1244A1021C5
:1067400012A8FEF72FF900289AD122481BF0C8FDA5
:1067500012A90CA8FDF7C2FE08BB19481BF0A8FD42
:1067600009AA03A90CA8FFF7A7FA002888D11A4A9A
:10677000102112A8FEF716F9002881D117481BF046
:10678000AFFD12A90CA8FDF7A9FE40B90C481BF0FB
:106790008FFD13481BF0A4FD3AE701244EE6114893
:1067A00001241BF085FD6CE7044644E6002DF4D07F
:1067B00041460D4801241BF093FD62E7B8300020EC
:1067C000782D00202832002068320020D4300020AC
:1067D000C83100204C32002064310020F03000200D
:1067E00044310020C82D00200C310020036840688F
:1067F00030B50D684968204C6B4080EA010C116887
:1068000004EB1C6090F8005304EB136090F800E177
:1068100054FA83F090F8000240EA0E60C3F3074E8A
:10682000C3F30723A644E35C9EF800E340EA0E406E
:10683000CCF3072E40EA032054FA8CF3CCF3074C38
:10684000A64493F8003114F80C4043EA056343EA88
:1068500004439EF8004243EA042380EA336083EA5B
:10686000304380EA33204B40516883EA3023414073
:10687000C2E9003130BD00BF3C4E02604FF48A7265
:1068800000211BF059BD00BF18B14FF48A710BF005
:10689000C1BB70472DE9F04FCBB000F1040B15469A
:1068A000064603900C4601920021402216A81BF0D8
:1068B00043FD4FF48872002158461BF03DFDC02D6A
:1068C0000AD0B5F5807F07D0802D00F011826FF0DF
:1068D00023004BB0BDE8F08F019B2146039C16A816
:1068E000DA084FF0040308BF012223601BF008FD03
:1068F000019B9DF85840C02B9DF859609DF85A7037
:106900009DF85B5009D10DF167030DF16F0113F88C
:10691000012FD2438B421A72F9D1012302932C2307
:1069200009938B23CDF814B021494FF0900A0493BA
:106930000AA84FF0CC093B224FF07F084FF0660EBB
:106940009E234FF0A00C4FF08B0B0EE091F808C087
:1069500008314B7891F802E091F803800A7991F8B8
:10696000059091F806A091F807B01B0408304FEA93
:10697000094943EA0C6349EA026243EA080342EA2E
:106980000B0243EA0E2342EA0A2240E90232094B93
:106990009942DBD14022002126A8DDF814B00DF188
:1069A00094081BF0C9FC394617AB2DAA37460BE0FB
:1069B0003C5202606452026013F8044C13F8015C0C
:1069C00013F8037C13F8021C3F04043347EA0467FE
:1069D0003D4345EA012148F8041F9045ECD12A9A2D
:1069E0000AA9269B2EA85340279A2E932B9B5340EF
:1069F000289A2F932C9B53402D9A3093299B5340D8
:106A000030AA3193FFF7F2FE0CA92EAA30A8FFF7A7
:106A1000EDFE31A958F8043F58F8202C884583EA48
:106A20000203C8F80030F5D10EA92EA830AAFFF74E
:106A3000DDFE2EAA30A810A9FFF7D8FE019B802BFF
:106A40002E9B00F06A811A4604932A9B12A932A851
:106A5000534032932F9B1A4605932B9B53403393FD
:106A6000309B1A4606932C9B53403493319B1A4615
:106A700007932D9B534034AA3593FFF7B7FE32AAF4
:106A800034A814A9FFF7B2FE269B36AFDFF8A09218
:106A900036933A46279B3793289B3893299B399303
:106AA000029B4FEA031A09EB03160F2303F01F01A1
:106AB00016F8010B0F33C1F12004B8B1DDE936053A
:106AC000E540884068401061DDE93705E5408840D1
:106AD00068405061DDE93805E540884068409061D4
:106AE0003998369D8840E5406840D0614B2B02F1D3
:106AF0001002DBD1029ADFF83C8202EB82034FEAFC
:106B0000031E93003A460EF1FF30089307F150033D
:106B1000404410F9011F4D1C02D014684BF821406D
:106B200004329A42F5D1019A802A41D00AF1030237
:106B300039461E4609EB020C2A9A36922B9A379256
:106B40002C9A38922D9A39920F2202F01F031CF8CA
:106B5000014F0F32C3F12000BCB1369C379D9C40E1
:106B6000C5406C400C61379C389D9C40C5406C40D2
:106B70004C61389C399D9C40C5406C408C61399C6F
:106B80009C40369BC3405C40CC614B2A01F1100114
:106B9000DBD10EF1130033463A46404410F9011F91
:106BA0004C1C02D014684BF8214004329A42F5D1B3
:106BB000049A39461E463692059A3792069A3892BA
:106BC000079A39920AF1070209EB020C0F2202F030
:106BD0001F031CF8010F0F32C3F12004B8B1DDE927
:106BE0003605E540984068400861DDE93705E54035
:106BF000984068404861DDE93805E54098406840C4
:106C000088613998369D9840E5406840C8614B2AB4
:106C100001F11001DBD10EF1270033463A46404422
:106C200010F9011F4E1C02D014684BF821400432A9
:106C30009A42F5D1019A802A3ED0329A0AF10B0A83
:106C40003946369209EB0A0C339A3792349A3892C5
:106C5000359A39920F2202F01F001CF8015F0F32A3
:106C6000C0F12004BDB1369D379E8540E640754099
:106C70000D61379D389E8540E64075404D61389DD9
:106C8000399E8540E64075408D61399D8540369836
:106C9000E0404540CD614B2A01F11001DBD10EF1FE
:106CA0003B0EF04418F9012F551C02D039684BF8FF
:106CB000221004379F42F5D10998029B01300399B5
:106CC000089A1A4401EB80031849184601EB820127
:106CD0005030013911F9012F541C02D05BF82220E9
:106CE0001A6004339842F5D100204BB0BDE8F08F14
:106CF000032316AD3360E36820686168A2680FC59E
:106D000000239DF858409DF85960029320239DF878
:106D10005A709DF85B50099303E604932F9B0593EB
:106D2000309B0693319B0793AEE600BF2C53026065
:106D30006C5202608C52026070B5C6B016460D46A9
:106D40004FF48A720021044601A81BF0F5FA32467E
:106D5000294601A8FFF79EFD064600283ED1019B6B
:106D600002A804F1140E04F11C02A3F1040C236028
:106D7000BCFA8CFC4FEA5C1C4FEACC0C0CF11805F9
:106D80000CF1160100EBC50350F83500606058683F
:106D9000A0609868E060D8682061A3F10800103B0B
:106DA00008320139D3E90254A3F1080342E904543B
:106DB000F6D1CCF100030CF1150C00EBC3030EEB84
:106DC000CC0253F8B81CA83B916053F80C1CD1605E
:106DD00053F8081C53F8043CC2E9041301A84FF40B
:106DE0008A710BF017F9304646B070BD2DE9F043BB
:106DF00014681F46516885B0456824BA936809BA7B
:106E00006C408568D2681BBA6940C56812BAD0F870
:106E100000906B40056900946A40019100F11405EF
:106E200002930392B9F1000F4CD02C46C84621467C
:106E3000684602AA08F1FF38FFF7D8FC6A4604F159
:106E4000080102A8FFF7D2FC02AA04F1100168466B
:106E5000FFF7CCFC6A4604F1180102A8FFF7C6FC54
:106E600002AA04F120016846FFF7C0FC6A4604F15B
:106E7000280102A8FFF7BAFCB8F1000F1AD0009B56
:106E8000216BDDF80CC0019E1940E26B86EAF171BE
:106E9000029E4CEA0202D4E90D0E724040340843CF
:106EA00002EA0E0E4340CDE901128CEAFE72009315
:106EB0000392BCE705EB8916009C0199A6F1100529
:106EC000DDE902322868434068684240A8684440CF
:106ED000E868FB704140180EFA713870180C1B0AF4
:106EE000FC727870080EBB70130E387300203B7173
:106EF000130C120AF9737B71230EBA71220A3B72CA
:106F0000230CBA720A0C7B720B0A7A73BB7305B03E
:106F1000BDE8F0832DE9F047140784B0DDE90C8A61
:106F200067D106460C461D46A1BB7AB30AF10F0A8B
:106F30005F1E02EB0A09D8F80000EC46D8F80410EE
:106F4000D8F80820D8F80C30ACE80F00AAF10F03ED
:106F5000424600213046FFF749FFAAF110023B46A6
:106F600012F8011F13F8010F924581EA0001117018
:106F7000F6D1EC460AF1100A08F11008D145BCE838
:106F80000F0028606960AA60EB60D4D1002004B0D3
:106F9000BDE8F087002AF9D008F10F085F1E02EB68
:106FA0000809A8F1100339460AF1FF3213F801CF9E
:106FB00011F8010F43458CEA000C02F801CFF5D11E
:106FC00008F1100853465246214630460AF1100A8D
:106FD000FFF70CFF5AF8100C5AF80C1CC1455AF870
:106FE000082C5AF8043C28606960AA60EB60D8D18C
:106FF000CCE76FF02500CAE72DE9F0470A9F9A46D3
:1070000081461C68DDE90865A1B172B105EB020893
:1070100054B3325D631C15F8011B4A40454507F81F
:10702000012B325503F00F04F2D10020CAF80040C2
:10703000BDE8F087002AF8D005EB02086CB1335D9B
:10704000611C15F8012B5340454507F8013B3255AB
:1070500001F00F04E9D0002CF1D133463246012172
:107060004846FFF7C3FEEAE7334632460121484669
:10707000FFF7BCFECDE700BF2DE9F84F0C9E91460F
:107080001468DDE90AB581B182461F4605EB0108A7
:1070900084B11BF80430013415F8012B04F00F04FF
:1070A0005340A84506F8013BF2D10020C9F8004042
:1070B000BDE8F88F5B463A4601215046FFF796FE41
:1070C00007F1100313F8011D0131C9B2197000292D
:1070D000DFD19F42F6D1DCE72DE9F04F2DED028B99
:1070E000FBB00346202200210DF1740B04930DF137
:1070F00024080DAC584625AE1BF01EF900239A4615
:107100004FEA6A03049A0AF001079D1C002A40F026
:1071100046814FEA8519BA49EA0001EB8315C0316F
:1071200001EB4313059301F16003CDE9063A924662
:107130005246294658461BF0E3F84A46594617BBC3
:1071400035A8FFF7F9FD059B0FCB88E80F00069BDC
:107150000FCB84E80F0033464246394635A8FFF787
:1071600045FE326823689A4219D0049B002B40F0F8
:107170002481012308EE103A18EE100A7BB0BDEC12
:10718000028BBDE8F08F35A8FFF784FB069B0FCB81
:1071900088E80F00059B0FCB84E80F00DBE7269AF9
:1071A0000E9B9A42E1D1279A0F9B9A42DDD1289AF1
:1071B000109B9A42D9D1069A2035059B10329149ED
:1071C00010339142069205934FF00003B0D105931E
:1071D000049BDDF81CA0002B40F00B810AF1010A92
:1071E000BAF1060F8CD1049B002B40F05E810DF1AB
:1071F0004409059B5D1003F0010A049B002B40F03D
:107200001D81AB1C9F0106937F4B0FCB88E80F00BD
:107210007D4B0FCB84E80F00069B5846DA00794B74
:1072200003EB45111BF06CF83A46594635A8BAF104
:10723000000F40F0E280FFF77FFD744B05EB450542
:10724000002703EB05152B4655469A46704B0AEB73
:10725000070C03EB070E002D40F0BC8098E80F00F0
:1072600089E80F009CE80F0088E80F009EE80F00F7
:1072700084E80F004B461022294635A8CDE9008648
:10728000FFF748FE326823689A427FF46EAF269A71
:107290000E9B9A427FF469AF279A0F9B9A427FF424
:1072A00064AF289A109B9A427FF45FAF1037002397
:1072B000302FCBD108EE103A049B002B40F0F18028
:1072C000059B0133062B059393D1049B002B40F0C3
:1072D000F0800023DFF85CA115ADDFF85C811F466C
:1072E000049B7C1007F00109404601373BB1494936
:1072F000494BB9F1000F18BF19461AF0F1FF0AEB1C
:107300000413464A03F5EF6302EB041C00220892C3
:107310000FCB85E80F009CE80F008BE80F00594663
:10732000802235A8FFF7B6FA0AEB840304EB440188
:10733000D3F8D847B9F1000F40F08E80384B4FEAB0
:1073400001192246304603EB01111AF0D9FF19AB9F
:10735000214608AA009335A82B46CDE90166FFF720
:107360008BFE304B2246304603EB09011AF094FFA6
:1073700000287FF4FAAE049B002B40F08E80062F8D
:10738000AED1049B002B40F09880049B08EE103A8D
:1073900018EE100A7BB0BDEC028BBDE8F08F0593B0
:1073A0004FEA85191C4B1B4A49461F48002F18BF3E
:1073B0001A461AF095FF059BADE601231B4808EE1F
:1073C000103A1AF075FF18EE100A7BB0BDEC028B74
:1073D000BDE8F08F94E80F000AEB070C89E80F0076
:1073E0009EE80F0088E80F009CE80F0084E80F007B
:1073F00040E70F481AF05CFFF0E6FFF74BFA1CE796
:107400005453026094540260BC1C0020F454026087
:1074100084550260502D0020542D0020E455026058
:1074200020560260B0560260C8320020C82D0020ED
:10743000782D00203C4E026000330020AB1C214917
:10744000214A9F012148BAF1000F18BF0A4606934E
:1074500039461AF045FFD7E61D4B4FEA011922467F
:10746000304603EB01111AF04BFF19AB214608AA75
:10747000009335A82B46CDE90166FFF7FDFD154BBE
:107480002246304603EB09011AF006FF00287FF47C
:107490006CAE049B002B3FF472AF0F481AF008FF4C
:1074A0006DE70D481AF004FF0AE70A201AF008FFFA
:1074B0009DE60A201AF004FF0BE70A201AF000FFED
:1074C0005AE600BF542D0020502D0020E432002049
:1074D000B056026020560260782D00202DE9F04F52
:1074E0002DED028B97B008EE103A289B022BDDE9B8
:1074F000254500F09581102B00F29281289BDB0737
:1075000000F18E81229B073B062B00F28981249B90
:10751000B3F57F4F00F28481229B8B469246289AD6
:10752000DBB28046023A0DF12900C3F10E01C3F12E
:107530000F0352080DF12809DBB2CFB218EE101A72
:107540000593249B03971E1E18BF012647EA861643
:1075500046EAC206229AF6B28DF828601AF0D0FEEA
:107560000DF137030EAAD91B534602F8013D8A429A
:107570004FEA1323F9D1002B40F0528112AF0AA930
:107580000EAACDE90E33CDE9103302E0137811F8DD
:10759000016F734002F8013BBA42F7D109AB1022E8
:1075A000404600930EAB194600F000FD034600284C
:1075B0007CD1249A002A7FD1039B18EE101A229ABC
:1075C0000DF149008DF848301AF09AFE229B0021F7
:1075D000059A581C38441AF0AFFE01238DF8573035
:1075E000BAF1000F3AD00DF147095646102E28BFC8
:1075F0001026BBF1000F00F0C78009AB10223946FE
:10760000404600930AAB00F0D1FC034600284DD160
:1076100003F1580201336A44DBB212F8301CB34262
:10762000225C82EA01022A541846F1D3BBF1010F11
:1076300000F0D2800DF15702039B35443444AAEB8D
:10764000060AD11A13780133DBB213701BB99142C9
:1076500002F1FF32F6D1BAF1000FC6D1039B00212F
:10766000059AC3F10F0038441AF066FE09AB39469B
:107670004046009310220AAB00F098FC0346A8B9DC
:107680000DF137020DF127000DF1470512F8011F2A
:1076900010F8014F954281EA04011170F6D1289A41
:1076A0000EA9279803931AF02BFE039B184617B0D8
:1076B000BDEC028BBDE8F08F249A0DF14706249BA8
:1076C0000E2A23995BBA28BF0E22CDE90A00CDE924
:1076D0000C000DF12A00ADF8283004921AF010FECB
:1076E000249B0DF13701C3F3072301E019F8013F93
:1076F00011F8012F5340B1420B70F7D109AB1022A2
:10770000404600930EAB194600F050FC034600289B
:10771000CCD12499049A891A3FF44EAF2398CDF81E
:1077200018B00244CDF81CA08A4604939346BAF1DF
:10773000100FD146049B594628BF4FF010090AA8E4
:107740004A46CDE90A33CDE90C331AF0D9FD0DF1E3
:1077500027010DF1370313F8012F11F8010FB34280
:1077600082EA00021A70F6D109AB1022404600935B
:107770000EAB194600F01AFC38BBBAEB090ACB4431
:10778000D5D1DDE906BA17E7214632460AA8CDE988
:107790000ABBCDE90CBB1AF0B3FD0DF137030DF1B7
:1077A000270113F8012F11F8010F994582EA000211
:1077B0001A70F6D109AB1022404600930EAB194661
:1077C00000F0F4FB00283FF418AF0346184617B04A
:1077D000BDEC028BBDE8F08F0023294632460AA893
:1077E000CDE90A33CDE90C331AF08AFD0DF13703E8
:1077F0000DF1270113F8012F11F8010F4B4582EA13
:1078000000021A70F6D109AB1022404600930EAB6D
:10781000194600F0CBFB00283FF40CAF0346D5E738
:107820006FF00C0342E700BF402200211AF084BD34
:107830002DE9F041054617460846012219461E4625
:1078400000F0A0FAA8B143690446102B11D12846D4
:1078500000F0B8FA2146284600F0C4FA08B1BDE8A5
:10786000F0813246394628460123BDE8F04100F058
:10787000E5BA6FF00C00F2E710B5044600F0A2FA8A
:1078800040212046BDE810400AF0C4BB30B589B0A5
:10789000119D9DB106951C46109D13460A46002178
:1078A00005950F9D04950E9D03950D9D02950C9DCC
:1078B000CDE90045FFF712FE09B030BD6FF00C00B6
:1078C000FAE700BF10B588B000930A9B0F9C0193A4
:1078D0000B9B069402930C9B03930D9B04931346FE
:1078E0000A460E9905910021FFF7F8FD08B010BD7A
:1078F000F0B58DB00E460093129B159F0193139B1C
:10790000179C0293149B04970393134608AA0694AA
:10791000169D05920A460121FFF7E0FD98B994B142
:107920000346024603F13001013315F802C06944F1
:10793000DBB211F8102CA3428CEA020C1A4640EA82
:107940000C00EFD308B90DB0F0BD384631460AF04F
:1079500061FB6FF00E00F6E7F0B50A9CDDE908CE9A
:107960001CB1BDE8F040FFF7C3BF6FF00C00F0BDE5
:107970002DE9F04FA9B040220021804618A81AF046
:10798000DBFC8023544A022118A8FFF751FF00288E
:1079900040F08280514C4FF0010910AEC24604F114
:1079A000600304F19C0B0A940B9304F16C030C9399
:1079B00004F178030D9304F184030E9304F1B403EE
:1079C0000F93BAF1000F5ED10E9C09F101090B9BD8
:1079D000002154F8047B18A853F8045B0E940C9C07
:1079E0002A46099706EB050C54F8048B0B930C946C
:1079F0000D9C3B4B54F8047B0D94099C002C5AD0F1
:107A00000297CDE905C40F9CCDE903B6CDE900840A
:107A1000FFF764FD00284ED13046DDE90931EA1850
:107A20001AF03AFC002846D10A9918A80F9A099B27
:107A300000924A190593434604920197284ACDE9DA
:107A4000021620310A912946FFF752FF98BB2A46B9
:107A5000594630461AF020FC054660BBBAF1000FCB
:107A600016D1B9F1040FACD118A800F0ABF9402140
:107A700018A80AF0CFFABAF1000F15D155462846DA
:107A800029B0BDE8F08F494616481AF029FC9BE75B
:107A900015481AF00DFCE4E7B8F1000F13D10125E9
:107AA000284629B0BDE8F08F0A201AF009FC2846C4
:107AB00029B0BDE8F08FBAF1000FF0D00B480125D6
:107AC0001AF0F6FBDBE7012509481AF009FC284605
:107AD00029B0BDE8F08F00BF4057026050570260E8
:107AE000E057026030330020782D0020C82D0020A0
:107AF0001C330020891A0ED0002300B59C465FFA83
:107B000081FE01338444DBB20CF802E08B429C46D8
:107B1000F7D35DF804FB704748B342B330B545185E
:107B200015F801ECBEFA8EFCA1EB0E044FEA5C1CCA
:107B300014608E4588BF4CF0010C91B1024612F8DA
:107B4000011B131A81EA0E01013B9C428CBF0023EA
:107B50000123954213FB01F34CEA03035FFA83FC14
:107B6000EDD1BCF1000F034808BF002030BD024832
:107B7000704700BF009EFFFF009FFFFF891A802310
:107B8000012983540ED9012300B59C464FF0000E05
:107B900001338444DBB20CF802E08B429C46F7D3FD
:107BA0005DF804FB704700BF38B370B5B2FA82F4D9
:107BB000640902B31460E1B108448025A64610F8B8
:107BC000013D01392E46003B18BF012323EA0E0C6C
:107BD00043EA0E0E01FB0CF31C431460037813FB05
:107BE0000CF3DBB25D400029E9D1B34201D1084674
:107BF00070BD034870BD034870BD0248704700BFA8
:107C0000009EFFFF009FFFFF10B5A1EB020EBEF12B
:107C1000010F0BD90123013A00249C46013384440F
:107C2000DBB20CF8024073459C46F7D3084400F8D9
:107C300001EC10BD30B32AB310B54C1E035DB3FA8E
:107C400083FC4FEA5C1C8B4288BF4CF0010CC91AC4
:107C500011608CB10444024612F801EB131A013B87
:107C600099428CBF00230123A24213FB0EF34CEA7E
:107C700003035FFA83FCEFD1BCF1000F024808BF99
:107C8000002010BD01487047009EFFFF009FFFFFCE
:107C90008A42134604D28A1A184400211AF04CBBB7
:107CA000704700BFF0B130B5B2FA82F46409BAB1DE
:107CB000146099B10844A64610F801CDBCF1000C3F
:107CC00018BF4FF0010C2CEA0E034CEA0E0E01FB1C
:107CD00003F3013944EA03041460EDD1002030BD00
:107CE000014830BD00487047009FFFFF28B1B2FA3D
:107CF00082F040090AB1116070470148704700BF27
:107D0000009FFFFF094803686BB9094A09491378C6
:107D10002BB141F8043B12F8083F002BF9D10022A7
:107D200001230A6003600348704700BF90E0002011
:107D3000B0A00260ECDC002070B5064660B1074CD4
:107D400005E0A868314608341AF0F2FA10B1656807
:107D5000002DF6D1284670BD0546FBE7B0A00260B5
:107D6000074B5A684AB1083302E053F8042C22B199
:107D700013F8081C08338142F7D11046704700BF42
:107D8000B0A0026010B50C4C636893B1A44602E049
:107D9000DCF804306BB19C690CF1080C94F800E03D
:107DA0008645F5D15C688C42F2D193F801E09645A6
:107DB000EED1184610BD00BFB0A0026040220021E5
:107DC0001AF0BABA68B110B50446C06B18B123688E
:107DD0009B691B6A984720464021BDE810400AF085
:107DE00019B97047F9B170B5B0FA80F60446760952
:107DF00098B10D46402231461AF09EFAAB69DB6914
:107E00009847E06368B125606B78022B07D1074A79
:107E10003046074BC4E9032370BD064870BD3046A9
:107E200070BD054870BD0348704700BFF57A00601B
:107E3000197B0060009FFFFF809EFFFF10B330B4EE
:107E40000468ACB12569AD070FD5012B4260037200
:107E500006D094F801C0ACF1030CBCF1020F0AD8B3
:107E6000A369C06B5B6930BC184765689542ECD06C
:107E7000054830BC7047002BFAD1A369C06B9B69E1
:107E800030BC184700487047009FFFFF034640B3CF
:107E900002685278022A24D1042924D8DFE801F0AC
:107EA000090F151B0300002210491046C3E90321E6
:107EB00070470F4900200F4AC3E9031270470E496B
:107EC00000200E4AC3E9031270470D4900200D4AF5
:107ED000C3E9031270470C4900200C4AC3E903129E
:107EE00070470B4870470B48704700BFED7C00603F
:107EF000F57A0060197B00607D7B0060A97B0060E3
:107F0000097C0060357C0060917C0060A57C00608D
:107F1000009FFFFF809FFFFFD0B138B50368044684
:107F200093B189B1102A11D81869C0070AD4DD6845
:107F3000AA4209D32A4604F128001AF0E1F90020E8
:107F4000A56338BD1546F5E7024838BD024838BD7F
:107F500000487047009FFFFF809FFFFF034628B146
:107F600002681AB1002210465A62704700487047F2
:107F7000009FFFFFA8B103689BB15B78062B01D07F
:107F80000020704710B5144682B0836B00F12802C0
:107F9000CDE9001490F90810C06B05F085FC02B023
:107FA00010BD0148704700BF009FFFFF2DE9F04F53
:107FB00087B0DDF840800593002800F08C801546DE
:107FC00004460268B8F1000F00F085800E46B2FA50
:107FD00082F14909002A7ED0C8F800105178D2F801
:107FE0001490012924D0062900F0A280B9F1000FD5
:107FF00000F0E380059B9E4265D0022928D003292A
:108000006BD0052940F0D580059B29469269CDE9C2
:10801000016304F11403009304F12803166904F1C9
:108020002402E06BB047002868D007B0BDE8F08FAD
:108030004D4540F0C08090693246C8F80050456810
:1080400094F90810E06BAC4607B0BDE8F04F60470C
:1080500094F90830002B56D0012BD4F824A003D17A
:10806000A9EB0A03AB4257D8BAF1000F6CD1002D2F
:1080700068D0B5FBF9FA09FB1A5ABAF1000F00F003
:108080008D80A5EB0A05524604F1140071191AF00F
:1080900037F9636A53446362002D53D094F9081092
:1080A0002368059A9B69CDE900622A469E68E06BC9
:1080B00004F12803B0470028B7D1D8F800302B448A
:1080C000C8F80030B1E7436A2BB9B5FBF9F309FBF7
:1080D0001353002B91D03A48A7E7059B9269CDE94D
:1080E000016304F12803009304F12403D6682A46AF
:1080F00094F90810E06BB047002896D1C8F80050FA
:1081000007B0BDE8F08FE368D4F824A0002BA7D017
:10811000A9EB0A03AB42A7D30AF114002A46314661
:1081200020441AF0EDF8636A00202B4463627CE778
:10813000C06B32462946C8F8005007B0BDE8F04F82
:1081400005F068BC002070E7A9EB0A0B0AF11400E7
:1081500031465A4620441AF0D3F8214604F1280348
:108160004A4651F8140B8069009105990191816884
:10817000E06B0F4694F90810B84700287FF455AF1C
:10818000059BA5EB09055E444B4455440593D8F87F
:1081900000304B44C8F80030606268E794F908107A
:1081A00000297FF47DAFE368002B3FF479AFCA4626
:1081B00067E7044839E7044837E7044835E700BF74
:1081C000009FFFFF809FFFFF809DFFFF809CFFFFC0
:1081D00000286FD02DE9F041066882B00446002ED9
:1081E00064D0B2FA82F315465B09002A5ED01360B0
:1081F0007378DA1E042A1ED9A3F10900B0FA80F0C0
:108200004009C0B93278483A012A11D9012B3BD034
:10821000022B49D10F4694F9081001290FD0726939
:10822000636A934238D0E26823481A4308BF0020AB
:1082300002B0BDE8F081002002B0BDE8F081E36843
:1082400013B3A16B04F1140801B9F168626A4046E6
:108250009847266894F908107269B369CDE90087D8
:108260009E6804F12803E06BB0470028E0D194F940
:108270000830A3B92168236901B149692A46384603
:1082800002B0BDE8F0411847636A0B48002B08BFF5
:10829000002002B0BDE8F08104F11408DDE7236896
:1082A00033B15B692B60C3E70448C1E70448BFE70B
:1082B0000346F7E702487047809DFFFF809FFFFF5E
:1082C000009FFFFFB0B130B405688DB1B1FA81F302
:1082D0005B0969B190F90840012C09D16C78062C32
:1082E00002D0184630BC7047C06B30BC05F010BCE3
:1082F0000148F7E700487047009FFFFF60B303683D
:1083000053B330B50D4690F9081085B011BB5B78BA
:10831000062B02D0002005B030BD102A144619D813
:10832000C06B694605F0F4FB0028F4D1002CF1D0B5
:108330002A19691E6C46013A11F801CF14F8013B65
:10834000914283EA0C0340EA0300F5D10028E1D012
:108350000248E0E70248DEE701487047009DFFFF62
:10836000009FFFFF70B584B004461D460A9EFFF7CC
:10837000D3FD58B9DCB12368CBB1606229462046F1
:108380000096DDE90823FFF711FE08B104B070BDC7
:10839000316803AA099B20461944FFF719FF0028FA
:1083A000F4D13368039A1344336004B070BD0148BC
:1083B000ECE700BF009FFFFF2DE9F043046816467D
:1083C0001D46079B94F801C0BCF1060FDDE90824A7
:1083D000DDE90A79DDE90CE815D0BCF1080F0FD111
:1083E000C9F8004008933346CDE90927CDE90BE8E9
:1083F0000A46C06B21460795BDE8F043FFF746BA31
:108400000948BDE8F083C9F8004009930B460121F3
:10841000CDE90A27CDE90C8E2246C06B0895079658
:10842000BDE8F04305F0DEBB809FFFFF30B51C4682
:10843000036887B08C465B780C99062B18D0082B04
:108440002ED10E9D1346C06B62462960109D059586
:108450000F9D04950D9D03950B9D02950A9DCDE9F9
:108460000045FFF779FA10F10F0F16D007B030BDB5
:108470000E9D1346C06B624629600D9D05950B9DB0
:108480000495109D03950F9D02950A9DCDE9004529
:1084900005F0CEFB10F1120FE8D1034807B030BD54
:1084A000024807B030BD00BF009DFFFF809FFFFF67
:1084B000FAF7ACB8FAF7B4B8F9F798BDF9F718BEFF
:1084C000F9F7B6BAF9F7A0B98C461346022162460D
:1084D00005F040B98C46134602216246FFF7A8B961
:1084E000FEF784BCFEF716BDFEF786BDFEF7C4BDE1
:1084F000FEF722BCFEF7CEB98C4613460521624634
:1085000005F028B98C46134605216246FFF790B95D
:1085100011461A4600F0E6B811461A4600F03EBA77
:1085200000F0DAB900F06ABC00F054BE00F04CBEB6
:1085300000F0ACBE00F09ABE00F0FEBE00F0ECBE53
:1085400010B5044600F090F82046BDE8104019F040
:10855000E3BE00BF10B5044600F07AF82046BDE83F
:10856000104019F0D9BE00BF10B50446FFF784F9DA
:108570002046BDE8104019F0CFBE00BF10B504463C
:1085800005F092FB2046BDE8104019F0C5BE00BFC3
:1085900010B50446FEF778F92046BDE8104019F002
:1085A000BBBE00BF10B50446F9F728F92046BDE868
:1085B000104019F0B1BE00BF10B54FF4C0710120DA
:1085C00019F0B2FE044608B100F048F8204610BD8C
:1085D00010B58021012019F0A7FE044608B100F073
:1085E00033F8204610BD00BF10B54021012019F01E
:1085F0009BFE044608B1FFF717F9204610BD00BFE7
:1086000010B54FF4C471012019F08EFE044608B174
:1086100005F09AF8204610BD10B54FF48A7101207C
:1086200019F082FE044608B1FEF728F9204610BD75
:1086300010B54FF48C71012019F076FE044608B194
:10864000F9F7D6F8204610BD8022002119F074BE3B
:1086500010B1802109F0DEBC704700BF4FF4C0723A
:10866000002119F069BE00BF18B14FF4C07109F0C4
:10867000D1BC7047431E0549073013F8012F52083B
:1086800083428A5C1A70F8D1704700BFE4A7026089
:10869000431E073010B4084C13F8012F5108615CD9
:1086A000914205D18342F7D100205DF8044B704719
:1086B00001205DF8044B7047E4A7026070B5084CD8
:1086C000054604F18006204608222946083419F0A0
:1086D000E3FD18B1B442F6D1002070BD012070BD99
:1086E00064A802602DE9F04F0B6800F1100C496896
:1086F00000F1900E1BBA09BA81EA131000F00F3096
:10870000414083EA0010734B81EA1044A4B26140F7
:1087100080EA044080EA910404F03334604081EA46
:10872000840180EA112404F0FF14604081EA0421EE
:1087300080EAF17404F0AA34604084EAF1744FEAEC
:10874000F0705CF8107C5CF8045C84EA07085CE973
:108750000316C8F305290CF1100C81EA341708F050
:108760003F0103EB8909F44507F03F0A03EB810160
:10877000D9F80093C7F3052B03EB8A0AD1F800114F
:1087800003EB8B0BDAF800A281EA0A0181EA090106
:10879000C8F30549C8F3056803EB890903EB8808AA
:1087A000D9F800A4D8F8009581EA0A01DBF8008620
:1087B00081EA0901C7F30549C7F3056703EB890996
:1087C00081EA080103EB8707D9F80087D7F800781A
:1087D00081EA080181EA070180EA010086EA0006D1
:1087E00085EA3015C6F3052106F03F08C6F30547B4
:1087F000C6F3056603EB810105F03F0A03EB880829
:10880000D1F8001303EB8707D8F8008103EB860645
:10881000D7F8009403EB8A0A81EA0801D6F80075BC
:10882000C5F30526C5F3054881EA0401DAF80042DC
:1088300003EB8606C5F3056581EA090103EB8808A9
:10884000D6F8006603EB850581EA0701D8F80077C2
:1088500081EA0401D5F8004881EA060181EA0701AE
:1088600084EA01047FF46DAF80EA740101F0AA315B
:1088700081EA000381EA74014FEA730381EA13205D
:1088800000F0FF10414083EA002381EA930000F0EA
:108890003330414083EA800383EA114080B2434091
:1088A00081EA004183EA111000F00F3081EA0011E3
:1088B000434000200C0ED170D37114700C0C090AC7
:1088C00054701C0E9170190C1B0A14715171937124
:1088D000BDE8F08FE4A7026012F0070F5BD1012919
:1088E0002DE9F043074683B0994629D022B309F118
:1088F000FF38DDE90A53DC1DAE1828686B4669684D
:10890000E21F03C329463846FFF7ECFEA4F1080234
:10891000434612F8011F13F8010FA24281EA000139
:108920001170F6D16B4608350834B54203CBC9F84F
:108930000000C9F80410E0D1002003B0BDE8F083C6
:10894000002AF9D009F1FF38DDE90A36DC1DB51837
:10895000A4F108024046711E12F8013F10F801CF41
:10896000A24283EA0C0301F8013FF5D132463146B9
:1089700008363846FFF7B6FE083456F8082CAE42E3
:1089800056F8043CC9F80020C9F80430E0D10020B2
:1089900003B0BDE8F0836FF0310070472DE9F04F70
:1089A00083B003464C68019003F11006086824BAAE
:1089B00003F1900C00BA84EA101303F00F335C400B
:1089C00080EA0310A74B84EA104189B24C4080EA48
:1089D000014080EA940101F03331484084EA810487
:1089E00080EA142101F0FF11484084EA012480EA62
:1089F000F47101F0AA31484081EAF4714FEAF07055
:108A0000884656E9047556E9021488EA070785EA9C
:108A10003815103607F03F0E05F03F09B44503EB5B
:108A20008E0E03EB8909DEF800E1D9F800928EEA98
:108A3000090EC7F3052903EB8909D9F800938EEADB
:108A4000090EC7F30549C7F3056703EB890903EB73
:108A50008707D9F800A4D7F800958EEA0A07C5F36E
:108A6000054E87EA0907C5F30529C5F3056503EB3C
:108A70008E0E03EB890903EB8505D9F800A6DEF815
:108A80000097D5F800E887EA0A0585EA090585EA2E
:108A90000E0580EA050081EA000184EA30144FEAFD
:108AA000301EC1F3052A01F03F09C1F30547C1F3A8
:108AB000056103EB8A0A03EB890903EB8105DAF808
:108AC0000013D9F800A103EB870781EA0A01D7F860
:108AD0000094D5F80075C4F3052581EA080104F077
:108AE0003F0803EB850581EA090103EB880881EA69
:108AF0000701D8F80082D5F80076C4F3054581EA6D
:108B00000801C4F3056403EB850581EA070103EB63
:108B10008404D5F80057D4F8004881EA050181EAB9
:108B200004087FF46EAF019C414604F5887901E0AA
:108B30004FEA301E5CE904465CE9027544408EEA67
:108B4000060E0CF1100C04F03F0B0EF03F06C4F3C0
:108B5000052AC4F3054803EB8B0BC4F3056403EB50
:108B60008606CC45DBF800B103EB8A0AD6F8006232
:108B700003EB8808DAF800A303EB84048BEA06060B
:108B8000D8F800B4CEF30528D4F8004586EA0A06E2
:108B9000CEF3054A03EB8808CEF3056E86EA0B0692
:108BA00003EB8A0AD8F8008603EB8E0E84EA0604EB
:108BB000DAF80067DEF800E884EA080484EA0604CC
:108BC00084EA0E0481EA040187EA010785EA311587
:108BD0004FEA3118C7F3052E07F03F06C7F30544E7
:108BE000C7F3056703EB860603EB8E0ED6F800B1DC
:108BF00003EB8404DEF800E305F03F06D4F800A49C
:108C000003EB87078EEA0B0EC5F30524D7F8007532
:108C100003EB86068EEA000003EB8404C5F3054EE1
:108C2000D6F8006280EA0A00D4F8004603EB8E0E04
:108C3000C5F3056580EA070003EB8505DEF80077DC
:108C400080EA0600D5F8005880EA040080EA0700B0
:108C500080EA05007FF46CAF019C0E4604F5C875F0
:108C600004E000BFE4A702604FEA36185CE9044163
:108C70005CE902E7744088EA01080CF1100C04F08A
:108C80003F0B08F03F01C4F3052AC4F3054903EB89
:108C90008B0BC4F3056403EB8101AC45DBF800B139
:108CA00003EB8A0AD1F8001203EB8909DAF800A372
:108CB00003EB84048BEA0101D9F800B4C8F3052959
:108CC000D4F8004581EA0A01C8F3054A03EB890993
:108CD000C8F3056881EA0B0103EB8A0AD9F800960C
:108CE00003EB880884EA0104DAF80017D8F8008852
:108CF00084EA090484EA010484EA080480EA04009E
:108D000080EA0E0E87EA3017CEF305210EF03F08F9
:108D1000CEF30544CEF3056E03EB810107F03F0A65
:108D200003EB8808C7F30529D1F8001303EB84048B
:108D3000D8F8008103EB8E0ED4F8004403EB8A0AC6
:108D400081EA0801DEF800E5C7F3054803EB89096D
:108D500081EA0601DAF8006203EB8808C7F30567C9
:108D600081EA0401D9F8004603EB870781EA0E0186
:108D7000D8F800E781EA0601D7F8006881EA040123
:108D800081EA0E0186EA01067FF46EAF80EA76047E
:108D900004F0AA3484EA000384EA76014FEA7303FC
:108DA00081EA132000F0FF10414083EA002381EAAA
:108DB000930000F03330414083EA800383EA11409E
:108DC00080B2434081EA004183EA111000F00F3085
:108DD00081EA0011434000200C0ED170D371147051
:108DE0000C0C090A54701C0E9170190C1B0A14719A
:108DF0005171937103B0BDE8F08F00BF12F0070FFF
:108E00005BD101292DE9F043074683B0994629D06B
:108E100022B309F1FF38DDE90A53DC1DAE182868DA
:108E20006B466968E21F03C329463846FFF7B6FD63
:108E3000A4F10802434612F8011F13F8010FA242E1
:108E400081EA00011170F6D16B4608350834B5424D
:108E500003CBC9F80000C9F80410E0D1002003B02A
:108E6000BDE8F083002AF9D009F1FF38DDE90A36C0
:108E7000DC1DB518A4F108024046711E12F8013F2E
:108E800010F801CFA24283EA0C0301F8013FF5D1AB
:108E90003246314608363846FFF780FD083456F82A
:108EA000082CAE4256F8043CC9F80020C9F804303A
:108EB000E0D1002003B0BDE8F0836FF031007047CF
:108EC0002DE9F04F0B6883B04C6884461BBA0090C4
:108ED00024BABC484FF0000E83EA141202F00F329D
:108EE000534084EA021483EA040202F01032534031
:108EF0005440C3F34352C3F3431700EB8202D2F84A
:108F0000006903F00F0200EB8202D2F80059C3F3AC
:108F1000036200EB8202D2F80019C4F3436241EA13
:108F2000C501250F00EB820200EB8505D2F8402930
:108F3000D5F8405942EA05125D0F00EB8505D5F8DA
:108F4000005941EA0511C4F3430500EB8505D5F846
:108F5000405942EAC502C3F3032500EB8505D5F865
:108F6000005941EA8501C4F3432500EB8505D5F896
:108F7000405942EA8502C3F3034500EB8505D5F865
:108F8000005941EA4501C4F3434500EB8505D5F896
:108F9000405942EA4505C3F3433200EB870300EB37
:108FA0008202D3F8003941EAC311D2F8003941EA0C
:108FB0008311C4F3031300EB830341EA4611D3F892
:108FC000402921F0704145EAC212C4F30335C4F3CD
:108FD000035400EB850500EB8403D5F84009D3F872
:108FE000403942EA801242EA43126346043322F0D7
:108FF00070420193D4E04FF4014323FA0EF3DB07F0
:1090000000F1D280930E880E43EA820340EA810188
:1090100023F0704221F07041CD0302F4807C0B01FB
:109020000E0705F00057480403F0105306F0805671
:109030008C0200F0805005F40035334302F40076D2
:10904000384367464FEA912C3B4306438F0304F0B5
:10905000006004F480244FEA923907F00067064369
:10906000880509F4007B3B438F0400F0806029F4FD
:10907000FE6907F002774FEA5218064388083B431F
:109080008F0100F0007029F0070907F0807708F0E1
:109090002008064348003B434F0200F080704FEA2F
:1090A000095907F400174FEAD21A064308043B4354
:1090B0004F0800F400104FEA195907F480170AF01E
:1090C000200A0643C8023B438F0000F4801023436C
:1090D00007F400340643C80023438C0900F4002041
:1090E000570B04F4802430430CF4803607F4005707
:1090F0003343204316090C093B4306F4805C2843A4
:1091000004F480349701960843EA0C0307F40067DF
:10911000204306F40056150254083B43304305F43F
:10912000805504F48064570A28434FEA922C234365
:1091300007F48067D60140EA090043EA0B03D4082C
:1091400006F4807638430CF0100C43EA08033043F1
:1091500004F01107950C04F0080443EA0C03960E82
:1091600005F0040540EA0A002343940038432B43EA
:1091700004F0040406F00205C2F300662043540D17
:109180002B43009D04F002043343204345F83E3056
:10919000019B43F83E000EF1010EBEF1100F0ED000
:1091A000BEF1010F3FF727AFD30EC80E43EA4203CB
:1091B00040EA410123F0704221F070412CE703B0F6
:1091C000BDE8F08FE4A7026008B5FFF779FE002044
:1091D00008BD00BF38B50446FFF772FE00232246E3
:1091E000211D956F083A54F8230044F82350D2F813
:1091F0008450C2F8800051F8230041F82350023314
:10920000C2F88400102BECD1002038BD70B5164692
:109210000C4605461146FFF753FE06F1080104F11E
:109220008000FFF74DFE28462146A5F1800C2B4615
:109230002246846F0838083A08330C600831D0F8A9
:109240008440604541F8044CD2F8004153F8045C76
:109250009C6753F8086CD2F80441C3E93E65DC67AB
:1092600051E90254C1E93E54E3D170BD00B5E1B00B
:109270000A466946FFF7CAFF68464FF4C07108F016
:10928000C9FE002061B05DF804FB00BF00B5E1B08D
:109290000A4601466846FFF7B9FF68464FF4C071B9
:1092A00008F0B8FE002061B05DF804FB70B516460A
:1092B0000D4604461146FFF703FE05F1800006F156
:1092C0000801FFF7FDFD06F1100104F58070FFF7BE
:1092D000F7FD29462046A4F1800522460B46D0F82A
:1092E00078410838083B08320C608542D0F8844148
:1092F00001F1080141F8044CD3F800419467D3F818
:109300000441D467D0F88040C1F8F840D0F88440D8
:10931000C1F8FC40E3D170BD00B5E1B00A46694632
:10932000FFF7C4FF68464FF4C07108F073FE0020D9
:1093300061B05DF804FB00BF00B5E1B00A4601462C
:109340006846FFF7B3FF68464FF4C07108F062FE4D
:10935000002061B05DF804FB2DE9F04FADF5697DAB
:1093600080220021824608A802AC18F0E5FF002107
:109370004FF4C07228A80E46DFF810B3DFF82C8334
:1093800018F0DAFF771006F00109BAF1000F0FD0DC
:109390007A1C002FB94B4046C2EBC2020CBF202101
:1093A0003321B9F1000F08BF5B46D20018F098FFD7
:1093B000B34B93E80300731E84E80300042B00F210
:1093C0008481DFE803F063574B3F030088AD28A892
:1093D000AC4A2946FFF76AFF28464FF4C07108F0EF
:1093E00019FE42F2107503E0FFF77CF9013D09D048
:1093F0002246214608A8002FF6D028A8FFF7CEFA6B
:10940000013DF5D1B9F1000F40F019819E4B53F8A1
:10941000372003EBC703216891423CD0BAF1000F1B
:1094200040F022814FF0010A08A8802108F0F2FDE7
:1094300028A84FF4C07108F0EDFD50460DF5697D88
:10944000BDE8F08F88AD28A98E4A2846FFF72EFF89
:1094500028464FF4C07108F0DDFDC2E788AD28A8AA
:10946000884A2946FFF7D2FE28464FF4C07108F01B
:10947000D1FDB6E788AD28A9824A2846FFF7C6FE87
:1094800028464FF4C07108F0C5FDAAE77D4908A839
:10949000FFF716FDA5E75B6862689A42BED1BAF194
:1094A000000F40F0E7800136062E7FF46BAFBAF173
:1094B000000F40F001814FF0000B0DF1180804ADD2
:1094C0004FEA6B07BAF1000F12D0002F07F101022B
:1094D0006A4EC2EBC2020CBF202133211BF0010FE8
:1094E0006A4B4FEAC2026A4818BF334618F0F8FECA
:1094F000684A0BF1FF3392E80300614A88E80300F1
:1095000085E8030092E8030084E80300042B00F2DE
:10951000D780DFE803F08E827632030088AE28A879
:10952000584A3146FFF7C2FE4FF4C071304608F08A
:1095300071FD42F2107912E0CDE90044FFF7CCF959
:10954000B9F1010995E8030086E8030094E80300F7
:1095500085E8030096E8030084E8030071D04346E1
:109560000822012108A8002FE6D00121082228A8FE
:10957000CDE90044FFF742FCE2E788AE28A9414A62
:109580003046FFF793FE30464FF4C07108F042FDBD
:1095900042F2107605E0CDE90044FFF79DF9013E67
:1095A0000ED043460822394608A8002FF3D00822DF
:1095B000002128A8CDE90044FFF720FC013EF0D1AE
:1095C000354B216853F8372003EBC70391427FF4F2
:1095D00025AF5B6862689A427FF420AFBAF1000F52
:1095E00066D10BF1010BBBF1060F7FF469AFBAF145
:1095F000000F3FF419AF0A204FF0000A18F060FE88
:1096000012E788AE28A81F4A3146FFF7FFFD4FF446
:10961000C071304608F0FEFC8BE788AE28A9194AD5
:109620003046FFF7F3FD30464FF4C07108F0F2FC0E
:10963000AEE7144908A888AEFFF742FC79E7174B5C
:10964000E5E6174B95E8030053F8372003EBC70313
:10965000904284E803007FF4E1AE5B689942BDD09C
:10966000BAF1000F3FF4DEAE0E484FF0010A18F0D9
:109670001FFED9E60C4818F01BFE14E7542D0020FD
:10968000FC35002064B102607CB10260502D0020E6
:10969000E435002008360020C4B1026094B10260B5
:1096A000ACB10260C82D0020782D0020CC35002000
:1096B000084818F0FDFD94E70A2018F001FEFAE6CC
:1096C000054908A8FFF786FD62E7034908A8FFF7E8
:1096D00081FD86E6782D002064B1026038B50B6804
:1096E0000D46D11A012913DD194631F8024B64BA2F
:1096F000521A2960A4B2A2420ADB2246FAF7FEFC03
:1097000018B92B6823442B6038BDA0F5445038BDF0
:10971000004838BD80CFFFFF70B586B006460D46C5
:109720006846FAF7B7FA03A8FAF7B4FA02216846CE
:10973000FAF722FC044640B16846FAF7B3FA03A8E8
:10974000FAF7B0FA204606B070BD0222294603A8F7
:10975000FBF764F804460028EED169463046FAF774
:10976000BDFE002805DB03A93046FAF7B7FE002846
:10977000E2DD014CE0E700BF80CFFFFF7C2200214B
:1097800018F0DABD2DE9F843071D05468846164650
:109790003846FFF7A3FF044610B12046BDE8F88322
:1097A0003246414605F11000FFF798FF04460028B5
:1097B000F3D105F13409324641464846FFF78EFFA2
:1097C00004460028E9D139464846FFF7A5FF04467C
:1097D0000028E2D13846FAF78BFC2860DDE700BFAD
:1097E0002DE9F04F051D85B006460F46284600219D
:1097F0009146DDF838A0DDF83CB00293FAF7C0FEE0
:1098000000287DD006F11C044FF00C085B46524640
:1098100039462046FBF764FF20B16AE0FAF752FDB3
:10982000002866D129462046FAF758FE0346012152
:109830002046002BF2DAB8F101085FD02946FFF785
:109840006BFF0028E2D106F14C0306F1280806F16F
:10985000100A2246009340462B465146FBF78CFDEA
:10986000002846D129464046FFF756FF002842D13E
:10987000284609F1020BFAF73BFC04465046FAF77A
:1098800037FC07464046FAF733FC03462246284693
:1098900059461D46FAF79AFC58BB0BEB0403220A03
:1098A000504689F8014003F1020A89F800203A463F
:1098B00003935146FAF78AFCD8B93A0A40460AEBB4
:1098C0000708039B0BF804202A4608F1020B5F707F
:1098D0005946FAF77BFC60B92A0A0BEB05030AF834
:1098E0000720A3EB0903029A88F801501360346043
:1098F00001E0A0F5465005B0BDE8F08F0148FAE759
:109900000148F8E780CEFFFF80CFFFFF002A18BF95
:109910000029F8B51AD00546C0B1071D16463846CD
:10992000FAF742FA044618B1A4F556542046F8BD99
:10993000314605F11000FAF737FA04460028F3D152
:109940003846FAF7D5FB28602046F8BD004CEDE715
:1099500080CFFFFF70B16AB110B50468944207D39D
:109960003430FAF7CBFB00B910BDA0F5485010BD5C
:10997000014810BD0048704780CFFFFF2DE9F04F30
:1099800085B0DDF838A0DDF83CB0039200284FD058
:109990008846B3FA83F11F464909002B48D0036873
:1099A0000646BB4244D3051D2846FAF7E9FD0028C8
:1099B0003ED006F11C044FF00C095B46524641466E
:1099C0002046FBF78DFE18B12BE0FAF77BFC40BB7D
:1099D00029462046FAF782FD034601212046002B46
:1099E000F3DAB9F1010921D02946FFF795FE0028E5
:1099F000E3D106F14C03224606F1280406F11001DA
:109A000000932B462046FBF7B7FC50B92946204669
:109A1000FFF782FE38B93A4603992046FAF7D6FB9B
:109A200008B1A0F54A5005B0BDE8F08F0148FAE74B
:109A30000148F8E780CDFFFF80CFFFFF2DE9F04F11
:109A400087B0002800F0EB809946036805469342F2
:109A500000F2E580071D00F1340A88465046394679
:109A6000FFF75AFE044618B1204607B0BDE8F08F54
:109A700003A8FAF70FF9109B002B00F09B8005F16B
:109A80001C0B05F1700458462146FAF727FD002803
:109A900042D105F1580601213046FAF771FD002840
:109AA00040F09D800C243846FAF722FB01463046F0
:109AB000DDE91023FBF714FE18B124E0FAF702FCED
:109AC00008BB39463046FAF709FD03460121304606
:109AD000002BF3DA013C00F0A480FAF751FD0028D6
:109AE000E1DD05F164043A4631462046FCF7E4F82E
:109AF00048B905F14C035A462146204600933B469F
:109B0000FBF73AFCF0B1A0F54C5403A8FAF7CAF8F9
:109B1000204607B0BDE8F08F20465946FAF744F9D1
:109B20000028F0D105F1580601213046FAF724FA51
:109B30000028E8D105F1640401212046FAF71CFA57
:109B40000028E0D13246514603A8FAF79FFE0028CC
:109B5000D9D103A93A460846FBF764FA0028D2D1C6
:109B600005F140064C355A463B4603A93046009560
:109B7000FBF702FC0028C6D1224631463046FAF7F0
:109B800085FE0028BFD13A4631463046FBF74AFAF7
:109B90000028B8D13046FAF7ABFA024641463046C3
:109BA000C9F80020FAF712FB04460028ADD0A0F552
:109BB0004C54AAE7514603A8FAF7F6F80028A2D1B8
:109BC00005F14C0205F140063B4603A900923046E0
:109BD00005F11C02FBF7D0FB002894D1DAE73246EE
:109BE00031463046FAF752FE00288CD13A463146CB
:109BF0003046FBF717FA002885D105F164042246A8
:109C000021462046FAF742FE00287FF47CAF3A4610
:109C100021462046FBF706FA002893D073E7024C52
:109C200022E7024C71E700BF80CFFFFFF2CCFFFFBD
:109C300010B504467030FAF735F804F16400FAF70D
:109C400031F804F15800FAF72DF804F14C00FAF756
:109C500029F804F14000FAF725F804F13400FAF786
:109C600021F804F12800FAF71DF804F11C00FAF7B6
:109C700019F804F11000FAF715F8201DFAF712F898
:109C800020467C21BDE8104008F0C4B92DE9F04120
:109C90008EB006460D4608A8059205F0B7FF059957
:109CA00091B92946302306AA07A80795F8F7DCFFE3
:109CB000044640B3A4F54E5408A806F037FADCB9C0
:109CC00020460EB0BDE8F081294411F8013C002B7C
:109CD000E8D105AA2D4908A802922D4ACDE9003302
:109CE0002B4605F099FF044600283BD010F5845F11
:109CF00049D008A806F01AFA3046FFF799FF204627
:109D00000EB0BDE8F081DDE90635371D07A81D441A
:109D10003A462946F9F7CCF804460028CAD106F19C
:109D20001002294607A8F9F7C3F804460028C1D154
:109D3000079BAB421ED00BA8F9F7ACFF0BAA294634
:109D400007A8F9F7B5F880460BA8F9F7ABFFB8F10B
:109D5000000F0CD1079BAB420CD008A80D4C06F0AD
:109D6000E5F9C9E7DDE90851059129449AE7A8F525
:109D70004E54A1E73846FAF7BBF9034608A833600A
:109D800006F0D4F99CE7059929448BE7303600208A
:109D9000143600201ACCFFFF10B5A0B004467C2278
:109DA000002101A818F0C8FA6CB9FB22144901A8D7
:109DB000FFF76CFF041E01A818BF0124FFF738FF4E
:109DC000204620B010BD0F4818F08AFAFB220C493B
:109DD00001A8FFF75BFF044640B90B4818F068FA8A
:109DE00001A8FFF725FF204620B010BD0124074839
:109DF00018F05EFA01A8FFF71BFF204620B010BD47
:109E0000DCB1026050360020302E0020C82D00202A
:109E100002F0CABA2DE9F0418CB0164605461F463D
:109E200003A8884601F04EFA3146284602F030FA7F
:109E3000044630B103A801F075FA20460CB0BDE825
:109E4000F081139933463A462846019112990091C0
:109E500003A901F0BFFE04460028EBD103A801F0DE
:109E60006FFD28B903A94046F9F79EFF0446E1E7D4
:109E7000004CDFE780B0FFFF4FF49A72002118F02A
:109E80005BBA00BF08B310B5044601F05BFA04F1F9
:109E9000880001F047FA04F1AC0001F043FA04F144
:109EA000E00001F03FFA04F5827001F03BFA04F1A2
:109EB0007C00F9F7F7FE04F1D000F9F7F3FE04F5A2
:109EC0009470BDE81040F9F7EDBE7047002835D01A
:109ED0002DE9F0411E46836D84B0044663B30B9BAD
:109EE00000F188080F461546009300F17C010A9B9B
:109EF000424602F059FA10B104B0BDE8F081334691
:109F00002A4602A9204601F041FE0028F4D1029B16
:109F100041462046F61A1D4403AB01960095D4F83D
:109F2000DC2001F0EFFD0028E6D1DDE90232134428
:109F30003B6004B0BDE8F0810148DDE700487047B0
:109F400080B0FFFF70B515460A680C460646AA1A8F
:109F500001F0F0FD00B170BD2368224606F1AC01AE
:109F60003046EB1ABDE8704001F0B2BD70B5054651
:109F70000E46144601F05EFA48B9012C10D0BCB967
:109F800006F1880105F1880001F03CFA00B170BDCE
:109F900006F17C0105F17C00BDE87040F9F704BFD3
:109FA00006F1880105F1AC00BDE8704001F02ABA65
:109FB000004870BD80B0FFFF2DE9F04182B00F4630
:109FC0009846DDE90831E0B11646826D0446C2B11B
:109FD00000F18805009100F17C012A4602F0E4F9C5
:109FE00010B102B0BDE8F081CDF824803B46D4F832
:109FF000DC2029462046089602B0BDE8F04101F079
:10A0000081BD0148EDE700BF80B0FFFF30B583B0F0
:10A010000C46019168B101461546134601AAAC31C0
:10A0200001F056FD18B9019B1B1BAB4201D103B0D7
:10A0300030BD0148FBE700BF80B0FFFF2DE9F041D4
:10A0400082B017469846DDE9083220B300F1D0050A
:10A050000E4604462946CDE9003200F17C0300F1AA
:10A06000AC02FFF7D7FE10B102B0BDE8F081284680
:10A07000FAF73EF840450ED8A36D3946284613F04E
:10A08000070218BF012202EBD302326002B0BDE822
:10A09000F041FAF79BB80148E6E700BF80B0FFFF48
:10A0A000F8B5C46D0F460546114607343846E40836
:10A0B0009C4228BF1C462246FAF720F8064680B983
:10A0C000EB6DE100B3EBC40F04D2C91A3846FAF7BE
:10A0D000F9F878B94C3538462946FAF7FFF90028DF
:10A0E00001DA3046F8BD2A4639463846BDE8F84020
:10A0F000FAF732BB06463046F8BD00BF2DE9F04FF7
:10A100009A4699B0436DDDF89080DDF89490039203
:10A11000002B00F0C78005460C4650460121FAF797
:10A120002FFA0028C0F2BC8005F14C075046394692
:10A13000FAF7D4F9002880F2B3800FA801F0C2F832
:10A1400006A8F9F7A7FD0C2309A80493F9F7A2FDC7
:10A150000CA8F9F79FFD0C2602E0FAF711FA38BBBC
:10A1600043460FAA06A92846CDF8009002F01CF934
:10A1700003463A460FA9204643B9FAF753FF034670
:10A1800020461BB9013E1946E7D1474B0FA8039360
:10A1900001F0C8F806A8F9F785FD09A8F9F782FDCE
:10A1A0000CA8F9F77FFD039B184619B0BDE8F08FA6
:10A1B000DDE9222309A92846FFF772FF034600289C
:10A1C000E4D14FF01F0BEE6D4B4642460CA807360C
:10A1D000F10826F00706FBF783FA03460CA8002BCC
:10A1E000D4D1E96D711AFAF76DF801210346002800
:10A1F000CCD1BBF1010B51D00CA8FAF7C1F9002862
:10A200003946E0DB0CA8FAF769F90028DBDA039E8F
:10A21000524621463046FAF739FB03460028B5D1AD
:10A2200009A932460846FAF76FFA03460028ADD16D
:10A2300009A90CAA0846FAF729FB03460028A5D16C
:10A2400006A90CAA0846FAF721FB034600289DD16F
:10A250003A4606A93046FBF72FFD0346002895D164
:10A2600009AA31463046FAF711FB034600288DD182
:10A270003A4631463046FAF7D5FE0346002885D1E6
:10A28000049A013A049280D0014605903046FAF7CC
:10A2900077F9059B00283FF45EAF77E7024B83E731
:10A2A000024B81E7024B7FE700B3FFFF80B3FFFF64
:10A2B00080B0FFFF2DE9F047B8B00646C56D89466E
:10A2C0009DF808019246984604F03AFA002841D0D9
:10A2D0000735074604A8ED08F9F7DCFC1FA803F0D2
:10A2E0006DFF2A4607A94046F9F770FF044648B1BA
:10A2F0001FA804F0B5F804A8F9F7D4FC204638B03C
:10A30000BDE8F087DDE9402304A93046FFF7C8FE29
:10A3100004460028ECD107AB2A4604A85919F9F7DE
:10A3200055FF04460028E3D11FAC6B0007AA39464D
:10A330001FA803F099FF0394419C434652464946A7
:10A3400001943046409C0094034C0294FFF7D6FEE3
:10A350000446CDE7014CD1E74DE4006080B0FFFF3B
:10A360002DE9F04798B004461D460E460FA8174643
:10A37000DDF8808000F0A6FF03A8F9F78BFC06A8A3
:10A38000F9F788FC09A8F9F785FC0CA8F9F782FC15
:10A39000636D002B00F0898001214046FAF7F0F848
:10A3A000002807DB04F14C0A40465146FAF796F8BC
:10A3B000002814DBDFF8F8900FA800F0B3FF03A823
:10A3C000F9F770FC06A8F9F76DFC09A8F9F76AFC23
:10A3D0000CA8F9F767FC484618B0BDE8F0870121E2
:10A3E0002198FAF7CDF80028E4DB51462198FAF7D6
:10A3F00075F80028DEDA2946204601F049FF81463B
:10A400000028D9D13B46324603A92046FFF748FE33
:10A4100081460028D0D15246219906A8FBF74CFC72
:10A4200081460028C8D106AA03A909A8FAF72EFA7E
:10A4300081460028C0D109A952460846FAF7F2FD24
:10A4400081460028B8D106AA41460CA8FAF71EFAA0
:10A4500081460028B0D10CA952460846FAF7E2FD21
:10A4600081460028A8D10CAB204609AA0FA9009369
:10A4700004F12803019501F0C3FE814600289BD119
:10A480000FA801F05DFA002894D10FA952460846A2
:10A49000FAF7C8FD814600288ED141460FA8FAF789
:10A4A0001DF88146002887D084E7DFF8089092E7FE
:10A4B00000B2FFFF80B0FFFFF0B5A7B00F46044623
:10A4C00015461E4605A8F9F7E5FB08A8F9F7E2FBD3
:10A4D00004F17C03204608AA05A90095CDE901678F
:10A4E000FFF7E8FE044640B105A8F9F7DBFB08A832
:10A4F000F9F7D8FB204627B0F0BD0DF1950308AA67
:10A500000BA904A80493F8F745FE051E20DB05AA55
:10A510000BA904A8F8F73EFE002818DB2E180BA99B
:10A5200004A83246F8F79AFD051E11DB0BA904A812
:10A530003022F8F707FE002809DB3544049905446A
:10A540002C982A4617F0DCFE2D9B1D60CCE70546B3
:10A550002C46C9E710B584B00024009313460A4680
:10A56000069901919DF81C10CDE90244FFF7A4FF64
:10A5700004B010BDF0B58BB004460E461746109DD2
:10A5800004A802931D44F9F785FB07A8F9F782FB9D
:10A59000302303AA294602A8F8F766FB50B9DDE983
:10A5A000023213449D422BD104AA294602A8F8F78F
:10A5B0007FFC50B1A0F59F4404A8F9F773FB07A8EE
:10A5C000F9F770FB20460BB0F0BD02A807AA294698
:10A5D000F8F76EFC0028EDD107AB20463A4631462D
:10A5E000019304AB009304F18803FFF7B9FE04461E
:10A5F0000028E1D1029A034BAA4218BF1C46DBE7B0
:10A60000014CD9E700B4FFFF1AB0FFFF70B582B06C
:10A61000044616461D4602F067FF10B1012002B045
:10A6200070BD334604F1880204F17C012046009598
:10A6300001F0BAFE003818BF012002B070BD00BFA3
:10A6400070B505460E4600F0F5FE044638B906F131
:10A650007C0105F17C00F9F7A7FB044620B12846F0
:10A6600000F0B8FE204670BD06F1880105F18800B3
:10A6700000F0C8FE04460028F4D0F0E700F038BE31
:10A6800000F0A8BE4B6E70B50D460446002B39D0C5
:10A690000368002B2FDB2046F9F7F4FCAB6DB0EB21
:10A6A000430F2DD86B6E204698470646F0B9043507
:10A6B00009E0F9F765FF03462A46214620465BB1CB
:10A6C000FAF722F8A0B92368002120468B42F0DB7C
:10A6D00002E0F9F7CFFF58B929462046F9F7FEFE08
:10A6E00003462A462146002B2046F2DA304670BD4A
:10A6F0000646304670BD0021F9F742FF0028CAD057
:10A70000034EF3E70A1D0146BDE87040FAF78ABC24
:10A7100080B0FFFF2DE9F0410D4686B006460021CE
:10A7200005F118073846F9F72BFF20B904462046F3
:10A7300006B0BDE8F0816846F9F7ACFA03A8F9F76E
:10A74000A9FA321D39466846FBF7B6FA044630B915
:10A750006A46694603A8FAF799F8044648B168467C
:10A76000F9F7A0FA03A8F9F79DFA204606B0BDE86C
:10A77000F081314603A8FFF785FF04460028EED19B
:10A78000DFF8908003AA29462846D8F80030013324
:10A79000C8F80030FAF77AF804460028DFD13146CD
:10A7A0002846FFF76FFF04460028D8D1D8F80030BC
:10A7B0000C3503AA013329462846C8F80030FAF7B9
:10A7C00065F804460028CAD131462846FFF75AFFEB
:10A7D00004460028C3D1D8F800306A4629462846E6
:10A7E0000133C8F80030FAF751F804460028B6D112
:10A7F00031462846FFF746FF04460028AFD1D8F877
:10A800000030384601210133C8F80030F9F7B4FBB5
:10A810000446A4E798DD002070B50C4684B00546D8
:10A8200016460C3401A8F9F735FA291D224601A86D
:10A83000F9F792FF054670B901462046F9F7A0FEE8
:10A84000034601A92046002B0CBF002206F001029E
:10A85000F9F712FB054601A8F9F724FA284604B0D7
:10A8600070BD00BF2DE9F047B24C8CB006460F46D4
:10A8700023686846154601332360F9F70BFA03A8ED
:10A88000F9F708FA06A8F9F705FA09A8F9F702FA9C
:10A89000B369002B00F0AA812A46294603A8F9F7DC
:10A8A000F5FF044678B16846F9F7FCF903A8F9F713
:10A8B000F9F906A8F9F7F6F909A8F9F7F3F9204626
:10A8C0000CB0BDE8F087314603A8FFF7DBFE044675
:10A8D0000028E8D1DFF86082032203A96846D8F88F
:10A8E00000300133C8F80030FAF73AF9044600287E
:10A8F000D9D106F1040904E0F9F7BCFE04460028AA
:10A90000D1D149466846F9F7E9FD03464A4669460A
:10A91000002B6846F0DA06F1100A00215046F9F7DC
:10A920002FFE002840F0E08105F10C0A06A85246EF
:10A930005146F9F7ABFF04460028B4D1314606A8CA
:10A94000FFF7A0FE04460028ADD1D8F80030012161
:10A9500006A80133C8F80030F9F760FC044628B1B6
:10A96000A1E7F9F787FE044600289CD1494606A8CE
:10A97000F9F7B4FD034606A94A46002B0846F0DA6B
:10A980000A4603A82946F9F781FF044600288AD120
:10A99000314603A8FFF776FE0446002883D1D8F895
:10A9A0000030012103A80133C8F80030F9F736FC64
:10A9B000044630B177E7F9F75DFE044600287FF4DE
:10A9C00072AF494603A8F9F789FD034603A94A4631
:10A9D000002B0846EFDA06AA09A81146F9F756FF38
:10A9E000044600287FF45FAF314609A8FFF74AFE0E
:10A9F000044600287FF457AFD8F80030012109A899
:10AA00000133C8F80030F9F709FC044630B14AE7D1
:10AA1000F9F730FE044600287FF445AF494609A8FF
:10AA2000F9F75CFD034609A94A46002B0846EFDA10
:10AA30006A46694606A8F9F729FF044600287FF40C
:10AA400032AF314606A8FFF71DFE044600287FF40A
:10AA50002AAFD8F8003006A903AA01330846C8F87F
:10AA60000030F9F779FE044668B11CE7F9F788FD74
:10AA700006A903464A46084653B1F9F745FE04467F
:10AA800000287FF410AF069B002106A88B42EDDB67
:10AA900006A903AA0846F9F75FFE044668B102E773
:10AAA000F9F76EFD06A903464A46084653B1F9F781
:10AAB0002BFE044600287FF4F6AE069B002106A874
:10AAC0008B42EDDB03A906AA0846F9F745FE0446CA
:10AAD00068B1E8E6F9F754FD03A903464A4608467B
:10AAE00053B1F9F711FE044600287FF4DCAE039B56
:10AAF000002103A88B42EDDB03A96A460846F9F75B
:10AB0000C5FE044600287FF4CEAE314603A8FFF709
:10AB1000B9FD044600287FF4C6AED8F8003003A97A
:10AB200009AA01330846C8F80030F9F715FE0446B3
:10AB300088B1B8E6E8D5002098DD0020F9F720FDBF
:10AB400003A903464A46084653B1F9F7DDFD04461A
:10AB500000287FF4A8AE039B002103A88B42EDDB05
:10AB600005F11802514609A8F9F790FE044600289D
:10AB70007FF499AE314609A8FFF784FD044600280A
:10AB80007FF491AED8F80030012109A80133C8F84C
:10AB90000030F9F743FB044630B184E6F9F76AFD6B
:10ABA000044600287FF47FAE494609A8F9F796FCD1
:10ABB000034609A94A46002B0846EFDA06A938469B
:10ABC000F9F7F2F8044600287FF46DAE03A907F107
:10ABD0000C00F9F7E9F8044600287FF464AE07F1A9
:10ABE000180009A9F9F7E0F804465CE605F1180237
:10ABF00003A81146F9F74AFE044600287FF453AE35
:10AC0000314603A8FFF73EFD044600287FF44BAE13
:10AC1000DFF88C8103AA294606A8D8F80030013352
:10AC2000C8F80030F9F770FD044600287FF43BAE09
:10AC300006F1040905E0F9F71DFD044600287FF43C
:10AC400032AE494606A8F9F749FC034606A94A462A
:10AC5000002B0846EFDA03AA294609A8F9F77CFD7C
:10AC6000044668B11FE6F9F78BFC09A903464A467A
:10AC7000084653B1F9F748FD044600287FF413AEA7
:10AC8000099B002109A88B42EDDB09AA06A903A8AC
:10AC9000F9F7FCFD044600287FF405AE314603A811
:10ACA000FFF7F0FC044600287FF4FDADD8F8003033
:10ACB000032203A968460133C8F80030F9F750FFB2
:10ACC000044630B1EFE5F9F7D5FC044600287FF4DF
:10ACD000EAAD49466846F9F701FC03464A4669462B
:10ACE000002B6846EFDA1FE605F1180203A81146AB
:10ACF000F9F7CCFD044600287FF4D5AD314603A812
:10AD0000FFF7C0FC044600287FF4CDADD8F8003032
:10AD100003AA06A801331146C8F80030F9F7B6FDBA
:10AD2000044600287FF4BFAD314606A8FFF7AAFC11
:10AD3000044600287FF4B7ADD8F80030524606A983
:10AD400003A80133C8F80030F9F7A0FD0446002835
:10AD50007FF4A9AD314603A8FFF794FC0446002810
:10AD60007FF4A1ADD8F8003003AA694668460133E4
:10AD7000C8F80030F9F7C8FC044630B193E5F9F79C
:10AD800079FC044600287FF48EAD49466846F9F701
:10AD9000A5FB03464A466946002B6846EFDAC3E541
:10ADA00098DD00202DE9F0410D4686B000210646D1
:10ADB0002846F9F7E5FB0028C0F2A08005F10C0455
:10ADC00000212046F9F7DCFB0028C0F29780371DF0
:10ADD00028463946F9F782FB002880F28F803946F1
:10ADE0002046F9F77BFB002880F288806846F8F758
:10ADF00051FF03A8F8F74EFF224621466846F9F7AF
:10AE000045FD044648B16846F8F74CFF03A8F8F73B
:10AE100049FF204606B0BDE8F08131466846FFF79D
:10AE200031FC04460028EED1DFF810812A4629467D
:10AE300003A8D8F800300133C8F80030F9F726FD30
:10AE400004460028DFD1314603A8FFF71BFC044667
:10AE50000028D8D1D8F800300133C8F80030B369E1
:10AE6000002B4DD003A906F110020846F9F74CFC5F
:10AE7000044628B1C7E7F9F7FDFB04460028C2D114
:10AE8000394603A8F9F72AFB034603A93A46002BE3
:10AE90000846F0DA03A92A460846F9F7F7FC044603
:10AEA0000028B0D1314603A8FFF7ECFB0446002888
:10AEB000A9D1D8F8003003A906F11C0201330846D5
:10AEC000C8F80030F9F720FC044628B19BE7F9F7F1
:10AED000D1FB0446002896D1394603A8F9F7FEFABB
:10AEE000034603A93A46002B0846F0DA6846F9F70C
:10AEF000F5FA114B041E18BF1C4684E70E4C88E778
:10AF000003A903220846F9F789FC044670B17AE7E1
:10AF1000F9F736FB03A903463A460846002BB9D099
:10AF2000F9F7F2FB044600287FF46DAF039B002184
:10AF300003A88B42ECDBADE780B3FFFF98DD002078
:10AF40002DE9F04F012A8FB0019140F21B81064696
:10AF50000C211046924617F0E7F98046002800F0D1
:10AF6000178105A8F8F796FE08A8F8F793FE0BA836
:10AF7000F8F790FE019B404619681831F8F714FF66
:10AF80000746002840F0E080019C4FEA8A0308F160
:10AF90000C0B804DA4F10409039309EB8A0954F8C2
:10AFA000042FABF10C0158461832F9F76FFC074635
:10AFB000314658460BF10C0B002F40F0C580FFF7CF
:10AFC00061FB0746002840F0BF802A684C4502F12B
:10AFD00001022A60E3D10AEB4A09321D4FEA4A0313
:10AFE00005A84FEA89090293A9F10C014144FAF737
:10AFF00063FE0746002840F0AA80019BA9F11809CA
:10B00000039A0AF1FF34C14413449B46002C00F01C
:10B0100093804A4605A908A8F9F738FC0746002896
:10B0200040F09580314608A8FFF72CFB0746002822
:10B0300040F08D802B6805A95BF8042C013308468D
:10B0400018322B60F9F722FC074600287FD13146E1
:10B0500005A8FFF717FB0746002878D12B680133B6
:10B060002B6008AA0BA81146F9F710FC0746002828
:10B070006DD131460BA8FFF705FB0746002866D1C6
:10B080002B680BAA5BF8041C013308462B60F9F708
:10B09000FDFB074600285AD131465BF8040CFFF748
:10B0A000F1FA0746002852D15BF8041C0BAA2B6862
:10B0B0000C31013308462B60F9F7E8FB07460028FE
:10B0C00045D15BF8040C31460C30FFF7DBFA07463C
:10B0D00000283CD15BF8041C08AA2B680C31013312
:10B0E00008462B60F9F7D2FB074680BB5BF8040CDF
:10B0F00031460C30FFF7C6FA074640BB2B68B168F3
:10B1000001335BF8040C2B60F8F710FE0746F0B92A
:10B110005BF8040CB1680C30F8F708FE0746B0B9CC
:10B120005BF8040DA9F10C091830F8F7BBFD74B1F8
:10B13000013C002C7FF46DAF05A908A8F8F734FE98
:10B14000074600288DD002E04FEA4A03029305A883
:10B150004546F8F7A7FD08A8F8F7A4FD0BA8F8F7EF
:10B16000A1FD029C544408EB840428460C35F8F7F2
:10B1700099FDAC42F9D1404617F0CEF838460FB0F1
:10B18000BDE8F08F09680FB0BDE8F04FFFF7C2BA15
:10B19000014FF3E798DD002080B2FFFF2DE9F04377
:10B1A00083B017460C4605469DF828603946204670
:10B1B00016F07E0FC6F345080CBF01220022019253
:10B1C000F8F75AFE18BB04F10C09019A07F10C01BB
:10B1D0004846F8F751FED0B9A8F1010207F1240161
:10B1E0002046B2FA82F252090192F8F745FE70B990
:10B1F000019A07F130014846F8F73EFE38B9F209E6
:10B200002146284603B0BDE8F043FFF705BB03B075
:10B21000BDE8F08300487047D8B2026030B40C4CEF
:10B2200023688BB90B4D03220B494FF0040C2846C1
:10B2300001E094460A7B0C31013300F801CB002A6F
:10B24000F7D10121EA542160024830BC704700BFA9
:10B25000D4DC00205CD80020D8B20260064B042267
:10B26000014602E01A7B0C331AB19142FAD118461A
:10B270007047134618467047D8B20260054B182134
:10B2800003E013F80C2F1AB1598888421A46F8D1F6
:10B2900010467047D8B2026038B50546074C0848DA
:10B2A00003E014F80C3F33B1A068294617F040F8CA
:10B2B00023460028F5D1184638BD00BFD8B2026039
:10B2C0006836002068B110B50446F8F7E3FC04F1D5
:10B2D0000C00F8F7DFFC04F11800BDE81040F8F7A7
:10B2E000D9BC704718B17C22002117F025B87047EF
:10B2F000B8B17C22002110B5044617F01DF804F106
:10B300007C00F8F7C7FC04F18800F8F7C3FC04F1EF
:10B310009400F8F7BFFC04F1A000BDE81040F8F776
:10B32000B9BC704768B110B50446F8F7BBFC04F12E
:10B330000C00F8F7B7FC04F11800BDE81040F8F76E
:10B34000B1BC7047002843D0036E012B70B5064690
:10B3500022D1736FD3B1B26FAAB1002505EBC5043A
:10B36000013513EB840420460BD0F8F79BFC04F165
:10B370000C00F8F797FC04F11800F8F793FCD6E9F5
:10B380001D32AA42EAD8184616F0C6FF30467C2184
:10B39000BDE8704006F03EBE0430F8F783FC06F1CD
:10B3A0001000F8F77FFC06F11C00F8F77BFC06F1B3
:10B3B0002800F8F777FC06F13400F8F773FC06F183
:10B3C0004000F8F76FFC06F14C00F8F76BFCC0E7A3
:10B3D000704700BFA8B110B50446FFF7B3FF04F1F2
:10B3E0007C00F8F75FFC04F18800F8F75BFC04F1DF
:10B3F0009400F8F757FC04F1A000BDE81040F8F7FE
:10B4000051BC704738B504460D46F8F7CDFC00B185
:10B4100038BD05F10C0104F10C00F8F7C5FC00285B
:10B42000F6D105F1180104F11800BDE83840F8F72D
:10B43000BBBC00BF097802F057B800BF10B50121AE
:10B440000446F8F799FD00B110BD012104F10C008C
:10B45000F8F792FD0028F7D1014604F11800BDE885
:10B460001040F8F789BD00BF2DE9F04F934C1D4601
:10B4700002F1180797B023688146884638460133A1
:10B48000002116462360F9F77BF8002800F0E480DD
:10B490002B6A8BB105F1180400212046F9F770F8EA
:10B4A000002800F0F4802B6A33B120460121F9F71F
:10B4B00067F8002840F0FF8001A8F8F7EBFB04A82C
:10B4C000F8F7E8FB07A8F8F7E5FB0AA8F8F7E2FBAE
:10B4D0000DA8F8F7DFFB10A8F8F7DCFB13A8F8F7C6
:10B4E000D9FB3A46394601A8F9F7D0F90446C0B16C
:10B4F00001A8F8F7D7FB04A8F8F7D4FB07A8F8F7DA
:10B50000D1FB0AA8F8F7CEFB0DA8F8F7CBFB10A8E3
:10B51000F8F7C8FB13A8F8F7C5FB204617B0BDE83D
:10B52000F08F494601A8FFF7ADF804460028DFD1A7
:10B53000DFF890A13A4601A904A8DAF800300133F7
:10B54000CAF80030F9F7A2F904460028D0D14946DC
:10B5500004A8FFF797F804460028C9D1DAF80030AC
:10B5600001A92A4601330846CAF80030F9F78EF9D6
:10B5700004460028BCD1494601A8FFF783F80446D9
:10B580000028B5D1DAF8003004A905F10C02013326
:10B590000846CAF80030F9F779F904460028A7D11F
:10B5A000494604A8FFF76EF804460028A0D1DAF84F
:10B5B000003001A9324601330846CAF80030F9F7D5
:10B5C000CBF80446002893D109F104050BE0F8F705
:10B5D000D7FF01A903462A4608464BB1F9F794F86C
:10B5E0000446002884D1019B002101A88B42EEDB98
:10B5F00004A906F10C0B08465A46F9F7ADF80446C3
:10B6000000287FF475AF09F104050CE0F8F7B8FFE6
:10B6100004A903462A46084653B1F9F775F80446CB
:10B6200000287FF465AF049B002104A88B42EDDB6A
:10B63000002101A8F8F7A4FF0146002844D104A87E
:10B64000F8F79EFF002840F05E81324641464846AA
:10B65000FFF708F904464BE729464046F8F7A4FBF4
:10B66000044600287FF459AF05F10C0108F10C00E5
:10B67000F8F79AFB044600287FF44FAF05F1180154
:10B6800008F1180017B0BDE8F04FF8F78DBB314650
:10B690004046F8F789FB044600287FF43EAF06F1E8
:10B6A0000C0108F10C00F8F77FFB044600287FF43A
:10B6B00034AF3946E4E7024C2FE700BFB4D5002091
:10B6C00080B0FFFF98DD0020394601AA13A8F9F7E2
:10B6D000DDF8044600287FF40BAF494613A8FEF7B7
:10B6E000D1FF044600287FF403AFDAF8003001AA46
:10B6F00007A801331146CAF80030F9F7C7F8044625
:10B7000000287FF4F5AE494607A8FEF7BBFF0446C4
:10B7100000287FF4EDAEDAF8003001AA07A90AA8E4
:10B720000133CAF80030F9F7B1F8044600287FF475
:10B73000DFAE49460AA8FEF7A5FF044600287FF4BD
:10B74000D7AEDAF8003007A9324601330846CAF806
:10B750000030F9F79BF8044600287FF4C9AE49464B
:10B7600007A8FEF78FFF044600287FF4C1AEDAF881
:10B770000030022207A901A80133CAF80030F9F706
:10B78000EFF9044600287FF4B3AE09F1040505E0A3
:10B79000F8F770FF044600287FF4AAAE294601A8F6
:10B7A000F8F79CFE034601A92A46002B0846EFDA6B
:10B7B00004AA0DA81146F9F769F8044600287FF499
:10B7C00097AE49460DA8FEF75DFF044600287FF4BA
:10B7D0008FAEDAF800300DA901AA01330846CAF885
:10B7E0000030F8F7B9FF044668B181E6F8F7C8FE03
:10B7F0000DA903462A46084653B1F8F785FF0446CB
:10B8000000287FF475AE0D9B00210DA88B42EDDB67
:10B810000DA90AAA0846F8F79FFF044668B167E633
:10B82000F8F7AEFE0DA903462A46084653B1F8F7CD
:10B830006BFF044600287FF45BAE0D9B00210DA832
:10B840008B42EDDB07A90DAA0846F8F785FF0446F1
:10B8500068B14DE6F8F794FE07A903462A46084664
:10B8600053B1F8F751FF044600287FF441AE079B1F
:10B87000002107A88B42EDDB07A904AA0846F9F7C7
:10B8800005F8044600287FF433AE494607A8FEF7C2
:10B89000F9FE044600287FF42BAEDAF800300AA93E
:10B8A0005A4601330846CAF80030F8F7EFFF04465D
:10B8B00000287FF41DAE49460AA8FEF7E3FE0446C1
:10B8C00000287FF415AEDAF800300AAA07A910A8FC
:10B8D0000133CAF80030F8F73FFF044600287FF430
:10B8E00007AE109B002110A88B4211DAF8F748FE32
:10B8F00010A903462A46084653B1F8F705FF044647
:10B900000028EED0F4E54046FFF798FD0446EFE549
:10B910000DA94046F8F748FA044600287FF4E8AD40
:10B9200010A908F10C00F8F73FFA044600287FF44C
:10B93000DFAD08F1180013A9F8F736FA0446D7E589
:10B940000021183008B5F8F71BFEB0FA80F0400966
:10B9500008BD00BF38B504460D46F8F7BFFD70B905
:10B9600005F10C0104F10C00F8F7B8FD38B905F148
:10B97000180104F11800F8F7B1FD00B938BD01480D
:10B9800038BD00BF80B0FFFF70B504461E460D46AF
:10B99000F9F708F800B170BD3246294604F10C00F1
:10B9A000F9F700F80028F6D104F118000121BDE8EC
:10B9B0007040F8F7E1BA00BF012A2DE9F843DDE94C
:10B9C000088942D80C4607460021154604F11800A4
:10B9D0001E46F8F7D5FD40B9B9F1000F37D0012365
:10B9E00088F800003360BDE8F883381DF8F780FB65
:10B9F0000746BDB9430001334B45336027D8414664
:10BA000004230246204601F8013BF8F7DFFB00283B
:10BA1000E9D1791C3A4604F10C004144BDE8F843F1
:10BA2000F8F7D4BB431C4B45336010D8002104F118
:10BA30000C00F8F7D1FA4146831C3A46204601F83B
:10BA4000013BBDE8F843F8F7C1BB0248CBE7024829
:10BA5000C9E700BF80B0FFFF00B1FFFF93B3F8B5A7
:10BA60001C4613780E46154633B9012C26D10846DC
:10BA7000BDE8F840FFF7E2BC0430F8F739FB2B785B
:10BA80000746042B1CD143000133A34216D10246C2
:10BA9000691C3046F8F732FB00B1F8BD791C3A4614
:10BAA00006F10C002944F8F729FB0028F5D106F12E
:10BAB00018000121BDE8F840F8F75EBA0248F8BD69
:10BAC0000248F8BD0048704780B0FFFF80B1FFFF1B
:10BAD000012B13D930B41468651C1560247854B157
:10BAE00003F1FF3C644506D82B19136023462A4610
:10BAF00030BCFFF7B3BF024830BC70470048704706
:10BB000080B0FFFF70B582B0DDE9066575B1013D1B
:10BB10001C460195751C0095FFF74EFF20B9236860
:10BB2000337023680133236002B070BD0048FBE727
:10BB300080B0FFFF022A21D90B685A1C0A601A78CC
:10BB4000032A1BD1DA1C10B49C1C0C6093F801C0B2
:10BB50000A60182299780A4B41EA0C2103E013F895
:10BB60000C2F3AB15A889142F9D119785DF8044BFB
:10BB700001F0BABC03485DF8044B704702487047B7
:10BB8000D8B2026080B1FFFF80B0FFFF10B40F4C4D
:10BB900090F800C0042002E014F80C0F78B184453E
:10BBA000FAD10320022B08600ED9107000206388A0
:10BBB0001B0A5370638893705DF8044B7047A0F5BF
:10BBC0009F405DF8044B70470148F5E7D8B202602A
:10BBD00000B1FFFF2DE9F04F03F1180B05461E469B
:10BBE000174658462DED048BCDB002910121F8F790
:10BBF000C7FC002840F089802B6B002B00F085806B
:10BC0000EB6B002B00F0818001213846F8F7B8FC7F
:10BC10000028C0F2748105F14C0A38465146F8F705
:10BC20005DFC002880F26B8101215846F8F7A8FCE2
:10BC3000002840F064812B6B002B66D0EB6B002B4F
:10BC400063D031462846FFF7ADF8044600285DD1A1
:10BC50002B6B002B5AD0EB6B002B57D006A8F8F7B4
:10BC600019F809A8F8F716F800215046F8F7B4F9C2
:10BC700001284AD124210220D5F85C9016F054FB0B
:10BC80008046002800F053823146F8F78DF80446CC
:10BC9000002841D008F10C0308EE103A08F118030F
:10BCA00008F1240608EE903A08F13003039308F1F6
:10BCB0003C0304934046F7F7F5FF18EE100AF7F738
:10BCC000F1FF18EE900AF7F7EDFF3046F7F7EAFFBD
:10BCD0000398F7F7E7FF0498F7F7E4FF404616F0FC
:10BCE0001BFB06A8F7F7DEFF09A8F7F7DBFF029DAD
:10BCF00065B12846F7F7D6FF05F10C00F7F7D2FF3C
:10BD000005F11800F7F7CEFF00E0904C20464DB04B
:10BD1000BDEC048BBDE8F08F08F10C0306F10C01BB
:10BD2000184608EE103AF8F73FF804460028B5D157
:10BD300008F11803594608F12406184608EE903A0F
:10BD4000F8F732F804460028AED141463046F8F7FD
:10BD50002BF808F13003044603930028A7D11846B6
:10BD600018EE101AF8F720F808F13C030446049383
:10BD700000289FD118EE901A1846F8F715F80446D7
:10BD8000002897D109F101095FEA59090DD04FF058
:10BD9000000B3246314628460BF1010BFEF762FDDF
:10BDA000002840F0AA80D945F3D10DF16C0B012297
:10BDB00028461B965946FFF7C3F8044600287FF42F
:10BDC00079AF3346424631462846FFF74DFB0446DD
:10BDD00000287FF46FAF0122594628461B96FFF7D3
:10BDE000AFF8044600287FF465AF01463846F8F7FF
:10BDF000F3F806AA059039461046F7F7D5FF044632
:10BE000000287FF457AF09AC3A4651462046F8F770
:10BE1000A3FC044600287FF44DAF059B09A906A8A2
:10BE20005A1E18BF012209EE102AF8F725F8044619
:10BE300000287FF43FAF014609F10102584616F091
:10BE40007BFAB9F1000F38D009EE906A5F462646BA
:10BE50005C460595314606A8F8F7BEF894F800A0B0
:10BE6000054609EB060106A80136F8F7B5F84AEAD7
:10BE7000400AB1454AEA050004F8010BEAD119EE7F
:10BE8000906A059D0BEB090C00247A783B7882EAD6
:10BE900004011440CA4302F0010213FB02F383EAD7
:10BEA00001000B4007F8010F1C4317F8013CBC458B
:10BEB00043EAC21307F8013CE7D112A80BEB090AC9
:10BEC000F7F7E8FE15A8F7F7E5FE18A8F7F7E2FE82
:10BED0001BF8093042460299009328460223FFF7D7
:10BEE0005DF9044668B112A8F7F7DCFE15A8F7F76C
:10BEF000D9FE18A8F7F7D6FEDCE60446DAE6144CBD
:10BF000004E7029B012103F118094846F8F734F8C9
:10BF100004460028E7D15A9B002B00F09C80AB6DB3
:10BF20000CA80C242F1D0733DB0809EE903AF7F715
:10BF3000B1FE0FA8F7F7AEFE19EE901A0CA8DDE9D6
:10BF40005A23F9F7CDFB50B1E7E000BF80B0FFFF07
:10BF500080B3FFFFF8F7B6F9002840F0DE803946DD
:10BF60000CA8F8F7BBFA034601210CA8002BF1DA64
:10BF7000013C00F0DA80F8F703FB0028DCDD0CAAB6
:10BF800049464846F8F782FC0446002840F0C6803F
:10BF900048462946FEF776FB0446002840F0BE805E
:10BFA000674F0CAA0FA83B68114601333B60F8F7B6
:10BFB0006DFC0446002840F0B18029460FA8FEF72A
:10BFC00061FB0446002840F0A9803B680FAADDF819
:10BFD00008900133494648463B60F8F757FC044651
:10BFE000002840F09B8029464846FEF74BFB04465C
:10BFF000002840F093803B680FA90CAA0133084643
:10C000003B60F8F743FC0446002840F0878029464F
:10C010000FA8FEF737FB044600287FD13B6809F1E3
:10C020000C090FAA0133494648463B60F8F72EFC3D
:10C030000446002872D148462946FEF723FB0446F1
:10C0400000286BD13B680CA801333B60F7F72AFE50
:10C050000FA8F7F727FE029F1EE039462846FEF795
:10C0600001FC04460223424612A92846002C7FF414
:10C070003AAF1AF8014D0094FFF790F8044612AB5E
:10C080003A4639462846002C7FF42DAFFFF7ECF9ED
:10C09000044600287FF427AFDA453A46DDD112A8DE
:10C0A000F7F700FE15A8F7F7FDFD18A8F7F7FAFD5A
:10C0B00019EE102A02992846FEF7AEFB0446002826
:10C0C0007FF4F8AD02992846FEF724FB044640466B
:10C0D000F7F7E8FD18EE100AF7F7E4FD18EE900AFE
:10C0E000F7F7E0FD3046F7F7DDFD0398F7F7DAFDE7
:10C0F0000498F7F7D7FD404616F00EF906A8F7F7B3
:10C10000D1FD09A8F7F7CEFD002C7FF4F0AD204655
:10C110004DB0BDEC048BBDE8F08F04460CA8F7F7DA
:10C12000C1FD0FA8F7F7BEFDDDE6064CDBE606A86D
:10C13000054CF7F7B7FD09A8F7F7B4FDD7E500BF41
:10C1400098DD002000B3FFFF80B2FFFFF0B50C4682
:10C1500083B006460121104617461D46F8F710FA2F
:10C16000B8B929462046F7F71FFE08B103B0F0BD65
:10C1700005F10C0104F10C00F7F716FE0028F5D1CB
:10C1800005F1180104F1180003B0BDE8F040F7F71D
:10C190000BBE4FF0FF313846F8F7F2F920BB2946C5
:10C1A0002046F7F701FE0028E0D104F10C0705F165
:10C1B0000C013846F7F7F8FD0028D7D105F1180132
:10C1C00004F11800F7F7F0FD0028CFD101463846FA
:10C1D000F8F7D6F90028C9D03A46311D384603B0E1
:10C1E000BDE8F040F8F7B8BA4FF0000C2B463A46DD
:10C1F00021463046CDE900CCFFF7ECFC03B0F0BDA2
:10C20000F0B51F46036B8BB0002B3AD0C36B0546CD
:10C21000002B36D001A814460E46F7F73BFD04A8C4
:10C22000F7F738FD07A8F7F735FD22463B4601A989
:10C230002846FFF78BFF044658B101A8F7F732FDF7
:10C2400004A8F7F72FFD07A8F7F72CFD20460BB041
:10C25000F0BDDDE9102331462846FFF777FF04469D
:10C260000028EAD1334601AA31462846FFF7FCF8F8
:10C2700004460028E1D131462846FEF74BFA044631
:10C28000DBE7024C20460BB0F0BD00BF80B1FFFFE2
:10C2900038B50D460446012105F11800F8F770F98C
:10C2A00058B9236B3BB1E36B2BB129462046BDE85F
:10C2B0003840FEF777BD024838BD024838BD00BFA0
:10C2C00080B0FFFF80B3FFFF38B5036B93B1C36B42
:10C2D00004467BB10D4601212846F8F751F90028A4
:10C2E0000ADB04F14C012846F8F7F8F8002803DAD5
:10C2F000002038BD014838BD014838BD80B0FFFF7F
:10C3000080B3FFFF2DE9F04F83B0CDE90013036B3D
:10C31000DDF83080DDF83490BBB3C36B0646A3B3C1
:10C32000C76D14461F2500F14C0B07374FEAD70A9B
:10C3300027F007074B46424651462046F9F7D0F909
:10C340000346204613BBF16D791AF7F7BBFF03468E
:10C3500001212046D3B9013D1CD0F8F711F903465D
:10C3600059462046002BE5DBF8F7B8F80028E1DA5B
:10C37000009B224601993046CDF83490CDF83080AC
:10C3800003B0BDE8F04FFFF725BC054B184603B0DE
:10C39000BDE8F08F034B184603B0BDE8F08F00BF37
:10C3A00080B0FFFF00B3FFFF10B582B0049C009384
:10C3B00013460A4600F128010194FFF7A3FF02B0DB
:10C3C00010BD00BF70B50C4682B001461546204630
:10C3D0001E4601F089F850B904F1880304F17C028B
:10C3E00004F128012046CDE90056FFF78BFF02B08B
:10C3F00070BD00BF2DE9F0430378ABB0002B62D0D5
:10C400000A780C469A425ED101F1880605468830CA
:10C410003146F8F763F8002855D104F1940705F187
:10C4200094003946F8F75AF800284CD104F1A008D6
:10C4300005F1A0004146F8F751F80546002842D121
:10C4400002A8A146F7F726FC05A8F7F723FC08A8E1
:10C45000F7F720FC7C2229460BA815F06DFF19F890
:10C46000281B0BA801F040F804F17C024B4602A9FE
:10C470000BA8CDE90055FFF7ADFB044678B102A843
:10C48000F7F710FC05A8F7F70DFC08A8F7F70AFC6A
:10C490000BA8FEF757FF20462BB0BDE8F0833146CE
:10C4A00002A8F8F71BF820B9394605A8F8F716F8DE
:10C4B00008B1074CE3E7414608A8F8F70FF804462F
:10C4C0000028DCD0F5E7024C20462BB0BDE8F08315
:10C4D00080B0FFFF2DE9F04F534EC1B0054609ACC7
:10C4E0000FCE0FC496E803007C2284E803000021ED
:10C4F00021A815F021FF0FA8F7F7CCFB12A8F7F73A
:10C50000C9FB15A8F7F7C6FB18A8F7F7C3FB1BA8CC
:10C51000F7F7C0FB1EA8F7F7BDFB06A8F7F7BAFBB5
:10C52000012121A800F0E0FF0446002838D16DBBAE
:10C53000022106A8F7F720FD044658B92BAE06AA3B
:10C5400018A93346CDE9000021A8FFF743FB0446B4
:10C5500000287BD021A8FEF7F5FE0FA8F7F7A2FB75
:10C5600012A8F7F79FFB15A8F7F79CFB18A8F7F799
:10C5700099FB1BA8F7F796FB1EA8F7F793FB06A8F5
:10C58000F7F790FB204641B0BDE8F08F274815F043
:10C59000A7FE022106A8F7F7EFFC0446002849D0C1
:10C5A000002C23DA15B32146214815F099FE21A865
:10C5B000FEF7C8FE0FA8F7F775FB12A8F7F772FB96
:10C5C00015A8F7F76FFB18A8F7F76CFB1BA8F7F790
:10C5D00069FB1EA8F7F766FB06A8F7F763FB0A20BE
:10C5E00015F06EFE204641B0BDE8F08F21A8FEF7A1
:10C5F000A9FE0FA8F7F756FB12A8F7F753FB15A8EB
:10C60000F7F750FB18A8F7F74DFB1BA8F7F74AFB05
:10C610001EA8F7F747FB06A8F7F744FB002DDED16D
:10C62000204641B0BDE8F08FCC1C002074360020BD
:10C630001C3100202BAE06AA18A93346CDE9000014
:10C6400021A8FFF7C7FA04460028A9D100237B4F91
:10C65000DFF8FC811021DFF8FC9106A8784A3B60E6
:10C66000C8F80030C9F80030F8F79CF904460028F3
:10C6700096D1334606AA0FA9CDE9000021A8FFF7FD
:10C68000A9FA044600288BD109ABD8F800103A6803
:10C69000824602911C46D9F800104FF0010B049518
:10C6A00015460593039154F8042F102106A8C7F8E6
:10C6B00000A0C8F800A0C9F800A0F8F773F98446F4
:10C6C000334606AA0FA921A8BCF1000F40F0A080B4
:10C6D000CDE900CCFFF77EFA8446002840F0988030
:10C6E0003B68AB4240F09080D8F80030029A934209
:10C6F00040F08A80D9F80030039A934240F0848059
:10C700000BF1010BBBF1060FCDD1049D0446002DAA
:10C710005AD14B4A102106A83D60C8F80050C9F80C
:10C720000050F8F73FF9044600287FF413AF18AB28
:10C7300006AA0FA921A8CDE90055FFF74BFA044638
:10C7400000287FF407AFD8F800304FF0010AD9F87D
:10C750000020002603951D46D7F800B0059C0292E4
:10C7600054F8042F102106A83E60C8F80060C9F8EC
:10C770000060F8F717F9844618AB06AA0FA921A89C
:10C78000BCF1000F56D1CDE900CCFFF723FA844667
:10C7900000284FD13B685B4543D1D8F80030AB420D
:10C7A0003FD1D9F80030029A93423AD10AF1010AF6
:10C7B000BAF1060FD4D1039D0446002D3FF4CAAE52
:10C7C000204815F075FDF2E61E4815F071FD1E4873
:10C7D00015F086FD1A4A102106A83C60C8F80040F2
:10C7E000C9F80040F8F7DEF8044600287FF4D8AE18
:10C7F00018AB06AA0FA9CDE9000021A8FFF7EAF9B6
:10C80000044600289FD0CBE6049D25B90124A1E66B
:10C810006446049DC4E659460C48012415F060FDA9
:10C82000C5E6039D002DF1D051460848012415F0BE
:10C8300057FDBCE66446039DB2E600BFB4D50020B8
:10C84000A8360020782D0020EC360020DC360020B1
:10C85000E8D5002098DD00202DE9F04F93B00D21A0
:10C860000124054605AB342218460493CDE9024164
:10C87000002115F061FD18212846F7F727FA0190ED
:10C88000002840F0EA81A9680B68086BCC6D1B1882
:10C890004A68D1E9147C2CBF012600261CEB030357
:10C8A00046F10006FB1846F100069C4288BF013E97
:10C8B0001B1BB6F1FF3F0B6000F0D38192192CBF18
:10C8C00001230023D1F834908E6D19EB020243F15D
:10C8D0000003B21843F1000314EB020E8A682CBF68
:10C8E0004FF001084FF0000858FA83F3704588BFF5
:10C8F000013BAEEB000E774588BF013BAEEB070E68
:10C900005BB2C1F804E0002BC0F2CF81D21896468A
:10C910002CBF01230023D1F83880CA6818EB0E0E13
:10C9200043F1000314EB0E0E2CBF4FF0010A4FF041
:10C93000000A5AFA83F3F14588BF013BAEEB090EBA
:10C94000F44588BF013BAEEB0C0E5BB2C1F808E0CA
:10C95000002BC0F2BE81D21813462CBF0122002248
:10C96000D1F83CE0D1F810A01EEB030342F1000225
:10C97000C31842F10002FB1842F100021CEB030352
:10C980002CBF4FF0010B4FF0000B5BFA82F2A3EBD0
:10C99000080B984588BF013A5E4588BF013AABEB6A
:10C9A000060B5C4588BF013AABEB0403CB6053B286
:10C9B000002BC0F285811AEB030A53462CBF0122DB
:10C9C00000221CEB030342F100021CEB030A42F1BC
:10C9D00000030A6C12EB0A0A43F1000319EB0A0A7E
:10C9E00043F1000310EB0A00D1F814A043F1000357
:10C9F000381843F1000330182CBF4FF0010B4FF0F3
:10CA0000000B5BFA83F3864588BF013BA0EB0E0069
:10CA1000844288BF013B001B844288BF013B001B4E
:10CA20005BB20861002BC0F27E811AEB030A534609
:10CA30002CBF01200020F31840F1000016EB030A80
:10CA400040F10003486C10EB0A0A43F1000318EBB5
:10CA50000A0A43F1000319EB0A09D1F818A043F1BF
:10CA600000031CEB090943F1000314EB09092CBF77
:10CA70004FF0010B4FF0000B5BFA83F34A4588BF80
:10CA8000013BA9EB02095BB2C1F81490002BC0F284
:10CA90003E811AEB030A53462CBF4FF001094FF0B9
:10CAA0000009E31849F1000914EB030A49F10003F6
:10CAB000D1F8489019EB0A0A43F100031EEB0A0A69
:10CAC00043F1000318EB0A08D1F81CA043F100035E
:10CAD00016EB08082CBF4FF0010B4FF0000B5BFA70
:10CAE00083FBA8EB0003404588BFABF1010B8B61D2
:10CAF0004FFA8BFBBBF1000FC0F2FF801AEB0B0A61
:10CB0000D3462CBF01230023D1F84C80D1F820A0BC
:10CB100018EB0B0B43F1000312EB0B0B43F100037B
:10CB20001EEB0B0E43F1000314EB0E0E2CBF4FF067
:10CB3000010B4FF0000B5BFA83F3F14588BF013B1B
:10CB4000AEEB090EC1F81CE04FFA83FEBEF1000FF8
:10CB5000C0F2C9801AEB0E0AD6462CBF012300236F
:10CB600017EB0E0E43F1000310EB0E0E43F1000322
:10CB700012EB0E0E4A6A2CBF4FF0010A4FF0000A6A
:10CB80005AFA83F3F04588BF013BAEEB080E5BB267
:10CB9000C1F820E0002B74DBD21896462CBF01238D
:10CBA00000231CEB0E0243F1000319EB020243F1D8
:10CBB000000380188A6A2CBF4FF0010E4FF0000E60
:10CBC0005EFA83F3874288BF013BC01B5BB24862B9
:10CBD000002B4DDBD3182CBF01220022F318C86AAA
:10CBE00042F1000218EB030342F1000219EB0309C2
:10CBF0002CBF0123002353FA82F3A9EB0C02CC458E
:10CC000088BF013B8A625BB2002B45DBC3182CBF97
:10CC100001220022E41842F100033F196A6843F13F
:10CC2000000418EB07082CBF0123002353FA84F4F7
:10CC3000464588BF013CA8EB06060D2A64B2CE62C9
:10CC400024EAE4730B6306D90D3A01F134000021A4
:10CC5000920015F071FB002C6EDB019813B0BDE85B
:10CC6000F08FB2FA82F3013A5B095B42DBB229E64C
:10CC70005842134482424FF0FF3228BF0022D2B202
:10CC8000ACE7C3F1000A03EB020E4FF0FF3352454D
:10CC900028BF0023DBB284E75A42034490424FF09E
:10CCA000FF3228BF0022D2B2B4E7C3F1000803EB81
:10CCB000020E4FF0FF33424528BF0023DBB22AE6C5
:10CCC0005A42534492454FF0FF3228BF0022D2B25D
:10CCD00077E6C3F1000E134472454FF0FF3228BFD0
:10CCE0000022D2B23CE6CEF10003D6449A454FF082
:10CCF000FF3328BF0023DBB232E7CBF10003D3447C
:10CD00009A454FF0FF3328BF0023DBB2FCE6C3F1A6
:10CD100000095344CA454FF0FF3928BF4FF00009BE
:10CD20005FFA89F9BDE65842534482454FF0FF301F
:10CD300028BF0020C0B27EE6039A6FF040436442F1
:10CD400002A91344049A284642F823402A46F7F7DA
:10CD500091FC002881D14FF0FF3301982B6013B074
:10CD6000BDE8F08F2DE9F04F8DB001250821044674
:10CD700004AB2022CDE9015118460021039315F0A0
:10CD8000DBFA0E212046F6F7A1FF0546002840F009
:10CD9000D480A0680368C169C26A8B42A3EB010614
:10CDA00047682CBF00230123B24288BF0133B61A63
:10CDB0005B4206605EB2002B40F0C3802B46066AE1
:10CDC000D0F80880A7EB060CBE4288BF013B076B7A
:10CDD000674588BF013BACEB070C5BB2C0F804C0F1
:10CDE00053B1C3F1000EF0454FF0FF3E984428BF09
:10CDF0004FF0000E5FFA8EF3D0F824E0D0F834C084
:10CE0000C64588BF013BA8EB0E08D0F80C90C4457E
:10CE100088BF013BA8EB0C085BB2C0F80880002B70
:10CE200000F09880C3F10008C1454FF0FF389944E5
:10CE300028BF4FF000085FFA88FBD0F8288003690C
:10CE4000C845A1EB080ACA4494BF4FF000094FF04F
:10CE50000109514594BFC9F10009C9F1010912EB5B
:10CE60000A0A0BEB09012CBF4FF001094FF0000932
:10CE7000C0F80CA059FA81F149B200297EDB5B1899
:10CE800019462CBF012300238A42A6EB020994BF56
:10CE90000022012249448E4294BF5242C2F1010253
:10CEA00079181A442CBF01230023016153FA82F23E
:10CEB000436952B2002A58DB9A182CBF0123002381
:10CEC0009742AEEB0701866994BF002701270A4409
:10CED000964594BF7F42C7F101071CEB02023B4419
:10CEE00042612CBF0122002252FA83F35BB2002B75
:10CEF00032DBF3182CBF01260026A8EB0C029C4560
:10CF0000134494BF4FF0000C4FF0010C6268836132
:10CF1000984594BFCCF1000CCCF1010C082A664472
:10CF200076B226EAE673C36105D9083A20300021BB
:10CF3000920015F001FA002E2ADB28460DB0BDE85C
:10CF4000F08F73429F424FF0FF33374428BF0023D6
:10CF5000DBB234E79B4670E7594233448E424FF0D0
:10CF6000FF3628BF0026F6B2C7E751421A448B426B
:10CF70004FF0FF3328BF0023DBB2A1E7C1F1000966
:10CF800019444B454FF0FF3328BF0023DBB27BE74A
:10CF9000029A6FF04043764201A91344039A204657
:10CFA00042F823602246F7F765FB0028C5D14FF011
:10CFB000FF33284623600DB0BDE8F08F2DE9F04F18
:10CFC0008FB009210124064605AB2422184604939C
:10CFD000CDE90241002115F0AFF910213046F6F7F6
:10CFE00075FE0190002840F06A81B0680368076A06
:10CFF000D0F82490DA19456B816B2CBF23460023AF
:10D0000019EB0202446843F10003D0E90BEC9645AA
:10D0100088BF013BA2EB0E02944588BF013BA2EB07
:10D020000C02954288BF013B521B914288BF013BD5
:10D03000521A002B0260C0F24681E2182CBF012375
:10D04000002319EB0202D0F82880C46B43F10003DF
:10D0500018EB0202D0F808A02CBF4FF0010B4FF0E4
:10D06000000B5BFA83F3A2EB0C0B944588BF013BEA
:10D070005D4588BF013BABEB050B594588BF013BC4
:10D08000ABEB010B5C4588BF013BABEB040242609C
:10D090005AB2002AC0F23C811AEB020A52462CBF57
:10D0A0000123002318EB0202D0F80CA043F1000387
:10D0B0001EEB02022CBF4FF0010B4FF0000B5BFA8E
:10D0C00083F3A2EB050B954288BF013B594588BF0E
:10D0D000013BABEB010B5C4588BF013BABEB0402B2
:10D0E00082605AB2002AC0F225811AEB020A524627
:10D0F0002CBF012300231EEB0202D0F810A043F145
:10D1000000031EEB020243F100031CEB020243F199
:10D1100000031CEB020243F10003AA182CBF4FF0DE
:10D12000010B4FF0000B5BFA83F3944288BF013B85
:10D13000121B974288BF013BD21B914588BF013B20
:10D14000A2EB09025BB2C260002BC0F2EA801AEBCC
:10D15000030A53462CBF012200221CEB0303D0F824
:10D1600014A042F100021CEB030342F10002EB1891
:10D1700042F10002EB1842F10002CB182CBF4FF035
:10D18000010B4FF0000B5BFA82F2A3EB090B994500
:10D1900088BF013AABEB0803D84588BF013A036169
:10D1A00053B2002BC0F2A2801AEB030A53462CBFE5
:10D1B00001220022EB18D0F818A042F10002EB186F
:10D1C00042F10002CB1842F10002CB1842F10002FA
:10D1D000E3182CBF4FF0010B4FF0000B5BFA82F20B
:10D1E000984588BF013AA3EB08039E4588BF013AE2
:10D1F000A3EB0E0352B24361002A6EDB1AEB020A64
:10D2000052462CBF012300238A1843F100038A18D9
:10D2100043F10003A21843F10003A21843F10003F5
:10D220008918C26943F1000369182CBF4FF0010A45
:10D230004FF0000A5AFA83F38F4288BF013BC91BA3
:10D24000894588BF013BA1EB09015BB28161002BDD
:10D2500055DBD3182CBF01210021E318726841F17E
:10D260000001E31841F10001E41841F100013B190C
:10D270002CBF0124002454FA81F4984588BF013C56
:10D28000A3EB08039E4588BF013CA3EB0E039C451E
:10D2900088BF013CA3EB0C039D4288BF013C5B1B94
:10D2A000092A64B2C36124EAE473036205D9093A26
:10D2B00024300021920015F03FF8002C43DB019848
:10D2C0000FB0BDE8F08FC3F100081A194FF0FF331B
:10D2D000444528BF0023DBB2B3E6534252449A458B
:10D2E0004FF0FF3328BF0023DBB28DE75A4253448F
:10D2F00092454FF0FF3228BF0022D2B25AE759427E
:10D3000013448A424FF0FF3128BF0021C9B2A4E77D
:10D31000534252449A454FF0FF3328BF0023DBB2FB
:10D32000C0E65A42534492454FF0FF3228BF0022D4
:10D33000D2B212E7534252449A454FF0FF3328BF0E
:10D340000023DBB2D7E6039A6FF04043644202A9A0
:10D350001344049A304642F823403246F7F78AF9DC
:10D360000028ACD14FF0FF33019833600FB0BDE817
:10D37000F08F00BF2DE9F84F0C210546F6F7A6FC0B
:10D38000044610B12046BDE8F88FD5E901239E6917
:10D3900003EB820E18685A688019D9699D6A2CBF00
:10D3A00001270027D3F82CA0D219D3F820B02CBF26
:10D3B0004FF001084FF0000852182CBF4FF0010C3D
:10D3C0004FF0000C281818602CBF01200020121804
:10D3D00003F11C002CBF0127002712EB0A0247446F
:10D3E0005A604CEB070C9A681CEB020CDA682CBFF5
:10D3F00001270027BF182CBF4FF001084FF000088D
:10D400001CEB060C2CBF01220022BA182CBF0127EE
:10D41000002752182CBF012600261BEB0C0C2CBF3A
:10D420000121002151185A6A2CBF4FF001094FF019
:10D43000000989182CBF012200221CEB050CC3F83F
:10D4400008C02CBF4FF0010C4FF0000C11EB0C0189
:10D450002CBF4FF0010C4FF0000C11EB0A01CC4433
:10D46000D96042EB0C02196942443A4432445E6985
:10D4700052182CBF0121002171182CBF0126002653
:10D4800012EB0B085A6A2CBF01270027C9192CBFC1
:10D490000127002789182CBF4FF0010C4FF0000C1A
:10D4A00018EB05021A612CBF0122002252182CBF72
:10D4B0000121002112EB0A0241EB06015A61864567
:10D4C00001EB070262449A617FF65CAFAEEB030E9C
:10D4D0002146AEF11D0E2EF00302043214F02CFF93
:10D4E0002046BDE8F88F00BF38B50D460446FDF76D
:10D4F00029FF6B1E2570032B7AD8DFE803F0624604
:10D500002F023E4B01253E490C22E360616603F188
:10D5100030016560616203F16001A260616503F141
:10D520009001C033A562C4E90752C4E91352C4E9AB
:10D530000B2134496563A164201DC4E90E23C4E9AD
:10D540001055F6F79FFD034604F14C00A365F6F76E
:10D5500099FD03460020C4E9173538BD2A4B012543
:10D560002A490822E360616603F120016560616277
:10D5700003F14001A260616503F16001A56280339F
:10D58000C4E90752C4E91352D1E721490125214BCF
:10D59000072261660821E360A16003F12001656054
:10D5A000616203F13C01616503F158017433C4E920
:10D5B0000C15C4E907521349C4E91352C4E90A52CD
:10D5C000B9E7154B012515490622E360616603F1B1
:10D5D00018016560616203F13001A260616503F1C9
:10D5E0004801A5626033C4E90752C4E913529EE7BB
:10D5F0002046FDF7A7FE0A4838BD00BFBCB4026054
:10D6000059C80060407700201CB40260BDCF0060A4
:10D6100065CD00608CB3026014B3026075D3006006
:10D6200080B1FFFF2DE9F04F11F80F6F83B04FF07D
:10D630000F08DFF810B106F00F05019234090091D0
:10D6400000EBC505D5E93032D5E910A91646554697
:10D650004F461CE0009B5BF8352013F8014D04F0A9
:10D660000F0E0093240900EBCE0EDEF8C410DEF896
:10D67000C030DEF8405081EA1616DEF844E08CEA4D
:10D6800003038AEA050586EA024687EA0E0700EBED
:10D69000C40408F1FF384FEA0379D4F8C4201B0909
:10D6A0004FEA151E05F00F0543EA0673B8F1FF3F78
:10D6B00082EA1612D4F8C0604EEA077E83EA0603B7
:10D6C0005BF83560256C49EA1719646C4FEA0377FB
:10D6D0008EEA050E4FEA131C89EA040982EA06461F
:10D6E0004FEA1E1A0EF00F054CEA067C4AEA097A48
:10D6F00047EA1917AED10198320A4C46310E8270B2
:10D700001A0EC37102711A0C1B0A80F80FE04271E5
:10D71000220E8371230C0170240A310C02724372B1
:10D720004FEA1E624FEA1E43C6704FEA1E2E80F873
:10D730000B90417084720273437380F80EE003B063
:10D74000BDE8F08FB0B502604FF4C472002114F050
:10D75000F3BD00BF2DE9F04F04468BB017460846D5
:10D76000012219461E46FAF70DFB002800F09980A9
:10D77000D0F814800546B8F1100F40F09280204692
:10D78000FAF720FB29462046FAF72CFB10B10BB024
:10D79000BDE8F08F0123324639462046FAF74EFBAA
:10D7A0000028F4D105AB069005904246009306ABE5
:10D7B000D8601946C3E901002046FAF7F7FB0028B4
:10D7C000E5D1089E4FF00008099B4FF0000936BADA
:10D7D0004FF0030C1BBA0427C4F88460C4F88030EF
:10D7E000DDE90625C4E930892DBA12BAC4E91089E9
:10D7F000C4E9405203F001014FEAC57E6D08BCF157
:10D80000010CA1EB411145EAC2754FEA53034FEAFF
:10D81000520243EAC67382EA01624EEA560604EBFC
:10D82000C7014FEA67070B644E64C1E93052E1D18A
:10D83000032304F1400A04F1C00E4FF00209984698
:10D8400003900EEBC9045EF839C00AEBC9005AF820
:10D850003970666804F108034568524604EBC90450
:10D86000D2F88810083381EA0C0BD2F88C10714082
:10D8700043F808BC43F8041CA34252F8081F81EA8D
:10D88000070B516881EA050140F808BF4160E7D104
:10D89000B8F101084FEA4909D3D103980BB0BDE8AC
:10D8A000F08F6FF0130072E72DE9F04F044689B056
:10D8B0000020129F139E0390002B00F0A7801D46AE
:10D8C0009146002300220C2D04F5B07B04F5B878B6
:10D8D000C4F88011C4F86001C4F86401C4F8680198
:10D8E000C4F86C01C4F87001C4F87401C4F878017C
:10D8F000C4F87C01C4E95023C4E9522376D0EB007C
:10D90000864606908DF81F30C5F347538DF81C30BE
:10D91000C5F34F338DF81D30C5F35713CDE904001F
:10D920008DF81E30102DAA4609F1FF33DC4628BFC2
:10D930004FF0100AD14409F1FF3201E09CF800E0F9
:10D9400013F8010F8EEA000093420CF8010BF5D199
:10D950005A4659462046FFF765FEB5EB0A0502D048
:10D9600094F860E1DEE704F25F130DF111020DF1AE
:10D97000200C01E012F8015B13F8010F624585EA03
:10D9800000051D70F6D15A4659462046FFF74AFE5B
:10D9900003AB594610222046009304F5A873FAF70A
:10D9A00005FB8146F0B9C4E95260DEB104F26F1A9A
:10D9B000102E3546534607F1FF3128BF10250AEBDC
:10D9C000050C13F8012F11F8010F9C4582EA0002A3
:10D9D0001A70F6D14246414620462F44FFF722FEF8
:10D9E000761BE5D1484609B0BDE8F08FD9F808307C
:10D9F000D9F80000D9F80420C4F86001CBF8083049
:10DA00000123CBF8042084F86F31C1E76FF01309CC
:10DA1000E8E700BF2DE9F04F93424FF00004914634
:10DA20009A46054688462DED028B89B0039402D9AB
:10DA30009B1A8B4268D30021D5E9503213EB0803BF
:10DA400052F1000228BF012113F11F0F72F10F00E4
:10DA50005AD2002958D1C5E95032B8F1000F4DD043
:10DA600005F5B07305F5B87708EE103A46463C4622
:10DA70003A46102E28BF102611466FF4B67012F8E1
:10DA8000013D014401338D42DBB2137001D0002B04
:10DA9000F2D003A804AB102218EE101A009028460A
:10DAA000FAF784FA58BBD5F880114A460DF1100CEC
:10DAB0000AF1FF3007EB060E19B9237811784B40B5
:10DAC0002370117801321CF8013B4B4000F8013FF4
:10DAD000D5F88011012904D194F800B083EA0B0332
:10DAE00023700134A645E7D13A4639462846B14469
:10DAF000FFF798FDB8EB0608B244B7D1002009B093
:10DB0000BDEC028BBDE8F08F6FF01300F7E700BFAC
:10DB10002DE9F047D0E9506384B04FEAC309D0F84B
:10DB20004C31DC00D0F8483149EA567944EA537464
:10DB30004FEAC30A131F0C2B50D80D46F60000F510
:10DB4000A87180462846174614F0DAFB46EA0A0315
:10DB500049EA040213433DD09AFA8AF34FEA196264
:10DB600036BA8DF80B900193230C039608F26F16CA
:10DB70008DF80130230A8DF808204FEA19424FEA48
:10DB800019298DF803408DF802300DF1010C230E98
:10DB900004A934468DF809208DF80A9001E01CF89C
:10DBA000013B14F8012F8C4583EA02032370F6D160
:10DBB00008F5B8722F4440461146013FFFF732FD89
:10DBC000691E11F8013F16F8012FB94283EA0203DA
:10DBD0000B70F6D1002004B0BDE8F0876FF01300A1
:10DBE000F9E700BF2DE9F04383B014461A46054615
:10DBF0000B9B00930C9B01930A9BDDE90D69DDE90A
:10DC00000F87FFF751FE10B103B0BDE8F0834B461C
:10DC1000324621462846FFF7FDFE0028F4D1424651
:10DC20003946284603B0BDE8F043FFF771BF00BF97
:10DC300030B587B00C4605460A9900910B990191C1
:10DC40000021FFF731FE08B107B030BDDDE90E233A
:10DC500021462846FFF7DEFE0028F5D10D9A28461A
:10DC600002A9FFF755FF0028EED10D9B002BEBD04A
:10DC700002A9DDE90C3203EB020E5A1E0EF1FF3E43
:10DC800012F801CF11F8013B964583EA0C0340EAF4
:10DC90000300F5D10028D7D00F98214604F0BAF937
:10DCA0006FF01100D0E700BF10B50446FAF78AF80C
:10DCB0004FF4C4712046BDE8104004F0ABB900BF7A
:10DCC0002DE9F04F484B01222DED028BADF5097D7A
:10DCD0000F930E9203F5906203F5076303900D9284
:10DCE0000C930E994FF00009404B4A1CA1F1020120
:10DCF000DDF83C804FEA821A119203F11802B1FA62
:10DD000081F10B93079203F130024909089203F164
:10DD1000480260331091364906934346C8460A913B
:10DD2000994609924FF4C472002126A814F004FB0E
:10DD3000039B002B40F0B3812E4B022126A853F801
:10DD40002850C03B03EB451553462A46FFF702FD1A
:10DD500010F1230F834603D1109B002B40F0058266
:10DD6000BBF1000F2DD1079B26A8099A53F8046B2D
:10DD70000B9F0793204B03EB86130A9E08EE103A85
:10DD800052F8043B09920C9A02EB8313089A009311
:10DD9000049352F8043B089208EE903A069A52F81F
:10DDA000041B019157F8044B0B9756F8047BCDE9FF
:10DDB000051218EE102A01210A96FFF775FD834619
:10DDC000E0B1039B002B40F0718126A8F9F7FAFF20
:10DDD00026A84FF4C47104F01DF958460DF5097DCD
:10DDE000BDEC028BBDE8F08F30B60260D0BB0260A4
:10DDF00008BD026008BD026020BD0260B64B21462E
:10DE000026A803EB871216AB1646FFF703FE8346E0
:10DE10000028D6D1102226A812A9FFF779FE834642
:10DE20000028CED12246494616A814F035FA00281B
:10DE300040F08E810D9B102212A803EB0817394683
:10DE400014F02AFA002840F0838126A8F9F7BAFFD7
:10DE50004FF4C47126A804F0DDF8039B002B40F0BA
:10DE600043814FF4C472039926A814F065FA53460F
:10DE70002A46022126A8FFF76DFC83460028A0D180
:10DE8000059B014618EE102A26A80193049B0093D7
:10DE900018EE903AFFF708FD8346002891D116ABA3
:10DEA0004A46214626A8FFF7B5FD8346002888D1BB
:10DEB000102212A926A8FFF72BFE8346002880D146
:10DEC0002246314616A814F0E7F9002840F04081B8
:10DED0001022394612A814F0DFF98346002840F0DA
:10DEE000378126A8F9F76EFF4FF4C47126A804F015
:10DEF00091F8039B002B40F007814FF4C472039903
:10DF000026A814F019FA53462A46022126A8FFF73C
:10DF100021FC834600287FF454AF059B18EE102A9D
:10DF2000012126A80193049B009318EE903AFFF775
:10DF3000BBFC834600287FF444AF202C16AB32464E
:10DF400040F2B880202126A8FFF764FDA4F120014B
:10DF5000834600287FF435AF32461EAB26A8203218
:10DF6000FFF758FD834600287FF42BAF102212A93B
:10DF700026A8FFF7CDFD834600287FF422AF224676
:10DF8000494616A814F088F9002840F0E1801022D4
:10DF9000394612A814F080F98346002840F0D88052
:10DFA00026A8F9F70FFF4FF4C47126A804F032F841
:10DFB000039B002B40F0B8804FF4C472039926A84D
:10DFC00014F0BAF92A465346022126A8FFF7C2FBED
:10DFD000834600287FF4F5AE059B014618EE102A13
:10DFE00026A80193049B009318EE903AFFF75CFC7F
:10DFF000834600287FF4E5AE202C16AB4A4662D952
:10E00000202126A8FFF706FDA4F120018346002861
:10E010007FF4D7AE1EAB09F1200226A8FFF7FAFC69
:10E02000834600287FF4CDAE102212A926A8FFF760
:10E030006FFD834600287FF4C4AE2246314616A801
:10E0400014F02AF9002840F08380394612A81022E3
:10E0500014F022F9834600287AD126A8F9F7B2FEF7
:10E060004FF4C47126A803F0D5FF039B002B6BD19E
:10E0700008F1010809F14009B8F1060F7FF452AE2A
:10E080000E9B032B74D1039B002B64D1DDF80CB0E5
:10E0900058460DF5097DBDEC028BBDE8F08F0F4BA6
:10E0A000424651460E4814F01BF945E60D4814F05F
:10E0B000FFF88AE6214626A8FFF7ACFC8346002835
:10E0C0003FF454AF7DE6214626A8FFF7A3FC834624
:10E0D0000028A9D075E600BF20C00260542D0020A2
:10E0E00048380020C82D0020264814F0E1F8594691
:10E0F0004FF4C47226A814F01FF9234B4246514630
:10E10000224814F0EDF8B2E61E4814F0D1F8594652
:10E110004FF4C47226A814F00FF91D4B4246514625
:10E120001C4814F0DDF8EEE6164814F0C1F8594624
:10E130004FF4C47226A814F0FFF8134B4246514620
:10E14000144814F0CDF83DE70E4814F0B1F88FE70D
:10E150004FF0010B35E60A2014F0B2F858460DF5E1
:10E16000097DBDEC028BBDE8F08F0B4814F0A0F8E0
:10E17000119B0E930F9B03F5C0730F930D9B6033A0
:10E180000D93AEE5782D0020502D0020483800205A
:10E19000542D002064380020702D002070B5064EEC
:10E1A000034615460846346819192C4414F0A8F89B
:10E1B0000020346070BD00BFA4E000206422002174
:10E1C00014F0BAB8416570470165704781657047C2
:10E1D0002DE9F04306468946904693B0044656F82A
:10E1E0000C0B00F03FFBB9F1000F18BFB8F1000FA6
:10E1F0004FF00003054614BF012700278DF80430B7
:10E20000013719E002A9204600F0E6FB2A4602A9E0
:10E21000204600F05FFB2A463146204600F0C8FB4E
:10E220003146204600F0D8FB9DF804300133DBB2C4
:10E23000BB428DF8043014D2204600F0FDFB2A4684
:10E240003146204600F0B4FB012201A9204600F02F
:10E25000AFFB022FD6D142464946204600F0A8FB2C
:10E26000D0E713B0BDE8F0832DE9F84390460122D2
:10E2700005461F460E4600F0B7FA0446B0B905F150
:10E280000C09304600F0EEFA02464946284600F0F6
:10E2900021FB304600F0E6FA01210246484614F020
:10E2A0004BF83A4641462846FFF792FF2046BDE824
:10E2B000F88300BFB2F5807F2DE9F041E0B02CD8A3
:10E2C000056D90460446AB18B3F5C07F25D84FF4D2
:10E2D000C0720E466846002114F02EF82A46E36DFF
:10E2E0006946206E98470546D0B9276D16B1B8F13A
:10E2F000000F0AD13A4669462046FFF769FF01231D
:10E30000E364284660B0BDE8F0810DEB07003146BC
:10E310004246474413F0F4FFECE76FF00405F0E7E2
:10E320006FF00805EDE700BF2DE9F0411646012228
:10E3300004461D460F4600F057FA08B1BDE8F081CB
:10E34000384604F10C0800F08DFA07464146204695
:10E350003A4600F0BFFA3A464046012113F0ECFF7E
:10E3600042F21073142FA365C4E9176510D91D2F4D
:10E3700035BF242330231825202520462365DDE9D9
:10E380000612FFF797FF0028D8D12565BDE8F08178
:10E3900018231025F1E700BF2DE9F84F1546064672
:10E3A00000680F469B46DDF828A000F05BFAB5F543
:10E3B000806F45D8BAF5807F45D8F36D81469BB311
:10E3C000736D012B03D0F26CB36D9A422CDD524673
:10E3D00059463046FFF76EFF20BB8246CDB106F1AD
:10E3E0000C08A94530464C4628BF2C4600F024FBBB
:10E3F0004A464146304600F0DBFA4146304600F0DE
:10E40000EBFA38462246414613F07AFF2D1B27448B
:10E41000E7D1304652465946FFF7DAFEF36C00204A
:10E420000133F364BDE8F88FBBF1000FD6D0BAF129
:10E43000000FD3D0524659463046FFF7C9FECDE70C
:10E440006FF00200EEE76FF00400EBE700B5002389
:10E4500083B00093FFF7A0FF03B05DF804FB00BF9B
:10E4600048B110B5044600F07DF964212046BDE8AE
:10E47000104003F0CFBD7047F0B5B1B004460420A2
:10E4800000F05EF964220546002117A813F054FF3E
:10E49000002C40F08380764E2946764B17A8764AAA
:10E4A0003460CDE90044FFF73FFF18B1012528464D
:10E4B00031B0F0BD012303AF502217A82C93394689
:10E4C00023460094FFF768FF0028EFD1234650222F
:10E4D000394617A80094FFF75FFF0028E6D15022C5
:10E4E0006649384613F0D8FE0028DFD117A800F09F
:10E4F00039F9642117A803F08DFD17A800F032F94F
:10E50000642117A803F086FD002C7AD164222146ED
:10E5100017A813F011FF2946594B17A8564A346023
:10E52000CDE90044FFF700FF0028BFD12246214675
:10E5300017A8FFF7BFFE0028B8D12346502239465E
:10E5400017A80094FFF728FF0028AFD123465022D8
:10E55000394617A80094FFF71FFF0028A6D15022C4
:10E560004849384613F098FE054600287BD117A885
:10E5700000F0F8F8642117A803F04CFD17A800F08C
:10E58000F1F8642117A803F045FD002C8FD03E4818
:10E5900013F08EFE0A2013F093FE88E73B4813F039
:10E5A0009FFE334E0023344A294617A83360CDE935
:10E5B0000033304BFFF7B8FE30B10125344813F07B
:10E5C00077FE284631B0F0BD012203AF034600902C
:10E5D0002C923946502217A8FFF7DEFE0028ECD116
:10E5E000034600905022394617A8FFF7D5FE0028B1
:10E5F000E3D150222149384613F04EFE0028DCD1E9
:10E6000074E7214813F054FE224813F069FE642297
:10E61000002117A813F090FE00232946164A336004
:10E6200017A8CDE90033164BFFF77EFE0028C4D1B2
:10E630000246014617A8FFF73DFE0028BDD103465C
:10E6400000905022394617A8FFF7A6FE0028B4D143
:10E65000034600905022394617A8FFF79DFE002878
:10E660003FF47DAFA9E7002C3FF420AFA5E700BF42
:10E67000A4E00020A0C102609DE1006050C20260E1
:10E68000D8C1026000C20260782D002084380020CA
:10E69000C82D0020A038002000487047A0C20260AA
:10E6A00010B5044630B30146184813F041FE20B3BC
:10E6B0002146174813F03CFEE8B12146154813F0F7
:10E6C00037FEC0B12146144813F032FEB8B12146DE
:10E6D000124813F02DFEA0B12146114813F028FE78
:10E6E00088B121460F4813F023FE0F4C00280CBFC1
:10E6F0002046002010BD0D4810BD0D4810BD0D482E
:10E7000010BD0D4810BD0D4810BD00BFBC38002025
:10E71000D43900204C550020F8390020E84D002065
:10E72000144E0020703A002080C5026040C602608E
:10E7300070C6026010C60260E0C50260B0C502602B
:10E740000338C0B2052803D8024B53F820007047A5
:10E75000002070472C1E002000230360436083606C
:10E76000704700BFC0B1036810B504469BB1406854
:10E7700008B15B6A9847A06838B12368D968490036
:10E7800003F048FCA06813F0C7FD20460C21BDE84B
:10E79000104003F03FBC10BD704700BFE9B1F8B5B1
:10E7A000B0FA80F60446760970B10B6A0D469847B8
:10E7B0000746606050B1E968022013F0B5FDA06023
:10E7C00030B130462560F8BD0548F8BD0548F8BDB4
:10E7D00038466B6A98470348F8BD0148704700BF48
:10E7E00000AFFFFF80AEFFFFE9B1F8B50546B0B15D
:10E7F0000B6A0C46174698470646686088B117B9F9
:10E8000000202C60F8BDE168022013F08DFDA860A7
:10E810000028F5D13046636A98470448F8BD04489B
:10E82000F8BD0248F8BD0248704700BF80AEFFFF48
:10E8300000AFFFFF90B1036881B17BB10A689342DA
:10E840000CD110B5B2FA82F464092AB19B6A496806
:10E8500040689847204610BD014810BD00487047E9
:10E8600000AFFFFF00B1007A704700BF00B1007831
:10E87000704700BF00B14068704700BF20B1036817
:10E8800013B11B69406818470048704700AFFFFF8D
:10E8900020B1036813B15B694068184700487047AE
:10E8A00000AFFFFF20B1036813B19B6940681847B0
:10E8B0000048704700AFFFFF40B100B58E461146DB
:10E8C0001A46C36970465DF804EB18470048704764
:10E8D00000AFFFFF2DE9F04391B0002864D003683A
:10E8E0000446002B60D08568002D5DD09146DA6823
:10E8F00088464A4523D21B69406898470746A8B90D
:10E9000023684A46414660685B699847074668B98C
:10E9100023686E4660689B6931469847074630B960
:10E920002368B046A568D3E9029209E06E4640210B
:10E93000304603F06FFB384611B0BDE8F0836E46F9
:10E9400036212846AF1813F0F7FC23685C213846BF
:10E95000DA6813F0F1FCB9F1000F16D009F1FF32BB
:10E9600008F1FF3107F1FF3C6B1EA81811F8017F79
:10E9700013F8012F7A4083421A701CF8012F0F7888
:10E9800082EA07028CF80020F0D1D4E900301B693C
:10E99000984707460028CAD1236829466068DA6884
:10E9A0005C69A0470746C2E7004FC4E700AFFFFF1E
:10E9B00048B103683BB110B4846834B15B69406806
:10E9C0005DF8044B18470348704702485DF8044B54
:10E9D000704700BF00AFFFFF002829D00368F0B5E3
:10E9E000044691B013B3866806B30D46DF684068ED
:10E9F00069469B699847B8B9236860681B6998475E
:10EA000090B9F119D4E900305E69DA68B04758B9B5
:10EA10002368694660685E699A68B04720B92368D0
:10EA2000294660689B69984711B0F0BD0148FBE733
:10EA30000048704700AFFFFFA0B1036870B50446FF
:10EA400073B1856865B11B694068984748B9236808
:10EA5000294660685C69DA682346BDE8704018475B
:10EA6000014870BD0048704700AFFFFFF0B585B0AA
:10EA700068B30D4601460020174601221E4603904A
:10EA8000CDE9010001A8FFF7AFFE044628B101A8B7
:10EA9000FFF768FE204605B0F0BD3A46294601A8BA
:10EAA000FFF718FF04460028F1D1019B8BB1039AB0
:10EAB0007AB15B6931460A9A029898470446002861
:10EAC000E5D10B9901A8FFF787FF0446DFE7024C69
:10EAD000E0E7014CDBE700BF00AFFFFF20B10368B8
:10EAE00013B1DB6A406818470048704700AFFFFF6A
:10EAF0005822002113F020BC10B1582103F08ABA2B
:10EB0000704700BF582208B513F0FAFB08BD00BFDC
:10EB100010B40346074C084900220848C3E90241E3
:10EB20000749186110465DF8044B5961C3E900229A
:10EB3000704700BF0123456789ABCDEFFEDCBA9873
:10EB4000765432108368DC4A2DE9F04F1A44864629
:10EB5000C7688DB0D1F800B04C685A44DEF8106038
:10EB600001948D680B970295D1F81CA0D1F83080E4
:10EB7000D0E9043043403B404340D0481344DEF8E2
:10EB800014201044DEF8102007EB73637A40204411
:10EB9000CB4C1A4034447240CE682C44C94D0244D8
:10EBA00087EA03003D44039603EB3252354410409C
:10EBB0007840204483EA020402EBF03004405C40D9
:10EBC0002C440D692E46C04D00EBB4243544049608
:10EBD0001D4482EA0003234053402B444D692F46D5
:10EBE000BA4D04EB73633D440597154480EA040273
:10EBF0001A4042402A448D692E46B54D03EB3252ED
:10EC000035440696054484EA0300104060402844D9
:10EC1000B04D554402EBF030254483EA0204044031
:10EC20005C402C440D6A2F46AB4D00EBB4243D44B0
:10EC300007971D4482EA0003234053402B444D6A4A
:10EC40002E46A64D04EB736335440896154480EABE
:10EC500004021A4042402A448D6A2F46A04D03EB1D
:10EC600032523D440997054484EA03001040604055
:10EC70002844CD6A2E469B4D02EBF03035440A966F
:10EC8000994E254483EA020404405C402C44974D8D
:10EC9000454400EBB4241D4482EA00032340534062
:10ECA0002B444D6BD1F838902E4404EB7363019FD5
:10ECB000164480EA04021A4042403244CE6B8C492A
:10ECC00003EB32524944014484EA0300104060409F
:10ECD00008448849314402EBF0300C4483EA0201D5
:10ECE000014059402144844C00EBB1213C44069F33
:10ECF0001C4480EA01031340434023447F4C01EB52
:10ED0000F3633C440A9F144481EA030202404A40F0
:10ED100022447B4C03EBF2523C44059F044483EABB
:10ED20000200084058402044764C02EBB0405C445E
:10ED30000C4482EA0001194051402144724C00EB1E
:10ED400031313C44099F1C4480EA01031340434095
:10ED500023446E4C01EBF3633C44049F144481EA6A
:10ED6000030202404A402244694C03EBF25234440D
:10ED7000044483EA0200084058402044654C02EBFA
:10ED8000B0403C44089F0C4482EA000119405140C5
:10ED90002144614C00EB31313C44039F1C4480EA28
:10EDA00001031340434023445C4C01EBF3634C44A8
:10EDB000144481EA030202404A402244584C03EBC7
:10EDC000F2523C44079F044483EA02000840584042
:10EDD0002044544C02EBB0403C44029F0C4482EA75
:10EDE00000011940514021444F4C00EB31312C447B
:10EDF0001C4480EA01031340434023444B4C01EB85
:10EE0000F3633C44059F144481EA030202404A40F4
:10EE10002244474C03EBF252544483EA020C204450
:10EE2000444C0CEA010C44448CEA030C0C4484442A
:10EE3000414802EBBC4C3844019F82EA0C01184463
:10EE40000B4053402344079C0CEB3333594001449F
:10EE50003A48204403EB3171394C10448CEA0302E8
:10EE60004A4002440A9801EB7252044483EA0100CA
:10EE7000644450402044334C4C4402EB30401C442A
:10EE800081EA0203434023442F4C3C4400EB7323AC
:10EE9000049F0C4482EA0001594021442B4C3C441D
:10EEA00003EB3171099F224480EA03044C4014446F
:10EEB000274A52444EE000BF78A46AD756B7C7E845
:10EEC000DB702024EECEBDC1AF0F7CF52AC687478C
:10EED000134630A8019546FDD8988069AFF7448B5A
:10EEE000B15BFFFFBED75C89937198FD2211906BD7
:10EEF0008E4379A62108B44962251EF640B340C06E
:10EF0000515A5E26AAC7B6E95D102FD653144402A3
:10EF100081E6A1D8C8FBD3E7E6CDE121D60737C308
:10EF2000870DD5F4ED145A4505E9E3A9F8A3EFFCE4
:10EF3000D9026F678A4C2A8D4239FAFF81F67187B0
:10EF400022619D6D0C38E5FD44EABEA4A9CFDE4BDD
:10EF5000604BBBF601EB7454104483EA010262403B
:10EF600002448448384404EB3242039F034481EA5C
:10EF7000040050401844804B2B4402EB70200B449B
:10EF800084EA0201414019447C4B5B4400EB31713F
:10EF90001C4482EA00034B402344794C3C4401EB7F
:10EFA0007353069F224480EA01045C401444754A6E
:10EFB0003A4403EB3444089F024481EA0300604072
:10EFC0001044714A3A4404EB7020029F114483EAD2
:10EFD000040242400A446D49414400EB32720B4442
:10EFE00084EA000151401944694B334402EB7151EA
:10EFF000234480EA02044C401C44664B3B4401EB32
:10F000003444059F184482EA010363400344624884
:10F0100004EB73235844104463EA01026240024443
:10F020005E4803EBB2625044084462EA040159406E
:10F0300001445B4802EBB1514844204461EA0304B7
:10F0400054402044574C01EB70403C44039F1C4407
:10F0500060EA02034B402344534C00EBF323444447
:10F06000144463EA010242402244504C03EBB26272
:10F070003C44099F0C4462EA0001594021444C4C35
:10F0800002EBB1513C44019F044461EA030050404B
:10F090002044484C01EB70403C44079F1C4460EA0C
:10F0A00002034B402344444C00EBF3233C44144400
:10F0B00063EA010242402244404C03EBB262344412
:10F0C000069E0C4462EA0001594021443C4C02EB8C
:10F0D000B1513444049E044461EA0300504020448A
:10F0E000384C01EB70402C44234460EA02044C404D
:10F0F0001C44354B00EBF42433441A4464EA010306
:10F1000043401344DEF8082004EBB3631A44CEF8FE
:10F1100008200A9D2D4A029F2A440A4463EA0001FE
:10F1200061401144DEF8142003EBB1510A44CEF8DB
:10F130001420274A3A440B9F024461EA04005840D5
:10F14000104401EB704060EA030207444A40DEF8D5
:10F1500010103B46089F08441E493944CEF8100061
:10F16000002021440A4403EBF223CEF80C300DB00A
:10F17000BDE8F08F70BCBFBEC67E9B28FA27A1EA0F
:10F180008530EFD4051D880439D0D4D9E599DBE664
:10F19000F87CA21F6556ACC4442229F497FF2A4389
:10F1A000A72394AB39A093FCC3595B6592CC0C8F19
:10F1B0007DF4EFFFD15D84854F7EA86FE0E62CFEE5
:10F1C000144301A3A111084E827E53F735F23ABDD4
:10F1D000BBD2D72A91D386EBC2B32DE9F84303689B
:10F1E00006460D46144603F03F079B18C7F140083A
:10F1F000036002D3436801334360C7B1444516D36B
:10F2000006F118092946424609EB070013F078F881
:10F2100049463046FFF796FC38B93C44454407461A
:10F22000403C3F2C08D89CB90020BDE8F8833F2C17
:10F2300002D80DE03F2CF6D929463046403C4035F7
:10F24000FFF780FC0028F5D0BDE8F8830020704768
:10F2500006F1180022462946384413F051F8E3E736
:10F2600070B50446006880220D4600F03F0004F1AE
:10F2700018062318013038281A7637D8C0F138021A
:10F280000021304413F058F8236831466668204660
:10F290005A0FDB0042EAC60223656265FFF752FCA3
:10F2A00018BBA3682B70A3681B0A6B706389AB70D3
:10F2B000E37AEB70E3682B71E3681B0A6B71E389F7
:10F2C000AB71E37BEB7123692B7223691B0A6B72B1
:10F2D000638AAB72E37CEB7263692B7363691B0A0D
:10F2E0006B73E38AAB73E37DEB7370BDC0F14002D7
:10F2F0000021304413F020F831462046FFF722FC6D
:10F300000028F2D101463822304613F015F8BBE749
:10F3100000230749074A10B4C0E90033064C074BE5
:10F32000846043615DF8044BC0E90312704700BF7D
:10F3300089ABCDEFFEDCBA980123456776543210D5
:10F34000FFF74ABFFFF78CBFFFF7FCBB70B596B065
:10F3500004460D46164600215822684612F0ECFF7E
:10F36000114B2A462146029303F1883368460393E2
:10F3700003F12943A3F59613A3F68B630493A3F13A
:10F3800088330593FFF728FF38B1044668465821B3
:10F3900002F040FE204616B070BD31466846FFF7C9
:10F3A0005FFF0446F2E700BF01234567FFF7CEBFCA
:10F3B0002DE9F04FDFF8888085B00025074608F179
:10F3C0002006DFF880A008F51679DFF87CB0D7B901
:10F3D0006A4658F8041F30465136FFF7B7FF044617
:10F3E00009EB0511102201356846ECB912F054FF03
:10F3F0000446C0B967B9072DE9D16FB93C4620462C
:10F4000005B0BDE8F08F691C504612F069FFDFE7D8
:10F41000584612F04DFFEEE70A2012F051FF204649
:10F4200005B0BDE8F08F0124002FE8D0034812F0AA
:10F430003FFF204605B0BDE8F08F00BFC82D00207B
:10F44000B8C20260C0380020782D0020FFF760BBF2
:10F45000FFF7C2BEFFF704BFFFF754BBFFF772BB55
:10F4600005F0A4B805F0FABF06F03CB805F098B86E
:10F4700005F0C0B8012106F093B900BF06F0A6BDA3
:10F4800006F0E8BD012306F0C1BE00BF06F082B958
:10F4900006F0D8B9002106F083B900BF002306F0BA
:10F4A000B5BE00BF012107F037B800BF07F038BE76
:10F4B00007F086BE012308F025B800BF07F026B884
:10F4C00007F0AEB8002107F027B800BF002308F00E
:10F4D00019B800BF10B50446FFF70EFB2046BDE883
:10F4E000104012F019BF00BF10B5044605F052F8E5
:10F4F0002046BDE8104012F00FBF00BF10B5044613
:10F5000006F042F92046BDE8104012F005BF00BFEA
:10F5100010B5044606F0F4FF2046BDE8104012F096
:10F52000FBBE00BF10B55821012012F0FDFE0446BD
:10F5300008B1FFF7DDFA204610BD00BF10B55C2111
:10F54000012012F0F1FE044608B105F01FF8204634
:10F5500010BD00BF10B56C21012012F0E5FE04467D
:10F5600008B106F00DF9204610BD00BF10B5D82136
:10F57000012012F0D9FE044608B106F0BDFF204676
:10F5800010BD00BF53680BB91846704793682DE94A
:10F59000F04F1C7817462F4B83B006468946A3FBD5
:10F5A00004232D4A5D092B4605EB8505A4EBC50414
:10F5B000E4B2009412F074FE00283BDB484534BFEF
:10F5C00000230123B3BBD7F804E00644A9EB0005F0
:10F5D000BEF1010F30D90224D7F808A0DFF87C80F3
:10F5E00005E0A6452BD913F07E4F23D101340AEB59
:10F5F000040C2946424630461CF801CC0CF07F0B27
:10F600001CF0800F0BEBC313EBD112F049FE002866
:10F61000A5EB000106440DDBA84234BF0022012205
:10F6200013463AB9D7F804E0A6450DD90D46D7F8E8
:10F6300008A0DBE76FF00A0003B0BDE8F08FA9EB8C
:10F64000050003B0BDE8F08F401B484403B0BDE89F
:10F65000F08F00BFCDCCCCCCD4380020DC380020DB
:10F66000C8B1F8B5064645680F460C4C03230C4854
:10F6700003E054F8140F58B163689D42F9D12A464B
:10F68000B16812F009FE0028F3D123693B60F8BD90
:10F690006FF02D00F8BD6FF02D007047A0C602601E
:10F6A000E0380020C8B1F8B5064645680F460C4C56
:10F6B00003230C4803E054F8140F58B163689D42CB
:10F6C000F9D12A46B16812F0E7FD0028F3D1236989
:10F6D0003B60F8BD6FF02D00F8BD6FF02D00704756
:10F6E00018C70260E4380020C8B1F8B5064645687E
:10F6F0000F460C4C09230C4803E054F8140F58B182
:10F7000063689D42F9D12A46B16812F0C5FD002810
:10F71000F3D1237C3B70F8BD6FF02D00F8BD6FF086
:10F720002D007047A8C80260E838002010B40C4BC8
:10F730004FF0010C0B4C04E053F8144F54B193F804
:10F7400010C08445F8D15B6800200C605DF8044B64
:10F75000136070476FF02D005DF8044B704700BFD9
:10F76000A8C80260E8380020C8B1F8B50646456868
:10F770000F460C4C08230C4803E054F8140F58B102
:10F7800063689D42F9D12A46B16812F085FD0028D0
:10F79000F3D1237C3B70F8BD6FF02D00F8BD6FF006
:10F7A0002D007047F8C80260F438002010B40C4BEC
:10F7B0004FF0010C0B4C04E053F8144F54B193F884
:10F7C00010C08445F8D15B6800200C605DF8044BE4
:10F7D000136070476FF02D005DF8044B704700BF59
:10F7E000F8C80260F438002000B309232DE9F04185
:10F7F0000546D0F804800F4616460E4C0E4803E02E
:10F8000054F8140F70B163689845F9D14246A9685D
:10F8100012F042FD0028F3D1237C3B70637C3370EF
:10F82000BDE8F0816FF02D00BDE8F0816FF02D0094
:10F83000704700BF5CC9026000390020C8B1F8B54C
:10F84000064645680F460C4C09230C4803E054F863
:10F85000140F58B163689D42F9D12A46B16812F07D
:10F860001BFD0028F3D1E3683B60F8BD6FF02D006D
:10F87000F8BD6FF02D0070475CC9026000390020B0
:10F8800030B44FF0010C0C4C0C4D04E054F8145FF4
:10F890006DB194F811C08445F8D194F810C08C452E
:10F8A000F4D1616800201560196030BC70476FF0BA
:10F8B0002D0030BC704700BF5CC9026000390020D9
:10F8C000C8B1F8B5064645680F460C4C08230C48ED
:10F8D00003E054F8140F58B163689D42F9D12A46E9
:10F8E000B16812F0D9FC0028F3D1237C3B70F8BD3D
:10F8F0006FF02D00F8BD6FF02D00704774CA0260E4
:10F900000C390020C8B1F8B5064645680F460C4CC6
:10F9100008230C4803E054F8140F58B163689D4263
:10F92000F9D12A46B16812F0B7FC0028F3D1237C44
:10F930003B70F8BD6FF02D00F8BD6FF02D007047E3
:10F9400000CB026018390020C8B1F8B506464568FA
:10F950000F460C4C08230C4803E054F8100F58B124
:10F9600063689D42F9D12A46B16812F095FC0028DF
:10F97000F3D1E3683B60F8BD6FF02D00F8BD6FF088
:10F980002D00704778CB02602439002010B40C4B56
:10F990004FF0030C0B4C04E053F8144F54B193F8A0
:10F9A00010C08445F8D15B6800200C605DF8044B02
:10F9B000136070476FF02D005DF8044B704700BF77
:10F9C00074CA02600C390020C8B1F8B50646456813
:10F9D0000F460C4C05230C4803E054F8140F58B1A3
:10F9E00063689D42F9D12A46B16812F055FC00289F
:10F9F000F3D1237C3B70F8BD6FF02D00F8BD6FF0A4
:10FA00002D007047E8CB02603039002000B30A2394
:10FA10002DE9F0410546D0F804800F4616460E4CFD
:10FA20000E4803E054F8140F70B163689845F9D19B
:10FA30004246A96812F030FC0028F3D1237C3B70C9
:10FA4000637C3370BDE8F0816FF02D00BDE8F0817C
:10FA50006FF02D00704700BF24CC026038390020C1
:10FA60002DE9F0439BB007468846164604A81D467C
:10FA7000FFF73EF804A8FFF74BF860B10446E946EB
:10FA800004A8FFF739F84846102102F0C3FA2046CF
:10FA90001BB0BDE8F083229A294604A8FFF79CFB1F
:10FAA000044608B1E946EBE70822314604A8E946D6
:10FAB000FFF792FB04460028E2D104A84946FFF76D
:10FAC000CFFB04460028DBD1B8F1100F37D94C46E4
:10FAD0000FCC386004A87960BA60FB60FFF718F8B3
:10FAE00004460028CCD1102249460DEB0200FFF756
:10FAF00073FB04460028C3D12946229A04A8FFF7C5
:10FB00006BFB04460028BBD13146082204A8FFF74E
:10FB100063FB04460028B3D1494604A8FFF7A0FBC5
:10FB200004460028ACD1B8F1200F07F11000494677
:10FB300014BFA8F11002102212F0E2FBA0E7424627
:10FB40003846494612F0DCFB9AE700BFF0B5EBB04F
:10FB500005460E461746709C0AA80393F8F77EFDEB
:10FB600000942A46039B182104A8FFF779FF044656
:10FB700048B10AA8F8F778FD04A8182102F04AFA5B
:10FB800020466BB0F0BD04A90AA8F9F7D5FB0446DE
:10FB90000028EED101462B463A460AA8CDE9006678
:10FBA000F9F72CF90446E4E72DE9F041D0B0064618
:10FBB0000D461746579C0AA89846F1F719FE00947F
:10FBC0003246569B294602A8FFF74AFF044650B129
:10FBD0000AA8F1F713FE02A8294602F01BFA2046F4
:10FBE00050B0BDE8F081EA0002A90AA8F1F720FFB1
:10FBF00004460028ECD10146334642460AA8CDE926
:10FC00000077F2F70DFD0446E2E700BF0023036032
:10FC100043608360704700BF2DE9F047ACB0002817
:10FC200000F0688206461846884691461F4612F044
:10FC300053FB0546002800F051824946384612F031
:10FC40004BFB0446002800F04982854280F0468242
:10FC5000404612F031FB2B5C05EB0008202B03D152
:10FC600098F8013008F101080D2B03D198F8013004
:10FC700008F101080A2B40F03182484608F10105DD
:10FC800012F01AFB235C0246202B224401D1537848
:10FC900001320D2B01D1537801320A2B369B08BF5C
:10FCA0000132D21B1A60631B152B4EDC4FF000098A
:10FCB000C846A54280F014820021641B2B4605AA89
:10FCC00008460094F3F730FD2C3000F011820599BE
:10FCD0000120039112F028FB0746002800F015824E
:10FCE00000942B4605AA0399F3F71EFD044600284D
:10FCF00040F0A280B8F1000F7FD0349B002B00F0C1
:10FD0000FB81B9F1250F00F01B81B9F1210F00F043
:10FD10002D81B9F1050F7CD0B9F1060F00F01A81E1
:10FD2000B9F1070F00F0CD810599022905D93B787B
:10FD3000302B02D17B78832B60D93846B14C02F04E
:10FD400069F9384612F0E8FA5AE01622AE49284618
:10FD500012F0A2FA0028A9D198F817300D2B53D031
:10FD600008F117070A2B40F0BB817D1CA4EB0508A6
:10FD7000B8F1160F6DDD1722A449284612F08CFA4F
:10FD8000002840F0CD8007F11803E31A0F2B40F351
:10FD9000C5800DF120086FF01605089007F1270CBB
:10FDA000C8F80400ED1B07F1170011E0A1F1370EB0
:10FDB00013F0010F4FEA530308BF4FEA0E1E18F865
:10FDC0000320604542EA0E0208F8032000F0E980B3
:10FDD0002B1810F8011FA1F13002A1F1410996463C
:10FDE000D2B2092AE4D9B9F1050FA1F16102A1F15A
:10FDF000570EDBD9052ADBD990E00599C6E90071D9
:10FE000020462CB0BDE8F08708F1180798F81830A4
:10FE1000A8E735993A46059B08A8019134990091C5
:10FE20001021FFF7C1FE0546002D3FF47DAF384697
:10FE30002C4612F071FAE3E705993846A4F5885488
:10FE400002F0E8F8384612F067FA20462CB0BDE818
:10FE5000F087B8F1110F00F3B980B8F10D0F6DDD27
:10FE60000E226B49284612F017FA002866D1B8F125
:10FE7000150F63DD16226749284612F00DFA002897
:10FE800000F0308116226449284612F005FA002855
:10FE900000F02B8116226149284612F0FDF9002856
:10FEA0004CD14FF0070905F11603E31A1F2B35DD7E
:10FEB00000230DF120086FF0140705F115000893D9
:10FEC00005F1350C7F1BC8F80C30C8E9013311E08F
:10FED000A1F1370E13F0010F4FEA530308BF4FEAA9
:10FEE0000E1E18F80320844542EA0E0208F803208B
:10FEF00000F0E5803B1810F8011FA1F13002A1F1DC
:10FF0000410A9646D2B2092AE4D9BAF1050FA1F105
:10FF10006102A1F1570EDBD9052ADBD9404C6FE70E
:10FF200012224049284612F0B7F9002856D00E2276
:10FF30003749284612F0B0F900289BD03A4C5FE7C9
:10FF4000359908A8349B00913946059AFFF7FEFDC4
:10FF5000054669E735993A46059B08A80191349909
:10FF600000911821FFF720FE05465DE70CA8DDF89B
:10FF700014900DF12008F8F767FB359B08214246E5
:10FF800006A80093349BFFF76BFD0546002800F0A0
:10FF900084800CA8F8F75CFB06A8082102F03AF868
:10FFA00042E707F128054FF02509A4EB0508B8F151
:10FFB0000D0F6ADC2B780D2B01D16B7801350A2BE4
:10FFC00040F08E8001354FF0010872E6122215498B
:10FFD000284612F061F900287FF442AF07F11303BD
:10FFE000E31A0F2B9ADD00230DF120086FF01105A5
:10FFF00007F11200089307F1220CED1BC8F804303A
:02000004600199
:1000000025E000BF80ECFFFFAC430020C44300208C
:1000100038440020F0430020084400202044002001
:1000200000EEFFFFDC43002080EDFFFFA1F1370E63
:1000300013F0010F4FEA530308BF4FEA0E1E18F8E2
:100040000320604542EA0E0208F8032014D02B1862
:1000500010F8011FA1F13002A1F141099646D2B278
:10006000092AE5D9B9F1050FA1F16102A1F1570EF5
:10007000DCD9052ADCD951E707F123054FF0210926
:10008000A4EB0508B8F10D0F94DD0E222049284697
:1000900012F002F900288DD1E9E606A90CA8F9F7BB
:1000A00099F8054600287FF474AF43464A4600217C
:1000B0000CA8CDE90077F8F70FFC054669E736355F
:1000C00078E735993A46059B0191349900912021B2
:1000D0000DEB0100FFF768FD0546A5E60D4C8FE628
:1000E0000D4C8DE64FF00509DDE64FF00609DAE626
:1000F0000A4C85E60A4C83E63846059901F08AFFEA
:100100003846084C12F008F97AE6074C78E600BF4A
:100110003844002080EFFFFF00EFFFFFD4EEFFFF29
:1001200080EBFFFF00EDFFFF80EEFFFF10B5044600
:10013000006818B1616801F06DFF206812F0ECF8FA
:10014000A06812F0E9F820460C21BDE8104001F04B
:1001500061BF00BF2DE9F04F1D4687B00E4600215C
:100160008146134608460392009505AADDF84080B3
:10017000F3F736FA484612F09FF88246304612F0FE
:100180009BF8059F119B7C1C04EB9714544404447A
:100190009C42039B5AD8002F46D1BA46394605AA3D
:1001A00050460095F3F71CFA0746002847D1484609
:1001B00012F082F849460246404612F0A1F848463D
:1001C00012F07AF8059D08EB000495B1D3464FF084
:1001D0000A09402D2A462046594628BF4022AD1A1A
:1001E0001444934412F08CF8059504F8019B002DFB
:1001F000EFD1304612F060F831460246204612F048
:100200007FF8304612F058F8002203465046E25478
:100210001C44129B0134A4EB08041C6012F07CF80F
:10022000384607B0BDE8F08F39460120039312F03D
:100230007BF8039B82460028B0D1074FF0E7504679
:1002400012F06AF8384607B0BDE8F08F129B6FF0E5
:1002500029071C60E4E700BF80EEFFFF0138C0B251
:10026000032803D8024B53F8200070470020704742
:10027000541E002010B10023C0E90033704700BFB6
:1002800068B1036810B5044643B140689B6A98475B
:1002900020460821BDE8104001F0BCBE10BD7047EB
:1002A00080B170B50D4649B10668044636B94B6A4F
:1002B0009847606020B13046256070BD024870BD2F
:1002C000024870BD0048704780C1FFFF80C0FFFF3B
:1002D000D8B12DE9F04706680546A6B9DFF83C809D
:1002E0001F4689469246D8F82430984704466860ED
:1002F00068B1089B3046C5F80080A760E360C4E998
:10030000009ABDE8F0870348FBE7024870470248BF
:10031000F7E700BF80C1FFFF80C0FFFF30CF026062
:1003200020B1036813B19B684068184700207047EC
:10033000034608461BB11B680BB1DB681847002059
:10034000704700BF2DE9F04182B0DDE90878D0B1F7
:1003500005680446BDB1164653B12D69BDB132469C
:10036000AC46CDE90878606802B0BDE8F04160476E
:1003700008460191FEF7E4F928B1FEF773FA256803
:1003800003460199E9E7034802B0BDE8F08102485D
:10039000FAE700BF80C1FFFF00C1FFFF2DE9F04F6A
:1003A00087B0DDE910ABDDE91298002A49D00D468F
:1003B00011681446002944D01F46CB68064698476A
:1003C000002840D0062E0ED0002D3AD15B46524672
:1003D00039462046CDF84480CDF8409007B0BDE8BE
:1003E000F04FFFF7AFBF65B3236833B19B68606818
:1003F00098470730B8EBD00F27D3CDF814900023DF
:100400000097CDE901BA69682A78CDE903211A4637
:100410001946606803F030F9054618B1284607B060
:10042000BDE8F08F236823B19B6860689847073068
:10043000C008074B804588BF1D46284607B0BDE869
:10044000F08F044DEAE7044DE8E7044DE6E700BF0E
:1004500000C7FFFF80C1FFFF00C1FFFF80BCFFFF9F
:100460002DE9F04782B0DDE90A78DDE90C9AE0B1C8
:10047000154602680446C2B163B15669CEB12A4638
:10048000B446CDE90C9ACDE90A78606802B0BDE8BF
:10049000F047604708460191FEF752F928B1FEF790
:1004A000E1F9226803460199E7E7034802B0BDE895
:1004B000F0870248FAE700BF80C1FFFF00C1FFFFDD
:1004C000F0B438B104682CB1A46934B1A4464068D2
:1004D000F0BC60470248F0BC70470248FBE700BF31
:1004E00080C1FFFF00C1FFFFF0B438B104682CB138
:1004F000E46934B1A4464068F0BC60470248F0BCEF
:1005000070470248FBE700BF80C1FFFF00C1FFFF4B
:10051000D8B10268CAB1C1B10B68B3B110B41C6ADA
:10052000ACB193F800C0BCF1050F07D09A4208D1D6
:100530002346496840685DF8044B18471378012B3F
:10054000F6D004485DF8044B7047034870470248F2
:10055000F8E700BF00C1FFFF80C1FFFF40B108B551
:1005600003684BB1DB6A2BB140689847002008BD97
:1005700002487047024808BD004808BD80C1FFFF1F
:1005800000C1FFFF18B103680BB1586870470148FC
:10059000704700BF4844002010B1006800B10078E7
:1005A000704700BF0048704700E1FFFF2DE9F04FA2
:1005B000ADF5197D9046A39ADDF888B2402A98BF20
:1005C000402B0091CDE901039DF8900200F2F780E5
:1005D000802994BF00240124002C40F0F080FEF715
:1005E000AFF80646002800F0F18005A8FEF7B4F841
:1005F0002246314605A8FEF7F7F818B10DF5197D2A
:10060000BDE8F08F30460DF1E00AFEF72BF9212806
:10061000A59B054634BF4FF040094FF08009D9B281
:1006200018A84A464C4611F087FECDF80C90DDF82C
:100630008C92A1454F465046594628BF27463A4618
:10064000BA4411F05DFEE41BF3D1DDF80C900DF51A
:10065000B07A4C46D346DDF80890A1454F4658463F
:10066000414628BF27463A46BB4411F049FEE41BE9
:10067000F3D1009B08AFDDF80C90002B00F0A180B7
:1006800078ABDDF898B2029305A8FEF7F7F830BB17
:100690004A4618A905A8FEF7FBF800BB4A4638A948
:1006A00005A8FEF7F5F8D0B94A46514605A8FEF769
:1006B000EFF8A0B9394605A8FEF7F4F878B9BBF110
:1006C000010F25D9012401E05C4521D03B462A4693
:1006D000394630460134FEF7EFF80028F4D0804662
:1006E00038A8802101F096FC5046802101F092FC50
:1006F0000298802101F08EFC4021384601F08AFCEE
:1007000005A8FEF72FF840460DF5197DBDE8F08FDE
:10071000009C3946019AAC42104628BF2C46224420
:100720000192224611F0ECFD009B1B1B00934AD066
:100730004C46DDF80880CDF898B2CB46C146A046BD
:1007400045452C464846394628BF44462246A144E2
:1007500011F0D6FDB8EB0408F2D1D946029BDDF8C2
:1007600098B203EB090148460A4600E03BB912F88B
:10077000013D013803F10103DBB21370F6D138AB50
:100780000C4603EB0900002310F8012D14F801CDED
:100790006244134438AA82420370C3F30723F3D19F
:1007A0000AEB0900002310F8012D11F8014D8245D4
:1007B000224413440370C3F30723F4D164E70448CD
:1007C0001CE778AB02934FF0000889E7014815E772
:1007D00080E0FFFF00E1FFFF2DE9F04F4FF0000A3E
:1007E000DBB00446104688461F46659DCDF820A024
:1007F000F7F7B6FA002800F0C280802D0646D0F840
:100800000490D0F80CB0CDF824A000F2B680514688
:100810004FF4817219A8CDF830A0CDE90AAA11F0E1
:100820008BFD04F1080AD4E9013119442368302B07
:1008300040F0A18004230BAA50460791F2F714FA66
:10084000079900284DD0A0F5F454002C45D15DB196
:10085000649B681E19AA1844013B13F8011F023259
:10086000984202F8011CF8D1099A6B1C4FEAD90989
:1008700011A804925B000B9A4946029701920C9AC8
:10088000079300920122039219AAFFF78FFE0446F4
:1008900018BB079BBBF1000F35D10DAD19A8F7F7B9
:1008A0008DFA314619A8F7F79DFA044650B94FFA68
:1008B00088F311A94FEAC90219A8F7F7BFFA04464D
:1008C000002833D011A8202101F0A4FB28461021D4
:1008D00001F0A0FB19A8F7F775FA20465BB0BDE858
:1008E000F08FA36850460B9A0C93134409AA079102
:1008F000A360F2F7FBF907990028A4D1A3689942F5
:10090000A5D0204CE9E7099A0DAD5946029704920B
:1009100028460B9A01920C9A00920222039219AA7D
:10092000FFF744FE04460028B8D0D6E7F26829460F
:1009300019A8F7F7F1FA04460028C3D119A8F7F768
:100940000DFB04460028BDD108AA689B19A8009297
:10095000DDE96612F7F72AFB04460028B2D1689B4E
:1009600008AA089919A81944F7F732FC064B041E87
:1009700018BF1C46A6E7054CAFE7054CADE7054C94
:10098000ABE700BF1AE1FFFF00E2FFFF1EE1FFFF40
:1009900080E0FFFF00E1FFFF2DE9F04FA3B0044628
:1009A00000689A460F469046DDF8B490FDF75AFF6E
:1009B0000023ADF804308DF8063001238DF80730A0
:1009C0002E9B002B66D012AB064603EB000B424673
:1009D00039462046FDF77EFF00285CD12C9A51460F
:1009E0002046FDF7E5FF002855D1042220460DEBF7
:1009F0000201FDF7DDFF00284DD112A92046FDF7C9
:100A0000EBFF002847D1324612A902A811F078FC6A
:100A1000B9F1010F22D90125424639462046FDF79A
:100A200059FF002837D1324602A92046FDF7C0FF02
:100A3000002830D102A92046FDF7CEFF58BB56B1A1
:100A400012AA02A8117810F801CB81EA0C0102F871
:100A5000011B9345F6D10135A945DDD12E9A12A986
:100A60002E9BB2422F9828BF32469B1A2E930346E4
:100A700013442F9311F044FC02AA042012F8011D24
:100A800001380131C9B2117009B90028F6D12E9B85
:100A9000002B9CD1002023B0BDE8F08F2DE9F0435E
:100AA0008568BDB01F464368002408951D4403684F
:100AB0000994302BCDE906444FF004048DF816401C
:100AC00040F0B5808846164610AB0AAA294608A809
:100AD000F2F712FA002860D10B9A092A40F0CC8074
:100AE0000C99674811F0D8FB002840F0C580129B94
:100AF000119A249303EB0209109B302B40F097804E
:100B0000234617AA494624A8F2F7AEF838B1A0F553
:100B10003C54002C33D020463DB0BDE8F083249BEC
:100B20004946179A24A81893134406AA2493F2F767
:100B3000DDF80028EBD1249B994520D007AA49462F
:100B400024A8F2F7D3F810F1620F01D00028DED10B
:100B5000249B994513D0494624A82CAAF2F728FAD9
:100B60000028D4D12CA80DF11601FEF7CBFE0028E9
:100B700040F08280249B994501D0424CCBE79DF800
:100B80001600FDF7DDFD0446002875D0294608A8AB
:100B900013AB0DAAF2F7B0F928B1A0F53C542046EA
:100BA0003DB0BDE8F0830DA80DF11701FEF70CFF75
:100BB000002861D19DF81700F7F7D2F80546002804
:100BC0005AD04368DB080793139B042B56D1149A21
:100BD000C3689A4252D119A8FDF7BEFD2CA8F7F7B9
:100BE000EDF824A8DDE9142111F08AFB2146012249
:100BF00019A8FDF7F9FD044678B9079B31461CAEEC
:100C00003A46029319A8069B03960193179B0093FB
:100C1000189BFFF7C1FE044658B119A8FDF7A2FDC5
:100C20002CA8F7F7CFF820463DB0BDE8F083164C6E
:100C300071E729462CA8F7F7D5F804460028ECD12F
:100C4000079A4FFA88F331462CA8D200F7F7F6F846
:100C500004460028E1D1469809AA449B24A9CDE97D
:100C60000102459A2CA80092149AF7F77BFB074BD8
:100C7000041E18BF1C46D0E7054C4CE7054C4AE75C
:100C8000544400209AD0FFFF9ED0FFFF00D2FFFF08
:100C900080D1FFFF00D1FFFF2DE9F04F9BB006464A
:100CA00007A8FDF759FD0420FDF74AFD002844D0B0
:100CB0000146012207A8FDF797FD044600283CD114
:100CC0002C4D0AAF05F1F00305F1C00B05F1D80A70
:100CD00005F590780493A94605F584730593002ED5
:100CE00034D1059B07A8039753F8045B049A029537
:100CF00005935AF8043B009352F8043B04921E4AB1
:100D00000193434602EB44115BF8042B08F12808D9
:100D10000134FFF741FE78B92A464846394609F1C1
:100D2000200911F0B9FA054630B9A6B9062CD6D17A
:100D3000A946A6B9B14602E0AEB94FF0010907A82D
:100D4000FDF710FD48461BB0BDE8F08F21460B486B
:100D500011F0C6FAC5E70A4811F0AAFAE6E70A2038
:100D600011F0AEFAEBE707484FF0010911F0A0FAD5
:100D7000E5E700BF60CC026070CE026060440020F6
:100D8000782D0020C82D002070B58AB0164630237B
:100D9000044609AA0D46F1F767FF58B92368099A76
:100DA00013449D4243D1022309AA29462046F1F764
:100DB0005BFF18B1A0F56C500AB070BDCDE905001D
:100DC000CDE90300CDE9010000900346099A3046C1
:100DD000216801F0CBFA60BB236809AA0999204673
:100DE0000B44294623600223F1F73EFF0028E1D19E
:100DF000099A0346029001460692CDE90300226853
:100E0000CDE9000005920246304601F0AFFA80B904
:100E100023683046099A1344236001F0E1FA40B98F
:100E2000304601F0BDFC20B92368AB42C4D0024873
:100E3000C2E70248C0E700BF9AC4FFFF00C5FFFF3A
:100E400070B58EB00C46164605460BA8F2F722FF89
:100E5000A119302309AA0AA80A94F1F705FF20B1C5
:100E6000A0F5745420460EB070BDDDE9093608AA1D
:100E70000AA81E443146F1F739FF002840F0D68019
:100E8000089B002B40F0DA80022309AA31460AA809
:100E9000F1F7EAFE044670B10BA8F2F703FF4FF634
:100EA00080731C4200F0C780674C284602F01EFD8C
:100EB00020460EB070BD03460090CDE90500CDE997
:100EC0000300CDE90100DDE90921284601F04EFAD1
:100ED00004460028E0D131460AA8DDE9092313447D
:100EE00009AA0A930223F1F7BFFE04460028D3D1D2
:100EF000099B02460146009006930A9BCDE9030038
:100F0000CDE9010005930346284601F02FFA044677
:100F10000028C1D131460AA8DDE90923134409AAF2
:100F20000A930223F1F7A0FE04460028B4D1099BDE
:100F300002460146009004930A9BCDE90500CDE9E5
:100F4000010003930346284601F010FA04460028E6
:100F5000A2D131460AA8DDE90923134409AA0A935C
:100F60000223F1F781FE0446002895D10022099B57
:100F70002846009311460A9BCDE90522CDE90322BC
:100F8000CDE9012201F0F2F90446002884D109AA32
:100F90000AA8DDE909130B4431460A930223F1F74D
:100FA00063FE044600287FF477AF099B02460146A2
:100FB000009002930A9BCDE90500CDE9030001935F
:100FC0000346284601F0D2F9044600287FF464AFB6
:100FD0002846DDE9092313440A9301F001FA044687
:100FE00000287FF459AF0BAA31460AA8F1F760FF39
:100FF000044600287FF450AF0BAA31460AA8F1F747
:1010000057FF044600287FF447AF0BAA0AA83146D1
:10101000F1F74EFF044600287FF43EAF0A9B0BA871
:10102000B3420DD0084CF2F73DFE3EE7A0F57454F4
:1010300020460EB070BDA4F5745436E7034C11E79A
:10104000F2F730FE0EE700BF00C3FFFF80C2FFFFD4
:1010500070B5002584B016461C4601AA9D60C3E900
:101060000055F1F749FF18B1A0F56A5004B070BD02
:10107000314601A8FEF738FB68B93378012BF5D16A
:101080002368052B00D043B96268054B002A18BFBE
:10109000184604B070BD0348E8E70148E6E700BF22
:1010A00080C5FFFF80C3FFFF0368062BF0B50D4628
:1010B000C3B000F0B380044604A8FAF713F902A8FD
:1010C00023AAD4E901631E4402933146F1F70EFED0
:1010D000002843D1239B013B022B00F23B813023AC
:1010E000314602A803AAF1F7BFFD044680BB03AA5C
:1010F00002A8DDE902731F4406233946F1F7B4FD67
:10110000044628BB039A072A40F02681029C9D4989
:10111000204611F0C1F8002840F01E8107343946FE
:1011200002A805AA0294F1F7C3FEB8B905A8F2F720
:10113000A9FF029B1A909F4240F01581302303AA19
:10114000314602A8F1F790FD0446002800F08180A6
:1011500004A8FAF7F7F8204643B0F0BDA0F57454A0
:10116000002CF5D123A8FAF7BDF8FAF757F8037861
:10117000064623B945E016F8013F002B41D023A8CD
:10118000FAF7E0F8317823A8FCF7AEF90446002816
:1011900058D11A9A399B9A42EDD11B9A3A9B9A429E
:1011A000E9D124A905A8F3F799F90028E3D127A9E3
:1011B00008A8F3F793F90028DDD12AA90BA8F3F7C3
:1011C0008DF90028D7D136A917A8F3F787F9002899
:1011D000D1D12DA90EA8F3F781F90028CBD133A9DD
:1011E00014A8F3F77BF901460028C4D1019011A897
:1011F000F2F7F2FE0446019930A8F2F7EDFE8442C0
:10120000B9D123A8FAF79EF833788DF80C30002B6B
:1012100000F0AE8004A8FAF795F805E003A9FEF700
:10122000A3FA002840F09D802B789DF80C1013B194
:101230008B4240F08D802846FCF756F90446204644
:1012400043B0F0BD23A8FAF77DF833788DF80C3061
:101250007EE7DDE9024303AA02A81C4404232146D9
:10126000F1F702FD00287FF479AF08A8DDE902124A
:10127000F2F744FF00287FF471AF214602A8DDE9B0
:101280000232134403AA02930423F1F7EDFC002871
:101290007FF464AF0BA8DDE90212F2F72FFF0028FC
:1012A0007FF45CAF214602A8DDE90232134403AAB1
:1012B00002930323F1F7D8FC18B9DDE90232134495
:1012C0000293029B9C424ED103AA0423314602A8FA
:1012D000F1F7CAFC00287FF441AF04A80EA9DDE9AC
:1012E0000223FAF7BBFB10B310F59D4F45D1029BCB
:1012F0001B78023B012B40D805A8F2F7F9FE039BAF
:10130000411C0246994238D102990EA80131F2F7E8
:10131000F5FE002831D1029B11A819780239F2F7A5
:101320002BFE50BB012114A8F2F726FE28BB314644
:1013300002A8DDE90232134417AA0293F1F7B8FDBF
:1013400000287FF40BAF17A8F2F79CFE1B9009E76B
:101350000D4C00E70C4CFBE604A80C4CF9F7F2FF2F
:10136000F9E60B4CF7E604A80A4CF9F7EBFFF2E6B6
:1013700004A8094CF9F7E6FFEDE604A8024CF9F7DA
:10138000E1FFE8E67844002000C3FFFF80C6FFFFCE
:1013900000C6FFFF9AC2FFFF80B1FFFFF0B50B460A
:1013A0008BB011440546069305AA302306A8F1F731
:1013B0005BFC20B1A0F5745420460BB0F0BDDDE914
:1013C000053604AA06A81E443146F1F78FFC0446F0
:1013D00058B9049B012B40F09580042305AA31469F
:1013E00006A8F1F741FC044620B1A4F57454204648
:1013F0000BB0F0BD05F17C07DDE905213846F2F7B9
:101400007DFE0446A0BBDDE905231344B3420693E9
:1014100019D0A02305AA314606A8F1F725FC0446F9
:1014200060B310F1620F23D1069BB3420BD031465B
:10143000A12305AA06A8F1F717FC0446002842D00C
:1014400010F1620F14D105F18801002205F1280383
:101450002846CDE900223A46FAF7BCFB044638B9E3
:1014600039462846FAF730FF04460028A4D026E083
:101470002846A4F57454F9F7ADFF9DE7DDE905238F
:10148000002A03EB020451DD1B78062B079301D0E1
:10149000302B47D108AA214606A8F1F7E5FB002822
:1014A00032D1069B089A099313449C4206933BD180
:1014B000294607A8FFF7F8FD04460028B4D02846BF
:1014C000F9F788FF78E7069C05AA059B06A81C4447
:1014D0002146F1F76DFC00287FF46CAFDDE90532A1
:1014E00013449C421CD105F18801A31A284603919C
:1014F000FAF7B4FA039958B1069410F59D4FA4D0A9
:101500000B4C59E70B4C57E7B0F57454D7D1CFE7E4
:101510002846FAF7BDFE039906940028A0D0ECE710
:10152000054C49E7054CCAE7034CC8E7044CC6E73D
:1015300000C3FFFF80C2FFFF9AC2FFFF9EC2FFFFF2
:10154000A0C2FFFF30B50B468BB0002105460693C5
:1015500006A88DF80F109918302305AAF1F784FB1F
:1015600020B1A0F5745420460BB030BDDDE9053143
:1015700004AA06A819440191F1F7B8FB01990446A1
:1015800060B9049B002B45D10DF10F0206A807ABF3
:101590000191FFF75DFD0199044620B1A4F5745453
:1015A00020460BB030BD05AA06A80423F1F75CFB6A
:1015B0000028D6D1059B8BB39DF80F00FEF74EFE99
:1015C000014648B32846FEF76BFE04460028CAD100
:1015D0009DF80F30012B14D0023B012B1CD86968F9
:1015E00007A8FFF761FD044638B96868DDE9052101
:1015F000FFF7D4FE04460028B5D02846FEF740FE8B
:10160000B1E7DDE905216868FFF71AFC0446002808
:10161000A9D0F2E7024CA6E7024CA4E7024CA2E7ED
:1016200080C2FFFF80C3FFFFA0C2FFFFF0B593B0F1
:101630000F461144189C0B97002C7DD005461E4682
:101640000AAA30230BA8F1F70FFB18B1A0F57450CC
:1016500013B0F0BDDDE90A310BA80CAA19440FAB99
:101660000791F1F749FC079918B1A0F5745013B030
:10167000F0BD0AAA0BA80423F1F7F6FA18B1A0F5F9
:10168000745013B0F0BD0CA80DF126020DF1270126
:101690000B9FFEF7BBF9002831D00D9A0A2A43D0E0
:1016A000092A47D10E99254810F0F6FD0146002879
:1016B00040D123460A9C32460FA801940B9C029706
:1016C0000094FFF7EBF9A0B110F5385FC0D11C48CA
:1016D000BEE723460A9C0146324601940FA80B9CA4
:1016E00002970094FEF75EFF0028B1D13B78302BC3
:1016F000EDD10A9A39462846FFF724FFA8E70A9A4F
:1017000001469DF827300FA803920B9A019402928C
:1017100004979DF826200096FFF75EF80028E8D091
:1017200010F5F05F94D1D2E70E99064810F0B4FDA1
:101730000028CED004488BE7044889E78C44002079
:1017400080C4FFFF8044002080C6FFFF00C4FFFF6D
:101750002DE9F04788B0144681460D4605A8984605
:10176000FEF754FA24B304F1FF3A15F80A3023B314
:101770002146012010F0D8FD0646002800F0FA802E
:101780002246294610F0BCFD109A4346314600928D
:1017900048462246FFF74AFF21460746304600F0FA
:1017A00039FC304610F0B8FD002F64D1002600E06F
:1017B000714E304608B0BDE8F087109B04AF6F4A09
:1017C00005A86F490297CDE900832B46FEF724FA5E
:1017D0000646002800F0898010F59C5F00F0C88064
:1017E00010F5985F00F0B68010F5845FE1D115F830
:1017F0000A30002BBCD1109B05A8624A62490297AF
:10180000CDE900832B46FEF707FA0646002800F0D4
:10181000848010F59C5F00F0AB8010F5985F00F0BD
:10182000998010F5845FC4D115F80A30002B9FD140
:10183000009305A8554A5649CDE901372B46FEF7D6
:10184000EBF9064600287CD010F5845FB1D115F87D
:101850000A30002B8CD1009305A84E4A4E49CDE9A1
:1018600001372B46FEF7D8F90646002874D010F54C
:10187000845F9ED17CE74846FEF702FD17F56E5F58
:1018800076D0224629464846FFF75CFE00288DD0D8
:101890004846FEF7F5FC0120FEF7E0FC014648460D
:1018A000FEF7FEFC40B922462946D9F80400FFF7AE
:1018B000C7FA00283FF47AAF4846FEF7E1FC022061
:1018C000FEF7CCFC01464846FEF7EAFC40B922464A
:1018D0002946D9F80400FFF761FD00283FF466AF00
:1018E0004846254EFEF7CCFC63E70120FEF7B6FC28
:1018F00001464846FEF7D4FC064638B9D9F804003C
:10190000DDE90512FFF79CFA064610B14846FEF7DE
:10191000B7FC05A8FEF70AFC4BE70220FEF79EFC89
:1019200001464846FEF7BCFC06460028EED1D9F831
:101930000400DDE90512FFF731FD06460028E8D076
:10194000E4E7DDE905124846FFF7FCFD06460028FE
:10195000DFD0DBE7114E2CE7109843460090484655
:10196000DDE90512FFF762FE06460028D1D0CDE77B
:101970000B4E1EE70B4E1CE700C3FFFF98440020F0
:10198000B8440020D8440020F84400201845002026
:1019900034450020504500207445002000C4FFFF5E
:1019A00080C4FFFF80C0FFFF2DE9F041002388B015
:1019B000164605468DF80F3004AA3023F1F754F986
:1019C00028B1A0F57454204608B0BDE8F081049B0E
:1019D0000DF10F022F6828461F4405AB3946FFF76B
:1019E00037FB04460028EED104AA39462846F1F711
:1019F000DFF9E8B92B68049A13449F423DD19DF862
:101A00000F00FEF72BFC014600283FD03046FEF7C2
:101A100047FC04460028D6D19DF80F30012B20D07A
:101A2000023B012B07D91A4C3046FEF729FCCAE7C6
:101A3000A0F56C54C7E705A87168FFF735FB08B13E
:101A40000446F1E7D6F804802A6808F18801404688
:101A5000BB1A0191FAF702F8019980B104462F6090
:101A6000E2E7726839462846FFF78EF90028E7D189
:101A70002B68BB42A7D0074CD6E7064CA3E74046ED
:101A8000FAF706FC2F6000289DD0D9E7004C9AE7B2
:101A900080C3FFFF9AC4FFFF2DE9F0438BB01446CB
:101AA00080460F4607A8FEF7B1F824B104F1FF39CC
:101AB00017F809308BB107A8FEF738FB0120FEF7B5
:101AC000CDFB002875D001464046FEF7E9FB0546F0
:101AD000D0B128460BB0BDE8F08306AE364A374990
:101AE00007A80296CDE900333B46FEF795F8054678
:101AF000002835D010F5845F1FD007A8FEF716FB2D
:101B000028460BB0BDE8F0833C44D8F8042005A873
:101B100005972146FFF738F905460028D9D04046F9
:101B2000FEF7AEFB264B9D42D3D14246214605A887
:101B30000597FFF739FF0546CBE717F80930002B6B
:101B4000B9D1009307A81F4A1F49CDE901363B468A
:101B5000FEF762F80546F8B110F5845FCDD1AAE72B
:101B6000079B01200593FEF779FB014608B3404629
:101B7000FEF796FB05460028ABD1059905A8089B02
:101B8000D8F804201944FFF7FFF805460028B4D020
:101B90004046FEF775FBB0E7DDE90731424605A890
:101BA00019440593FFF700FF054607A8FEF7BEFAA4
:101BB0008FE7064D8DE700BF9C450020BC45002007
:101BC0009EC4FFFFDC450020F845002080C3FFFFD6
:101BD000062818BF01280CBF01200020704700BF55
:101BE00008B500F0DBFDC00008BD00BF2DE9F043E3
:101BF00085B007460D469046DDF834901E4600F04D
:101C0000CDFD484514D80C9B0446CDF808803846D5
:101C10000393002301961A461946009501F02CFE05
:101C200018B9044B4C4538BF184605B0BDE8F083E1
:101C30000148FAE700C7FFFF80BCFFFF2DE9F04332
:101C400083B00C46174606460C991D460D9A019125
:101C50000092DDE90A8900F0A1FD0123C9F8000026
:101C600030460B950A94DDE90021CDE90C7803B0EC
:101C7000BDE8F04301F06ABC2DE9F04F144681B095
:101C800007460E461D46DDE90A8ADDE90C9B00F099
:101C900085FDA0420DD15A464946384601230B9690
:101CA000CDF82880CDE90C5A01B0BDE8F04F01F025
:101CB000CBBA024801B0BDE8F08F00BF80BFFFFF84
:101CC0002DE9F04F81B006460D4614469946DDE9F0
:101CD0000A87DDE90CAB00F061FDB842C8F80000EE
:101CE0000CD85A46514630460023CDF830900B951B
:101CF0000A9401B0BDE8F04F01F00CB9014801B001
:101D0000BDE8F08F00BCFFFF00F0A2BD30B401239E
:101D100000F10804054D1430054A0D618C600B700C
:101D20004A600B73486130BC704700BF1C460020FE
:101D300014460020023802288CBF00200120704782
:101D4000806D704710B582B011461A46DDE9043443
:101D50000094F8F70FFC10F5984F08BF00F5985065
:101D600002B010BDF8F7A8BB70B5B0B015461E465E
:101D7000039005A8F8F782FC039905A8F8F760FC22
:101D8000044628B105A8F8F77BFC204630B070BDAA
:101D9000359C3246349B2946009405A8F8F7EAFBA7
:101DA00010F5984F044608BF00F5985405A8F8F7B9
:101DB00067FC204630B070BDF0B5B1B004460D46AA
:101DC000164605A81F46F8F759FC214605A8F8F75E
:101DD00037FC30B1044605A8F8F752FC204631B074
:101DE000F0BD399C3B4632462946039405A8389CF1
:101DF0000294379C0194369C0094F8F75DFB0446EE
:101E000005A8F8F73DFC204631B0F0BDFAF7F2BA6C
:101E10000222034B88300A70C1E90130704700BFCD
:101E200024460020023801288CBF00200120704782
:101E3000A0F10400B0FA80F040097047A0F1010061
:101E4000B0FA80F04009704708B5C3680068984749
:101E5000C00008BD2DE9F04383B004460D46174687
:101E60001E460D9ADDF82880C36800680092DDE9FF
:101E70000B9101919847C9F8000001230B96CDE919
:101E80000C78A6682068B4460A95DDE9002103B005
:101E9000BDE8F043604700BF2DE9F0471546044612
:101EA0000E46C16800681F46DDF82090DDF82480EA
:101EB0008847A8420BD1CDF8248033464A460121F9
:101EC000D4E900050897AC46BDE8F04760470148F3
:101ED000BDE8F08780BFFFFF10B5044601F006FDA6
:101EE0002046BDE8104010F017BA00BF10B50446F8
:101EF000F9F770FA2046BDE8104010F00DBA00BFA7
:101F000010B50446F8F7BCFB2046BDE8104010F0C1
:101F100003BA00BF10B50446102100F07BF820463C
:101F2000BDE8104010F0F8B910B5AC21012010F058
:101F3000FBF9044618B10022114600F0D5F92046FD
:101F400010BD00BF10B5AC21012010F0EDF9044622
:101F500008B1F9F7CDF9204610BD00BF10B5AC218E
:101F6000012010F0E1F9044608B1F8F787FB20469C
:101F700010BD00BF1021012010F0D6B92DE9F041AD
:101F8000CB68ADF50C7D064608680C4698470546BB
:101F9000304600F003FCED00B5EBC00F32D120223B
:101FA0002A2104A8202710F0C7F9E3682068984781
:101FB0000CAB00220546039304AB114602930123A8
:101FC000CDE90027D4F808802068C047044620B136
:101FD00020460DF50C7DBDE8F081304600F0DEFBBB
:101FE000854280460ED30CAB3046224621460393F1
:101FF00004AB019702932346009401F03DFC08B91D
:102000004545E5D9024C20460DF50C7DBDE8F08133
:1020100000BEFFFF024B0A4600211B68184700BFA5
:10202000007700202DE9F04F93B00E46044691460C
:102030001C9F4022002102A89A4610F07DF900233F
:1020400038680193FCF70EFC9EB38046B0453846D5
:10205000454628BF3546FCF711FC834658BB52461F
:1020600049463846FCF714FC834620BB0422384618
:102070000DEB0201FCF70CFC8346E0B902A93846DF
:10208000FCF710FC8346B0B95DB102AB611914F8DE
:10209000012B13F801CBA1428CEA020C04F801CC0D
:1020A000F5D19DF80730761B03F101038DF8073059
:1020B000CCD14FF0000B02A84021FFF7ABFF5846F0
:1020C00013B0BDE8F08F00BF2DE9F0471E4682B087
:1020D00000231746DDF828800446CDE9003308BB0D
:1020E0008E420D4602D3761A0A2E04D8444C20465E
:1020F00002B0BDE8F0874346033E0122FF2103F80A
:10210000020B184688F80120324610F015F9845564
:1021100030442A463946013010F0F2F8204602B029
:10212000BDE8F087FCF70CFB05460028DED0204612
:102130006A4601A9FDF72AFC04460028D6D12846A4
:10214000FCF790FB009B8246034403F108027F2AC0
:10215000CCD803F10A0200F10A018A42C6D3B24286
:10216000C4D8A6F10A09A9EB0309B9F10A0FBDD930
:102170004546A9F103090123FF2105F8024B4A4610
:10218000284688F8013010F0D7F805F8094005EB2B
:10219000090C3023009D06228CF801308CF80330A6
:1021A000EBB28CF805202A468CF8063004338CF804
:1021B000043005F1080353448CF802300CF1070396
:1021C0000199184610F09CF842190346052039463B
:1021D0005855131D0420547082F803A09070524685
:1021E000184610F08DF8034608EB060253449A4255
:1021F0003FF47DAF31464046014CFFF70BFF76E7D9
:1022000080BFFFFF5AB10A4438B54C1E551E10F06E
:1022100073F804F8010FAC42F9D1002038BD00205A
:10222000704700BFF8B500F10806476804460D4640
:102230003046F1F75DFF874251D16368B3F5007F07
:102240004DD800213046F2F79BF9002847DD0021E8
:102250003046F1F7C1FE002841D0BDB304F12C0592
:1022600000212846F2F78CF9002838DD00212846A5
:10227000F1F7B2FE98B304F1380500212846F2F7D1
:102280007FF900282BDD00212846F1F7A5FE30B3A9
:10229000002104F11400F2F773F900281FDD00217A
:1022A00004F14400F2F76CF9002818DD002104F174
:1022B0005000F2F765F9002811DD002104F15C00FF
:1022C000F2F75EF900280ADD0020F8BD294604F186
:1022D0001400F2F755F9002801DD2846F8BD014841
:1022E000F8BD00BF80BFFFFF70B5154604460E461F
:1022F000AC22002110F020F8C4E9296570BD00BFB0
:10230000F8B5054616461F460C4619B10830F1F7D8
:102310004BFD30BB2EB1314605F12C00F1F744FDE9
:10232000F8B92FB1394605F13800F1F73DFDC0B9D4
:10233000069B2BB1069905F12000F1F735FD80B918
:10234000079B2BB1079905F11400F1F72DFD40B95A
:1023500054B105F10800F1F7CBFE034600206B6095
:10236000F8BDA0F58140F8BD2046F8BD70B5044623
:102370001D4661B100F108063046F1F7BFFE10B10D
:10238000A0F5814070BD3046F1F7B2FE60603DB10E
:10239000049A294604F12C00F1F7B0FE0028EFD191
:1023A000059B3BB104F13800DDE90512F1F7A6FE0B
:1023B0000028E5D1079B3BB104F12000DDE90712BD
:1023C000F1F79CFE0028DBD1099B3BB104F114001E
:1023D000DDE90912F1F792FE0028D1D1002070BD8D
:1023E0002DE9F04F044600F1080B87B000F12C08EE
:1023F0000021584604F13809F2F7C2F804F1200A26
:10240000002105904046F2F7BBF8002107464846F8
:10241000F2F7B6F8002106465046F2F7B1F800216F
:1024200004F114030546421A1846049318BF01220A
:102430000392F2F7A5F80038DDE9043218BF012055
:1024400027B31EB3039900293DD000283BD00025B7
:10245000002A44D035B11A4649465346404601F059
:1024600073FE58BB04F15C03524649464046019353
:1024700004F15003009304F1440301F0C9FEE8B9EC
:102480000121204607B0BDE8F04FCBE61AB317BBD9
:1024900003990140002E14BF002101F001013543D2
:1024A00017D1B0B10029ECD01946584643465246E0
:1024B000CDF8009001F04AFD0028D3D0A0F581406E
:1024C00007B0BDE8F08F35B928B10125002AC1D188
:1024D00005E00029E8D10A4807B0BDE8F08F4A4678
:1024E000414658460393F2F7D1F9039B0028E5D102
:1024F00058460393F1F7FCFD039B6060AAE700BF19
:1025000080BFFFFF2DE9F84F00F1080805468A4615
:102510000021404691461C462DED028B0C9F0D9EDE
:10252000F2F72EF880B93C4359EA040457D1BAF1C6
:10253000000F45D041465046F1F736FC002837D011
:10254000BDEC028BBDE8F88F05F12C0B002158463D
:10255000F2F716F80028E6D005F1380300211846F6
:1025600008EE103AF2F70CF80028DCD0002105F153
:102570002000F2F705F80028D5D0002105F114005D
:10258000F1F7FEFF0028CED0BAF1000F29D1B9F142
:10259000000F05D059464846F1F706FC0028CFD178
:1025A00034B118EE101A2046F1F7FEFB0028C7D10F
:1025B00037B105F120013846F1F7F6FB0028BFD10D
:1025C00046B105F114013046BDEC028BBDE8F84F71
:1025D000F1F7EABBBDEC028B3046BDE8F88F04484A
:1025E000AEE741465046F1F7DFFB0028CFD0A7E722
:1025F00080BFFFFF2DE9F04F2DED028B87B01E4607
:1026000000F108090546129B0F4648460021019338
:102610009346149B139C0293DDE915830393DDE934
:1026200017A30493F1F7ACFF88B944EA08043443D4
:1026300061D1002F4BD05A4639464846F1F7C6FDC6
:10264000002839D007B0BDEC028BBDE8F08F05F152
:102650002C03002118460593F1F792FF0028E4D0DF
:1026600005F138030021184608EE103AF1F788FF0B
:102670000028DAD0002105F12000F1F781FF0028C1
:10268000D3D0002105F11400F1F77AFF0028CCD057
:10269000059B002F31D136B1019A31461846F1F72A
:1026A00095FD0028CED13CB1029A214618EE100AC1
:1026B000F1F78CFD0028C5D1B8F1000F07D0039ABF
:1026C000414605F12000F1F781FD0028BAD1BAF1A9
:1026D000000F0AD0049A514605F1140007B0BDEC72
:1026E000028BBDE8F04FF1F771BD504607B0BDEC6D
:1026F000028BBDE8F08F0648A4E75A4639464846A3
:102700000593F1F763FD059B0028C4D09AE700BF4D
:1027100080BFFFFFF8B50D4604460021083016467D
:102720001F46F1F72DFF88B3002104F12C00F1F7CB
:1027300027FF58B3002104F13800F1F721FF28B337
:10274000002104F12000F1F71BFFF8B1002104F192
:102750001400F1F715FFC8B12DB104F1440128466A
:10276000F1F722FB78B92EB104F150013046F1F7B0
:102770001BFB40B92FB104F15C013846F1F714FBA3
:1027800008B90020F8BDA0F58140F8BD0048F8BDAB
:1027900080BFFFFFC0E92912704700BF4068704743
:1027A00070B500210446FFF73DFDD0B904F10806DD
:1027B00005463046F1F766FC7F2812D914342946C5
:1027C0002046F1F709FC60B12046F1F75BFC0128D7
:1027D00007D931462046F1F781FE002801DA284664
:1027E00070BD014DFBE700BF00BEFFFFF0B585B037
:1027F0000446FFF7D5FF38BB01212046FFF712FD45
:1028000010BB04F1140304F12C0504F1380604F1A3
:102810002007009329463B463246CDE9010004F1EA
:10282000080001F033FD78B904F15C03284604F197
:1028300050053A460193314604F14403009501F0F6
:1028400025FE08B905B0F0BD0048FBE700BEFFFF5C
:1028500038B505460C46FFF7A3FF90B92046FFF7B1
:10286000C5FF70B904F1080105F10800F1F736FE63
:1028700038B904F1140105F11400F1F72FFE00B985
:1028800038BD014838BD00BF00BEFFFFF0B50C46A3
:1028900087B0002105461646FFF7C4FC002837D153
:1028A00003A8F1F7F7F921466A6803A8F1F726FCB7
:1028B000044638B1A4F5854403A8F1F7F3F920469E
:1028C00007B0F0BD05F1080403A82146F1F706FEA4
:1028D000002806DB03A80F4CF1F7E4F9204607B007
:1028E000F0BD05F1680203A923466F68084600920F
:1028F00005F11402F2F740FD04460028DAD13A4609
:10290000314603A8F1F762FC04460028D4D0D1E791
:10291000014CE3E77CBDFFFF80BFFFFF2DE9F04FD7
:102920000D46A5B00121044616461F46FFF77AFC66
:10293000002840F0948106A8F1F7ACF909A8F1F756
:10294000A9F90CA8F1F7A6F90FA8F1F7A3F92DB191
:1029500018A8F1F79FF91BA8F1F79CF912A8F1F755
:1029600099F915A8F1F796F91EA8F1F793F921A89E
:10297000F1F790F93946626806A8F1F7BFFB00B39A
:10298000A0F5864409A8F1F78DF90CA8F1F78AF9AA
:102990000FA8F1F787F9002D40F0968106A8F1F70E
:1029A00081F912A8F1F77EF915A8F1F77BF921A8B2
:1029B000F1F778F91EA8F1F775F9204625B0BDE8C2
:1029C000F08F04F1080706A83946F1F787FD0028C3
:1029D00001DBBA4CD6E706A91EA8F1F7E5F90028F5
:1029E000CED104F14403039304F150030493002D6A
:1029F00000F0BF80D4F8A030002B00F0958004F1E7
:102A00008C0B5A4659465846F1F740FF03460028BA
:102A100040F0AB803A4659465846F2F703FB03466E
:102A2000002840F0A28004F198010A46084605916A
:102A3000F1F72CFF05990346002840F096803A46AE
:102A40000846F2F7EFFA0346002840F08E8006A908
:102A50005A460846F1F71AFF0346002840F08580E1
:102A600006A93A460846F2F7DDFA034600287CD16B
:102A700004F12C09012209A84946F1F7CFFE0346CB
:102A8000002872D1012204F138010CA8F1F7C6FE2A
:102A90000346002869D133462A461C210FA8F2F7C5
:102AA0001FFE0DF160080346002860D10FAA09A996
:102AB0004046F1F7EBFE0346002858D1039A414601
:102AC0004046F1F721FE0346002850D133462A46FE
:102AD0001C210FA8F2F704FE1BAE0346002800F0ED
:102AE000D88009A80393F1F7DDF80CA8F1F7DAF81C
:102AF0000FA8F1F7D7F84046F1F7D4F83046F1F7D0
:102B0000D1F806A8F1F7CEF812A8F1F7CBF815A87E
:102B1000F1F7C8F8039B21A8A3F58644F1F7C2F8A2
:102B20001EA8F1F7BFF848E704F1980A4FF00B0927
:102B300004F18C08616833462A4650460139F2F7A1
:102B4000CFFD03463A465146404673B9F2F77EFF41
:102B5000034601214046C3463BB9F1F711FD002869
:102B60007FD0B9F10109E5D1554B0DF160081BAEDD
:102B7000B7E704F12C0904F17403039A06A912A81B
:102B800000934B46F2F7F8FB00287FF4F9AE04F10E
:102B9000800304F13806049A06A9009315A8334669
:102BA000F2F7EAFB00287FF4EBAE15AA12A906A8FB
:102BB000F1F7D2FD00287FF4E3AE04F15C0206A930
:102BC00012A8F1F763FE00287FF4DAAE4A4612A994
:102BD00006A8F2F727FA00287FF4D2AE324606A9FB
:102BE00012A8F1F753FE00287FF4CAAE12AA15A965
:102BF00006A8F1F789FD00287FF4C2AE85B106A9C9
:102C000004F198020846F1F741FE03460028ACD1D2
:102C100006A93A460846F2F705FA03460028A4D169
:102C200004F168023B4606A921A8009204F11402AF
:102C3000F2F7A2FB00287FF4A3AE1EA921A8F1F7AA
:102C40004DFC002847D1626806A82E99F1F7BEFA1C
:102C5000044600283FF496AEA0F5864492E6194C4F
:102C6000ABE651463A464046F3F726F803460028BD
:102C70007FF47BAF04F1680304F11402414640463F
:102C800000933B46F2F778FB034600283FF4DFAEA3
:102C90006BE70FAA0CA93046F1F7F8FD03460028B0
:102CA0007FF41FAF049A31463046F1F72DFD0346FD
:102CB00000287FF416AFCDE903865CE7FCBCFFFF7C
:102CC00080BBFFFF80BFFFFF18A8F0F7EBFF1BA83A
:102CD000F0F7E8FF62E6014C54E600BF8079FFFFA1
:102CE0002DE9F04F83B01546012B80460C460E9F10
:102CF000DDE90C92019263D0019A002A18BF002CE2
:102D000062D0B7FA87F14909002F5DD019F10C0F95
:102D1000D8F8042058D809F10B00904254D8A2EBFF
:102D200009023970033A5BBB022307EB030A7B708D
:102D3000002A4BD01A44BE184FF0640B03E0BBF1DD
:102D4000010B38D0B8BB012251462846A0479AF85B
:102D50000030002BF3D070BB0AF1010AB245EBD171
:102D6000304600234A46019900F8013B0FF0C8FAAB
:102D70003A463946404603B0BDE8F04FFFF786BDFE
:102D80000123BE1C7B7022B13046FF2116440FF098
:102D9000D3FA304600234A46019900F8013B0FF070
:102DA000AFFA3B462A46214640460C9703B0BDE8A1
:102DB000F04FFFF7B3BDA0F5894003B0BDE8F08F39
:102DC000D0F8A420002A97D00148F6E75646C7E776
:102DD00080BFFFFF2DE9F04F012B8BB006460F4659
:102DE000924604935AD0002F5CD096F8A800FBF7C7
:102DF000A7FC8046002855D0D6F804B0FBF732FD7A
:102E0000169B05469C1C03B204EB43045B005C4527
:102E1000039347D8169B9C422CBF00240124002C0E
:102E200040D1DDF860905A46214648460FF084FABA
:102E300009F8014B2A4649465046B84728B1A0F543
:102E4000894420460BB0BDE8F08F09EB05034046EE
:102E5000DDE914120593FBF72FFD04460028F0D19D
:102E6000169B0121ABEB03001A46039B0238284452
:102E7000C01A059B19541844084417990FF040FADA
:102E800007A8FBF769FC2246414607A8FBF7ACFC04
:102E9000044648B107A8FBF765FCD2E7D0F8A43098
:102EA000012BA0D01A4CCCE707AB0BF1FF3B05F18F
:102EB00001084A460093ABEB050B189B5946984412
:102EC0002B464046FFF7AEF804460028E2D107AC97
:102ED0005B464246294600944846FFF7A3F804465D
:102EE0000028D7D107A8FBF73DFC049B33B9189AFB
:102EF00030461146FFF7CAFC0446A2E7189B52462B
:102F0000394630460093FFF709FD044699E700BFB4
:102F100080BFFFFFF0B5D0F8A44087B0DDE90C56C4
:102F20000E9F74B1012C09D100240295CDE90367ED
:102F3000CDE90044FFF74EFF07B0F0BD054807B0EC
:102F4000F0BDCDE90D670C9507B0BDE8F040FFF787
:102F5000C7BE00BF00BFFFFF012BF0B5ADF5037D7D
:102F60004AD04668A6F11004B4F5F87F00F29480C8
:102F700002AD002B40F0878089992A46FFF786FC36
:102F8000044680BB687800212F78A6F1030E80F0FC
:102F900001000DF109040A46234614F801CF5B1B1A
:102FA000BCF1FF0F18BF41F001019E4581F0010CFB
:102FB00052FA8CF2F0D80DF10A018B5C11441843DF
:102FC00001313843072A98BF40F00100002856D14C
:102FD0004A1B8B9BB21A9A4253D8889B04468A9804
:102FE0001A600FF08DF94FF400712846FFF712F8C0
:102FF00020460DF5037DF0BDD0F8A430002B4BD159
:103000004668A6F11003B3F5F87F45D802AD899B59
:103010000095FFF783FC04460028E4D195F801C031
:1030200020462B78A6F1030E8CF0020C0DF109045A
:1030300002464CEA030C214614F8013F5F42491B4B
:103040003B438E45C3F3C01383F0010340EA030002
:10305000C0F1000343EA0003C3F3C01383F001038C
:103060001A44E8D80DF10A03985C99184CEA00005C
:103070000131072A98BF40F001000028A8D0074C72
:10308000B1E7074CAFE7899B0095FFF747FC044683
:1030900000283FF477AFA6E7024CA9E700BFFFFF87
:1030A00000BCFFFF80BFFFFF012B2DE9F04F1C4646
:1030B000ADF5197D82468946934666D0DAF80480DC
:1030C000A8F11002B2F5F87F63D89AF8A800FBF7D0
:1030D00037FB064600285CD0FBF7C4FB471C0546BF
:1030E0007B00B8EB470F039353D3BCB90DF16009D4
:1030F0005046A5994A46FFF7C9FB0446DCB108AE25
:103100004FF400714846FEF785FF40213046FEF738
:1031100081FF20460DF5197DBDE8F08F49460DF180
:1031200060095A465046A59BCDF80090FFF7F6FB84
:103130000446002CE3D105A8FBF70EFB22463146DE
:1031400005A8FBF751FB0446D0B908F1FF3B05ABDE
:103150004F442946ABEB050B00933A460DF1610055
:103160005B46FEF75FFF044650B905AB594638464B
:103170000DF1610200932B46FEF754FF044650B157
:1031800005A808AEFBF7EEFABAE7D0F8A420012AAA
:1031900094D02A4CBDE705A8FBF7E4FA304608AE08
:1031A000DDE9A2123346FBF787FB04460028A7D1CE
:1031B0000DF1610399F800002B44002D3CD01D4413
:1031C000314613F8017B11F8012BAB4282EA07026A
:1031D00040EA0200F5D1039BB8EB030A15D00AF1CF
:1031E000FF3A00236F1E05EB0A019C4617F8012FDA
:1031F0001343B942C3F1000242EA0302C2F3C01210
:1032000082F001029444F1D165442B7883F00103EC
:1032100003430DD1691CA1EB0903A8EB0302A79B93
:103220009A4207D8A49BA6981A600FF069F867E73E
:10323000034C65E7034C63E71D46CCE780BFFFFF07
:1032400000BFFFFF00BCFFFFF0B5D0F8A44087B07F
:10325000DDE90C56DDE90E7C7CB1012C0AD100249D
:10326000CDE9047CCDE90256CDE90044FFF71CFF0F
:1032700007B0F0BD054807B0F0BDCDE90E7CCDE943
:103280000C5607B0BDE8F040FFF766BE00BFFFFF79
:103290002DE9F047012B84B00546894692469DF8FA
:1032A00030000F9FDDE90D1248D1D5F8A430002B76
:1032B0005BD100976B68FEF707FF0446002839D101
:1032C0006968012003910FF02FF8064600284ED0C0
:1032D000039901200FF028F8804600284AD0524672
:1032E00049463B4628460096FFF718FB0446D8B9E6
:1032F000424631462846FFF7C9FA0446A0B96A6833
:1033000072B302F1FF3E08F1FF35781E2146C64434
:1033100015F8013F10F801CF754583EA0C0341EA27
:103320000301F5D1E1B1164C30460EF0F5FF4046F1
:103330000EF0F2FF204604B0BDE8F08700971E466D
:103340006B68FEF7C1FE04460028F3D1002EB7D10A
:103350003A463946284604B0BDE8F047FFF796BA2A
:10336000384631460EF0CCFFDEE7064CE2E76FF060
:103370000F04DFE730466FF00F040EF0CDFFD9E702
:1033800000BDFFFF80BFFFFF2DE9F04F012B04467A
:103390000E4690462DED028B9BB09DF89800DDF80F
:1033A000A4B003935AD0002E5CD0D4F804A008BB7C
:1033B00094F8A800FBF7C4F90746002852D0FBF7A1
:1033C00051FA431C0546BAEB430F4FEA430949D370
:1033D0005246002158460EF0AFFF2A460AA9404641
:1033E000B04770B1A0F5894318461BB0BDEC028B05
:1033F000BDE8F08FFBF7A4F9A0B3FBF733FA2790F1
:10340000D6E704F108030490AAEB0909184608EE70
:10341000103AF0F737FE01220AA905900BF80920AF
:10342000D94491442A4648460EF06AFF07A9084647
:10343000FBF792F9049B394607AF1A463846FBF76B
:10344000D3F9034680B107A80393FBF78BF9039BDD
:1034500018461BB0BDEC028BBDE8F08FD4F8A43049
:10346000012BA0D0384BBFE73846FBF707FA0346DD
:103470000028E8D1A944082238464946FBF708FA53
:1034800003460028DFD13846DDE92721FBF700FAA3
:1034900003460028D7D12A460AA93846FBF7F8F98F
:1034A00003460028CFD149463846FBF7FBF90346CF
:1034B0000028C8D1059A0AF1FF310097531E491B15
:1034C0004A4613F0070F2B460CBF01200020091AB3
:1034D0005844FEF7A7FD03460028B4D118EE100AA1
:1034E000F0F7D0FDFF23C0EBCA0240210AA8013249
:1034F00013419BF8002013408BF80030BC2309F8DF
:103500000530FEF787FD3846FBF72CF9039B5BB9C6
:103510005A4659462046FFF7B9F9034618461BB0EC
:10352000BDEC028BBDE8F08F5B464246314620463B
:10353000CDF800B0FFF7F2F9034618461BB0BDEC1A
:10354000028BBDE8F08F00BF80BFFFFFF0B4D0F862
:10355000A4409DF81050DDF81CC0DDE9056724B1DA
:10356000012C09D00848F0BC7047CDE9067CCDE9B4
:103570000456F0BCFFF78CBECDE9067CCDE90456BD
:10358000F0BCFFF701BF00BF00BFFFFF2DE9F04F08
:10359000012B83B0804699468A4693469DF8304079
:1035A000476803D1D0F8A430002B51D1394601200F
:1035B0000EF0BAFE0546002856D0394601200EF01E
:1035C000B3FE0646002845D020463B460096DDE97E
:1035D0000D12FEF779FD0446F8B9B9F1000F2ED1AE
:1035E0002A4640460F99FFF751F90446ACB9A7B1F6
:1035F00007F1FF3E691E721EA446AE4411F8013F5A
:1036000012F8010F714583EA00034CEA030CF5D16F
:10361000174BBCF1000F18BF1C4639462846FEF771
:10362000F9FC28460EF078FE30463946FEF7F2FCEB
:1036300030460EF071FE204603B0BDE8F08F5A46CA
:10364000514640460F9B0095FFF768F90446CDE7C9
:10365000084CF0E728463946FEF7DCFC28466FF0B8
:103660000F040EF059FEE6E76FF00F04E3E700BF2A
:1036700080BCFFFF80BFFFFF2DE9F047012BADF5B8
:10368000187D05469DF880829DF88C9200F086801A
:103690004668A6F11004B4F5F87F00F29680002B7E
:1036A00040F0868018AFA5993A46FFF7EFF8044638
:1036B000002C6ED1741E3B5DBC2B40F0B880B8F17D
:1036C000000F07D04046FBF73BF800287DD0FBF702
:1036D000C9F8A1904846FBF733F88246002874D019
:1036E000FBF7C0F80023814605F10800CDE903335C
:1036F000F0F7C8FCC6F1010300F1FF383A7808EB97
:10370000C3031A4161D118F0070F59D126460DF1B4
:10371000610509F10203B34257D805A8FBF71CF86D
:103720005146002205A8FBF75FF8044670BBA6EBE4
:10373000090105AB2846013900934B4605EB010A08
:103740005246FEF76FFC044600BBC8EBC608FF23D9
:103750003A780AF1FF3143FA08F38D4203EA020393
:103760003B7066D22B4601E08B422BD01A781D4667
:103770000133002AF8D0012A07D1A49B01355A1C35
:10378000AAEB050623D09E4221D02B4C05A8FAF7C0
:10379000E9FF20460DF5187DBDE8F087D0F8A4308C
:1037A000012B12D14668A6F11003B3F5F87F0CD8AF
:1037B00018AFA59B28460097FFF7B0F8044677E7B7
:1037C0003D46A6E76A781D46D5E71C4CE1E705A80B
:1037D000FBF754F804460028D8D103A9082205A80D
:1037E000FBF756F804460028D0D105A8DDE9A12151
:1037F000FBF74EF804460028C8D13246294605A8F2
:10380000FBF746F804460028C0D108A905A8FBF735
:1038100049F804460028B9D14A4608A950460EF096
:103820003BFD074B0028044618BF1C46AEE7024C80
:10383000AFE72A789FE700BF00BFFFFF80BFFFFF11
:1038400080BCFFFF70B5D0F8A84086B09DF8285026
:103850007CB1E4B203940C9C0D9E02940B9C0596E3
:10386000CDE900544FF0FF340494FFF705FF06B094
:1038700070BD2C46EEE700BF2DE9F047D0F8A4401C
:1038800086B09DF83870DDF844A0DDE90F8904B3F7
:10389000012C1AD19E46D0F8A83084460E46154613
:1038A00003BB3B464FF0FF342A4631466046CDF815
:1038B00014A0CDF8048000970494CDE902937346D8
:1038C000FFF7DAFE06B0BDE8F087074806B0BDE8AE
:1038D000F087CDE9109ACDE90E7806B0BDE8F04743
:1038E000FFF754BEDBB2DDE700BFFFFF10B50446B3
:1038F0008C30F0F7D7F904F19800F0F7D3F904F120
:103900006800F0F7CFF904F12000F0F7CBF904F1EB
:103910003800F0F7C7F904F12C00F0F7C3F904F10F
:103920001400F0F7BFF904F10800F0F7BBF904F157
:103930008000F0F7B7F904F17400F0F7B3F904F17F
:103940005C00F0F7AFF904F15000F0F7ABF904F1C7
:103950004400BDE81040F0F7A5B900BF2DE9F04FD5
:10396000002918BF7F2B8FB0189D40F2ED80022DEB
:1039700040F3EA801C46E30700F1E68000F1140AF8
:10398000804605A817460E46F0F784F908A8F0F718
:1039900081F90BA8F0F77EF929465046F0F7ECFACA
:1039A0000246002840F0BC80C72C4FEA540904F1BD
:1039B000010408F138054FEA540308F12C0403937D
:1039C000A9F1630398BF00230293002233464946BE
:1039D00020460097F2F712FC0246002840F0A08033
:1039E0003346494628460097F2F708FC002840F085
:1039F00096802A46214605A8F0F7AEFE002840F042
:103A00008E8005A8F0F73EFB029B9842DDD9059B0E
:103A1000002B7FDB012221462046F0F7FFFE002825
:103A20007DD1012229462846F0F7F8FE002876D1FC
:103A30002A46214605A8F0F729FF00286FD105AADC
:103A4000514608A8F2F702F8002868D1012108A819
:103A5000F0F796FD0028B8D12A46214608A8F1F7CC
:103A6000F5FF00285BD1014608AB05AA0BA8F1F7CA
:103A700085F8002853D108F1200B0BAA514658466F
:103A8000F2F71AF900284AD15846F0F7FBFA039BDF
:103A900098429AD9012221462046F0F785FE024637
:103AA00000283DD1012229462846F0F77DFE024636
:103AB000B0BB08F108062A4621463046F0F7E6FE7C
:103AC000024668BB3046F0F713FB08F15C03C8F808
:103AD00004005A46019308F15003294620460093FA
:103AE00008F1440300F094FB0246C8B94046FEF7D3
:103AF0007DFE0246A0B9029005A8F0F7D3F808A809
:103B0000F0F7D0F80BA8F0F7CDF8029A10460FB0F6
:103B1000BDE8F08F29462046F0F790F97AE7024693
:103B2000A2F5834205A80292F0F7BCF808A8F0F7C6
:103B3000B9F80BA8F0F7B6F84046FFF7D7FE029A9F
:103B400010460FB0BDE8F08F004ADFE780BFFFFFEF
:103B5000D1E9002370B5C0E900230E4605460831BF
:103B60000830F0F721F9044620B12846FFF7BEFEE1
:103B7000204670BD06F1140105F11400F0F714F9A8
:103B800004460028F1D106F1200105F12000F0F7EC
:103B90000BF904460028E8D106F12C0105F12C00B0
:103BA000F0F702F904460028DFD106F1380105F1EB
:103BB0003800F0F7F9F804460028D6D106F14401A0
:103BC00005F14400F0F7F0F804460028CDD106F1E5
:103BD000500105F15000F0F7E7F804460028C4D181
:103BE00006F15C0105F15C00F0F7DEF80446002800
:103BF000BBD106F1740105F17400F0F7D5F8044665
:103C00000028B2D106F1800105F18000F0F7CCF870
:103C100004460028A9D106F1680105F16800F0F713
:103C2000C3F804460028A0D106F18C0105F18C00F0
:103C3000F0F7BAF80446002897D106F1980105F18B
:103C40009800F0F7B1F8044600288ED1D6E9292370
:103C5000C5E929238CE700BF2DE9F047E4B005460C
:103C600005A8F0F717F8AC22002139A80EF064FB84
:103C7000A84A102105A8F0F795FE044648B105A80A
:103C8000F0F710F839A8FFF731FE204664B0BDE820
:103C9000F08705A93BA8F0F787F8002840F08C8052
:103CA0003BA8F0F725FA3A909B4A102105A8F0F7B7
:103CB00079FE04460028E2D105A944A8F0F774F87B
:103CC000002840F08280954A102105A8F0F76AFE8E
:103CD00004460028D3D105A947A8F0F765F80028C5
:103CE0006FD18F4A102105A8F0F75CFE044600282A
:103CF000C5D105A941A8F0F757F800286AD1894A2B
:103D0000102105A8F0F74EFE04460028B7D105A9FA
:103D10003EA8F0F749F8002862D139A8FEF760FB09
:103D200004460028ABD1002D5ED139A8FEF738FD3E
:103D3000002853D139A8FEF759FD00284ED10DAF08
:103D4000DFF804E219AE4FF01808BC46019702965E
:103D5000CDF80080BEE80F00ACE80F009EE803003D
:103D60002B462A468CE803006F4939A8FFF7D2F8A2
:103D7000A0BB0DF14C0A0DF11009012322466A493E
:103D800039A8CDF80C800196CDF808A0CDF80090A8
:103D9000FFF75AFA10BBD9F80020504639460EF00A
:103DA0007BFAD8B9384608AF41463A4601F022FCC2
:103DB000002870D0012468E7B0F581447FF45FAF3C
:103DC00072E7B0F581448CD059E7B0F581443FF4F7
:103DD0007AAF54E7B0F5814491D050E701244EE723
:103DE000B0F5814499D04AE750480EF079FA39A8E5
:103DF000FEF7D6FC002849D139A8FEF7F7FC0028C9
:103E000044D14B480DAF0EF06BFADFF83CC13D4694
:103E100019AE4FF0180801970296CDF80080BCE863
:103E20000F000FC59CE803002346224685E80300E7
:103E30003D4939A8FFF76EF840BB0DF14C0904ADC0
:103E40003C480EF04DFA01232246374939A8CDE906
:103E50000298CDE90056FFF7F7F9B8B92A68484645
:103E600039460EF019FA88B9334808AD0EF020FA39
:103E700032480EF035FA414638462A4601F0BAFB80
:103E800020B32F4801240EF013FAFEE62C4801243B
:103E90000EF00EFAF3E62A46019504250123224985
:103EA00039A80095CDE90276FFF750FB002895D19F
:103EB00023462246214639A803960095CDE90147BD
:103EC000FFF7DAFC041E18BF0124D8E604270123FB
:103ED0002246154939A801940097CDE90256FFF70B
:103EE00035FB0028D2D117480EF0FAF923462246B6
:103EF000214639A803960097CDE90145FFF7BCFCA0
:103F000004460028C2D10C480EF0D2F90A200EF067
:103F1000D7F9B4E6484600204C470020D04700209F
:103F200054480020584900200522016060490020C3
:103F3000D0490020B0490020782D00207849002089
:103F4000C82D002090490020F41C00202DE9F047E6
:103F50007C4C96B00546894690460DF1200C1E46D5
:103F60001E9F0FCCACE80F000FCCACE80F000FCCBD
:103F7000ACE80F0094E803004CF8040BACF8001018
:103F8000002E4ED0002F4CD0B368002B49D1B96819
:103F9000002946D12846F0F7F3FA002841DD012137
:103FA0004046F0F7EDFA00283BDD29464046F0F7A1
:103FB00095FA002835DA01214846F0F7E1FA0028A1
:103FC0002FDD29464846F0F789FA002829DA05A8A6
:103FD000EFF760FE02A8EFF75DFE4A46414602A8F1
:103FE000F0F754FC044648B105A8EFF75BFE02A8C1
:103FF000EFF758FE204616B0BDE8F08702A901226F
:104000000846F0F70BFC04460028EDD102A8F0F7B3
:1040100019F81FFA80FABAF1000F08D16FF0030403
:10402000E2E76FF00304204616B0BDE8F08781B2E6
:1040300002A8F0F747F904460028D5D1AB681B6801
:1040400003F00709A9F10109B9FA89F94FEA5919E9
:1040500009F1580305A86B4413F8381CEFF78CFFDF
:104060002A4605A93046F1F7F1FC04460028BBD1E9
:1040700001213046F0F784FA38B109F101091FFA3D
:1040800089F9B9F1360FE3D1C8E705A92B4602AA91
:1040900000970846F1F770F904460028A4D14FF0C4
:1040A00001081DE005A901220846F0F7B7FB05AAA3
:1040B000044611461046002C96D1F0F7E7FB05A9FF
:1040C00004462A460846002C8ED108F10108F0F774
:1040D000A9FF04461FFA88F8002885D1C2452AD3D3
:1040E000012105A8F0F74CFA012220B305A90846E2
:1040F000F0F75AFB04462A4605A93046002C7FF407
:1041000073AFF1F7A3FC044601213046002C7FF485
:104110006BAFF0F735FA0128C4D129463046F0F7E5
:10412000DDF90130BED1214633462A463846F0F744
:1041300025FD044658E7012105A8F0F721FA0028DB
:104140009BD06BE7F04900202DE9F04186B0002BB1
:104150005BD0074688461846002116461D46F0F7F4
:104160000FFA0446002850D101213846F0F708FA2A
:1041700000284ADD01214046F0F702FA002844DD1C
:1041800021463046F0F7FCF900283ED06846EFF7AC
:1041900081FD03A8EFF77EFD394601226846F0F75E
:1041A0003DFB044648B16846EFF77CFD03A8EFF7F6
:1041B00079FD204606B0BDE8F0814146012203A802
:1041C000F0F72CFB04460028EDD103AA69462846E7
:1041D000F1F73CFC04460028E5D103AA694668468D
:1041E000F0F754FB04460028DDD101462B466A4611
:1041F0006846F0F7C3FC04460028D4D16A4631462D
:104200002846F1F759FD0446CDE76FF00304D0E7E7
:104210002DE9F04184B01D4606460F4601A89046A0
:10422000EFF738FDADB10122314601A8F0F7F6FAFB
:10423000044630B101A8EFF735FD204604B0BDE8D3
:10424000F081284601AA4146F0F7ECFE044600281A
:10425000F0D10A9B7BB10122394601A8F0F7DEFAC2
:1042600004460028E6D101AA41460A98F0F7DAFE92
:1042700004460028DED10B9B33B1324639460B98F9
:10428000F1F71AFD0446D5E71C46D3E72DE9F04FB8
:1042900087B00C4680461546DDF8449068461F46B8
:1042A000B9F1000B18BF4FF0010BEFF7F3FC03A8B7
:1042B000EFF7F0FCB4F1000A18BF4FF0010AB9F1B2
:1042C000000F02D0BAF1000F4AD12E1E18BF0126EE
:1042D000BBF1000F01D0002E4AD11AEA060A19D00C
:1042E000B8F1000F61D02A4621466846F0F7CEFAB1
:1042F0000646002847D06846EFF7D4FC03A8EFF73E
:10430000D1FC16F5844F27D0A6F58446304607B079
:10431000BDE8F08F109B002B18BF002F43D0B8F1E1
:10432000000F40D001213846F0F72AF900280CDDB3
:1043300001211098F0F724F9002806DD414638469F
:10434000F0F7CCF80028C0F294804F4E6846EFF7A3
:10435000A9FC03A8EFF7A6FC304607B0BDE8F08F34
:10436000129A49462046F1F711FF0028ADD0ECE73C
:104370004946129A2846F1F709FF0028E5D11AEAC2
:10438000060AADD1C6E701214046F0F7F9F800284A
:10439000DBDD41466846F0F7A1F80028D5D1109B37
:1043A0000BB1002FBED10026D0E7109B002BFAD016
:1043B000002FF8D001212046F0F7E2F80028C4DDF4
:1043C00001212846F0F7DCF80028BEDD109A3946B6
:1043D0006846F0F75BFA064600288CD10122694650
:1043E0006846F0F71BFA0646002884D121460122D0
:1043F00003A8F0F713FA064600287FF47CAF03AA5F
:1044000069466846F0F70EFE064600287FF473AF53
:1044100001466846F0F7B4F8002896D1109A39465C
:104420006846F0F733FA064600287FF464AF0122AD
:1044300069466846F0F7F2F9064600287FF45BAF5C
:104440000122294603A8F0F7E9F9064600287FF47F
:1044500052AF03AA69466846F0F7E4FD0646002815
:104460007FF449AF01466846F0F78AF800289AD0F1
:104470006BE741461098F0F731F80028BFF665AFBA
:10448000BAF1000F8FD095E700BEFFFFF0B587B0FF
:104490001F4604460D4668461646EFF7FBFB03A889
:1044A000EFF7F8FB0FB31CB3012221466846F0F783
:1044B000B5F928B93946324603A8F0F74DF940B1AD
:1044C00010F5844F38D010F5814F11D0A0F58444F9
:1044D0000FE003A96A460846F0F7A4FD0028EFD1D3
:1044E000014603A8F0F74CF830BB0C9B33B34DB931
:1044F000244C6846EFF7D6FB03A8EFF7D3FB204622
:1045000007B0F0BD012229466846F0F787F9002878
:10451000D6D132460C9903A8F0F71EF90028CFD166
:1045200003A96A460846F0F77DFD0028C8D1014678
:1045300003A8F0F725F808B1134CDAE70D9BF3B1A7
:10454000002CD5D0002DD3D02A460D996846F0F71F
:104550009DF90028B4D1012269466846F0F75EF95A
:104560000028ADD1224669466846F0F75BFD002879
:10457000A6D101466846F0F703F80028DCD10024F4
:10458000B7E700BF80BFFFFF00BEFFFF5C22002136
:104590000DF0D2BE10B15C21FDF73CBD704700BFED
:1045A0005C2208B50DF0ACFE08BD00BF10B4034698
:1045B0000D4C0E4900220E48C3E9024104F1294482
:1045C00001F1544118611046A4F5961401F5A62195
:1045D000A4F68B6401F26761C3E90022C3E90541D7
:1045E0005DF8044B704700BF0123456789ABCDEFF1
:1045F000FEDCBA982DE9F04F95B0436984680091CC
:10460000D1F800804D688E6898FA88F813902DBA1A
:10461000049436BA1293DFF888B3D0E90371806945
:1046200081EAB7020597109081EA03002240DC4C32
:104630003840109F4A4011913C19049F584004EBA8
:10464000F7644FEAB7092044D54C1C19009B40443D
:1046500088EA0608D3F80CE02244059BD04C2A4493
:1046600089EAB3079EFA8EFE0C1902EBF06207404E
:104670001946344485EA0E0587EAB307C84B274438
:1046800089EAB00403EBB10C0099144007EBF26720
:10469000F444D1F814A084EA09044FEAB2029AFA69
:1046A0008AFA09F1B5496444D1F810C0D34409F538
:1046B0001E399CFA8CFC04EBF7640BEBB00B09F28F
:1046C000991986EA0C06E14402968EEA0A0682EA05
:1046D000B00E33460EEA070E8EEAB00E886900BAB5
:1046E000CE4482EAB7098CEA00060EEBF46E09EAC2
:1046F00004094FEAB4043146009E89EA0209D6F85B
:104700001CC0D94484EAB70B9CFA8CFC0BEA0E0B54
:1047100009EBFE698AEA0C06DFF884A28BEAB70B84
:1047200082440696009E924484EABE02D344DFF897
:1047300070A202EA0902E2440BEBF96B62404FEA15
:10474000B9090AEBB70A376A3FBA524488EA070642
:1047500080EA070802EBFB620196CDF82480009EF8
:10476000706A009E00BA85EA00088CEA000A89EAAD
:10477000BE05DFF82CC2CDF80C8005EA0B05BC4461
:10478000D6F82880A44485EABE05854C98FA88F8B6
:10479000654489EABB0C0419F66A0CEA020C05EBC5
:1047A000F26504EBBE0436BA8CEA090C4FEAB20299
:1047B00087EA0807A444029C84EA080E80EA0604FB
:1047C00077480CEBF56C0B9482EABB044044CDF8BF
:1047D0001CE02C4083EA060E4844DFF8C49184EACA
:1047E000BB04009BB144044482EAB50009EBBB0959
:1047F00000EA0C0004EBFC644FEABC0C5040484457
:10480000D3F83090009B99FA89F900EBF46088EABC
:10481000090881EA090BCDF83080D3F83480019B78
:1048200098FA88F8CDF820B083EA080B069B86EA50
:104830000806594683EA080B8EEAF17ECDF804B0EB
:104840000691734687EAF17E86EAF376CDF828E092
:104850008CEAB50E0D930E96514E0EEA040E4E44A0
:104860008EEAB50E16448CEAB402B6444C4E0240B1
:1048700046440EEBF06E82EA0C024FEAB00006EB03
:10488000B506039D02903244009E0998B76B02EB77
:10489000FE62F66B3FBA36BA80EA070B07987D4096
:1048A0008AEA060A80EA06018BEAF37B089889EA1D
:1048B0000709019B88EA060880EAF570CDF80CB07C
:1048C00083EAF17B8AEAF07ACDF800B00B9B07907F
:1048D0000C9883EAF57BCDF820A0009B80EAF17A62
:1048E0000A9880EAF37303988BEAF07B089809939F
:1048F0008AEAF07A0E9880EAF370009B0A9088EAC0
:10490000F378079888EAFA7889EAF0790298CDF87E
:10491000048089EAFB79DFF888804B4680EAB40995
:104920000698B84409EA0E090F9387EAF0770398CE
:10493000E04489EAB40987EAF0770A98C84487EA2C
:10494000F07C0298164F08EBF268CDF82CC080EA94
:10495000BE0CF71986EAF5760CEA020C4FEAB202B1
:1049600007EBB407089C8CEA000C069886EAF476FC
:10497000674482EABE0486EAF37C094B04EA080431
:1049800007EBF86703EBF076029884EABE04CDF8F3
:1049900030C0064482EAB8003444384002E000BF28
:1049A0009979825A03EBF57604EBF76450404FEAAD
:1049B000B70706EBBE0687EAB80C304403EBF17686
:1049C0000CEA040C4FEAF17116440D9A8CEAB80C0B
:1049D00000EBF460664403EBF2734FEAF27203EB10
:1049E000B80306EBF068069E82EAF57581EAF67C6C
:1049F000079E85EAFB7581EAF671009E82EAF672EF
:104A0000099E81EAFA718CEAF67C0A9E82EAF672C5
:104A1000019E8CEAF67C0B9E85EAF67E0C9D079E35
:104A2000CDF818E081EAF57ECDF834E082EAFC7E2C
:104A300087EAB402CDF838E002404FEAB0007A408D
:104A400080EAB4051A44E04B85EA080503EBF671E9
:104A500002EBF8623944009F0D4403EBF77780EADC
:104A6000B80107EBB407514005EBF2654FEAB2021B
:104A7000CC19039982EAB80703EBF1716F4004EB9C
:104A8000F5640144039839444FEAF07787EAF670F9
:104A9000099E01EBF46187EAF6770F9E80EAF670D3
:104AA0000B9E87EAF677069E80EAF670009E87EAFC
:104AB000FE7E02900898CDF80CE082EAB50E03EB7A
:104AC000F0778EEA040E4FEAB40407EBB80784EAE5
:104AD000B50877444FEAF07E019888EA01088EEA2B
:104AE000F6768EEAFB7E86EAF0760C9807EBF167A5
:104AF0008EEAF07E0D984FEAB70986EAF0760298C2
:104B00008EEAF07E09980096764603EBF07E964496
:104B100084EAB102F04403EBFB7E7A400EEBB50E63
:104B200008EBF7680D9F02EB0E0503EBFA7289EABA
:104B3000B10E144405EBF8658EEA080E74444FEA92
:104B4000FA7E8EEAF0720F980F9604EBF5648EEA07
:104B5000F07E82EAFC728EEAF77E009F8EEAF67E95
:104B60000A9E82EAF772019F03EBF67ACDF81CE009
:104B700089EAB80E0AEBB10A4FEAF6710E9E8EEA88
:104B8000050E4FEAB50581EAFB7B81EAF771F24435
:104B9000069F81EAF6718BEAF77B039F81EAF27E3A
:104BA0000B9E85EAB801CDF820E003EBF07E8BEA9E
:104BB000F77B6140019FCE440AEBF46A714403EB3A
:104BC000F77785EAB40E01EBFA6107EBB8078EEAD6
:104BD0000A0E4FEABA0A03EBF679BE448AEAB40732
:104BE000A9440EEBF16E4F40B9444FEAF6770C9EA4
:104BF00087EAF075029887EAFC7785EAF0750398F2
:104C000009EBFE6987EAF077089885EAFB7587EA81
:104C1000F078019803EBF677CDF824808AEAB108A2
:104C200007EBB40788EA0E084FEAF674009E4FEAD5
:104C3000BE0E474484EAF078069888EAF6780F9E1C
:104C400084EAF07407EBF96784EAF674079E88EA51
:104C5000F6780D9ECDF8048084EAF57803EBFC74B9
:104C6000CDF818808EEAB108544403EBF07A88EA54
:104C700009080AEBB10AA04403EBF6718EEAB90405
:104C800008EBF76871447C404FEAF67E4FEAB707BD
:104C9000029E54448EEAFC7C87EAB90A8EEAF67ECC
:104CA000079E8AEA080A8CEAF27C8EEAF67E019E6A
:104CB000514404EBF8648CEAF67A069E01EBF46149
:104CC0008EEAF67C0E9E87EAB80ECDF82CC003EB78
:104CD000F67C8EEA040E4FEAB4040CEBB90CF444F3
:104CE0004FEAF67E009E8EEAF07908988EEAF67E0C
:104CF00089EAFB798EEAF07E09980CEBF16C89EA7F
:104D0000F07902988EEAFA7ECDF8289003EBF079DC
:104D1000CDF830E084EAB80EB94403988EEA010E6B
:104D20000EEB090784EAB10E03EBF6790F9E07EB51
:104D3000FC678EEA0C0E09EBB8094FEABC0C03EBDA
:104D4000F078CE448CEAB109A04403EBF67389EA0B
:104D500007090EEBF76E03EBB103C8444FEAF67197
:104D60004FEAF0790298009E08EBFE68019C89EA00
:104D7000F07081EAF67689EAF27986EAF476099C9F
:104D800081EAFB7189EAF479069C80EAF57081EA90
:104D9000F4710A9C80EAF47000900B9886EAF07631
:104DA0000C9889EAF07900980D96CDF8389081EA50
:104DB000F0798CEAB70048EABE01CDF83C9080EA71
:104DC0000E0008EABE0901E0A1EBD96E01EAB701C5
:104DD0001844E34B41EA090103EBF2761C4600EB71
:104DE000F860664440EAB80C06EBF0660CEABE0CCC
:104DF0000E4400EAB8014CEA010103EBFB7C079B7F
:104E00000CEBB70C01EB0C074FEAF37C04EBF371EE
:104E10000B9B8CEAF2728CEAF57C82EAFA728CEADD
:104E2000F37C0D9B01EBBE0182EAF37E0F9A07EB48
:104E3000F667089B8CEAF27CCDF808E006EAB00E33
:104E4000CDF81CC046EAB00C01EBF7610CEAB80CD7
:104E500047EAB6024CEA0E0C02EAB0028C4407EABA
:104E6000B601114304EBF372019C4CEAB70E02EB5E
:104E7000B8020CEAB7090A444FEAF3710A9B0EEA3A
:104E8000B60E81EAFB7B81EAF4714EEA090E8BEAE9
:104E9000F37B0C9B02EBFC6281EAF3710E9B8BEAC5
:104EA000F37B029B81EAF378AD4B03EBF57123466C
:104EB00001EBB00142EABC0001EBF26100EAB7008D
:104EC0008E4402EABC010143A548044600EBF3709E
:104ED00000EBB600099E014404EBF6704FEAF6764B
:104EE000009C00EBB7000E9F86EAF57586EAFA761D
:104EF00085EAF47586EAF77685EAFB794EEAB20729
:104F000001EBFE614C4607EABC0786EAF8790EEA37
:104F1000B20600EBF160CDF8209041EABE053743C0
:104F200005EAB20507EB000901EABE008C4F2843F1
:104F3000069D07EBF5760D9F06EBBC0606444FEA8F
:104F4000F57080EAF3750A9B06EBF96685EAF7755A
:104F50000F9F80EAF37080EAF770079F039485EA59
:104F6000F77C7F4F46EAB905CDF804C080EAF47CAF
:104F700007EBFA703C46CDF818C009EAB10C00EB1B
:104F8000B20249EAB10002EBF66200EABE0005EAAD
:104F9000B10540EA0C00104406EAB9022A4307EBC7
:104FA000F3750B9F05EBBE0500EAB60E2A4404EB31
:104FB000F77505EBB1014FEAF775009F02EBF06260
:104FC00085EAFA7A85EAF775029F01EBF2618AEACF
:104FD000F77A079F85EAF775019F8AEAF77A069FB5
:104FE00085EAF77C0C9F40EAB605CDF828C042EA76
:104FF000B00C05EAB9050CEAB60C45EA0E050D44FD
:1050000002EAB0014CEA010C04EBF7710D9C01EBD4
:10501000B9014FEAF779614489EAF377089B01EB1C
:10502000F56187EAFB7741EAB50E87EAF37C009FDA
:105030004B4B0EEAB20ECDF824C045EAB20C03EB9E
:10504000F77723460CEAB00C07EBB60605EAB20781
:1050500006EBF1664CEA070C89EAF47901EAB50738
:10506000B4443F4E4EEA070789EAF879344606EB26
:10507000F37689EAFA7906EBB00637440E9E04EB24
:10508000F6704FEAF67600EBB202009807EBFC6789
:1050900086EAF074029802EBF76286EAF0760398EB
:1050A00084EAF074089886EAF076099886EAF97E30
:1050B0004CEAB106CDF830E00CEAB10E06EAB506CE
:1050C00084EAF07446EA0E0647EABC00164400EA99
:1050D000B10007EABC02009610430F9E204A02EB83
:1050E000F67202EBB502009D02444FEAF670019E93
:1050F00002EBF56280EAF375029B80EAFB7085EAB9
:10510000F675069E80EAF6700A9E85EAF67E144ED3
:10511000CDF82CE006EBF37580EAF47E05EBB105E3
:10512000CDF834E0009905EBF26541EAB70042EAB8
:10513000B10E00EABC0001EAB7010EEAB70E08435F
:105140000099284402EAB10106EBFB75079E4EEA7E
:10515000010105EBBC054FEAF87C294402E000BFE1
:10516000DCBC1B8F01EBF065BA4901EBF67E01EB6D
:10517000F8710EEBB70E4FEAF677009E8CEAFB78DB
:1051800001EBB601039E87EAF37387EAF677019E87
:1051900083EAFA738CEAF67C099E0EEBF56E88EAD8
:1051A000F6780A9E8CEAF97C87EAF6770B9E83EA0A
:1051B000F6730C9E88EAF6780D9E8CEAF37C87EAFB
:1051C000F67B009E40EAB207CDF838B000EAB20B99
:1051D00007EAB60745EAB00647EA0B0706EAB20651
:1051E000774405EAB00E46EA0E0600970E444FEAF1
:1051F000B501994D06EBF7660A9F05EBF97905EBCA
:10520000F77E049F05EBFA7BCDF81CE005EBF37EFF
:105210007B19009FCDF828E00F9381EAB0037B4013
:10522000039F05EBF77E009F0EEBB20E81EAB702FB
:10523000019F734405EBF77E724003EBF663009F1A
:105240004FEAB6060EEBB00EB344724486EAB70ED0
:10525000089F86EAB3068EEA030E02EBF36205EBC3
:10526000F770564008444FEAF771039F704481EA93
:10527000F77E079F00EBF26081EAFA7109EBB00953
:10528000029005EBF4708EEAF47ECDF80C90049059
:105290004FEAB2020C988EEAF87E05EBF87807EB3D
:1052A000020A81EAF071CDF8208005EBF07881EAFE
:1052B000FC7105EBFC7CCDF81CC005EBF17C069F76
:1052C000099805EBF771009CCDF830C005EBF07C38
:1052D00001EBB401029C0CEBB30C82EAB303314442
:1052E0004FEAF776019F634001EBF46186EAF777B6
:1052F00082EAB4025B4486EAF0760B9803EBF16332
:105300004A4005EBF0794FEAB101624487EAF07751
:105310000E9802EBF36287EAF07705EBF07C81EA06
:10532000B400049C05EBF77B039F58400C4481EAD2
:10533000B301504409EBB309514000EBF2604FEA6E
:10534000B20239440D9F82EAB303904401EBF0614D
:10535000434082EAB00205EBF77A23444A400AEB65
:10536000B00A0A9C03EBF1634A444FEAB10186EAB2
:10537000F7760F9F81EAB0000C4402EBF3625840CD
:1053800086EAFE7681EAB301404407EBF6765140A7
:10539000089F00EBF2604FEAB202514405EBFE7544
:1053A00007EBB30E944482EAB303079F01EBF0616D
:1053B000434082EAB00207EBB00823444A400C9C09
:1053C00003EBF16372444FEAB10102EBF36281EA4D
:1053D000B0000D4481EAB30158400BEBB3075140D4
:1053E0006044414400EBF2604FEAB20201EBF0612D
:1053F00082EAB303144482EAB002434006EBB006EB
:105400004A402B44129D174403EBF1634FEAB1016C
:1054100007EBF36781EAB00005EBB302139D584038
:1054200081EAB3036A61044410987B40119A0144F5
:1054300004EBF7641E4402EBB702A9610020059952
:1054400006EBF4662A610B19C5E9026315B0BDE8E5
:10545000F08F00BFDCBC1B8FD6C162CAC2B32DE97E
:10546000F843036806460D46144603F03F079B18B1
:10547000C7F14008036002D3436801334360C7B1FA
:10548000444516D306F11C092946424609EB07009C
:105490000CF036FF49463046FFF7ACF838B93C44CB
:1054A00045440746403C3F2C08D89CB90020BDE845
:1054B000F8833F2C02D80DE03F2CF6D92946304620
:1054C000403C4035FFF796F80028F5D0BDE8F8835A
:1054D0000020704706F11C002246294638440CF093
:1054E0000FFFE3E770B50446006880220D4600F028
:1054F0003F0004F11C062318013038281A7743D8DE
:10550000C0F13802002130440CF016FF2368314608
:10551000666820465A0FDB0042EAC6021BBA12BA7E
:10552000A3656265FFF766F800282CD1E37A2B703B
:1055300063896B70A3681B0AAB70A368EB70E37B95
:105540002B71E3896B71E3681B0AAB71E368EB7144
:10555000E37C2B72638A6B7223691B0AAB7223692B
:10556000EB72E37D2B73E38A6B7363691B0AAB7386
:105570006369EB73E37E2B74638B6B74A3691B0A03
:10558000AB74A369EB7470BDC0F1400200213044DC
:105590000CF0D2FE31462046FFF72CF80028F2D15D
:1055A0000146382230460CF0C7FEAFE70A4A002316
:1055B0000A49826002F12942A2F5961210B4A2F6BD
:1055C0008B62074CC0E90033064BC0E90341C0E9D8
:1055D00005235DF8044B704701234567FEDCBA984C
:1055E00089ABCDEFF0E1D2C3FFF738BFFFF77ABF49
:1055F000FFF700B870B598B004460D461646002176
:105600005C2201A80CF098FE124B2A462146039317
:1056100003F1883301A8049303F12943A3F59613FA
:10562000A3F68B630593A3F1883306930A4B079384
:10563000FFF714FF38B1044601A85C21FCF7EAFC2F
:10564000204618B070BD314601A8FFF74BFF044655
:10565000F2E700BF01234567F0E1D2C3FFF7CABFFD
:105660002DE9F04FADF2744D3B4F0024DFF804B14B
:10567000DFF804A10646DFF804915C22002105A8AA
:105680000CF05AFE002E3CD1344B022C344ACDF89B
:105690002490CDE90A234FF00003CDE907BACDE904
:1056A00005333BD02F4AC4EBC40305A804EBC30366
:1056B00002F10C0152F824201944FFF7CFFE804676
:1056C00000283ED105A86946FFF70CFF8046002858
:1056D00037D16846142239460CF0DEFD804600289A
:1056E00035D19EB901341437032CCBD196B9B046CD
:1056F00005A85C21FCF78EFC40460DF2744DBDE818
:10570000F08F611C18480CF0EBFDBDE717480CF05A
:10571000CFFDE7E70A200CF0D3FDE9E74FF47A75F7
:1057200061211CA82A460CF007FE01E0013DC9D00A
:105730004FF47A721CA905A8FFF790FE0028F5D057
:105740008046002ED4D00A480CF0B2FDD0E74FF0CE
:105750000108002ECCD0F6E720D00260F0E1D2C3E1
:10576000765432105CD00260284A0020782D002048
:10577000C82D00200123456789ABCDEFFEDCBA9828
:105780006C2200210CF0D8BD10B16C21FCF742BC9A
:10579000704700BF6C2208B50CF0B2FD08BD00BF19
:1057A00030B40029174D184A034618BF2A468166AF
:1057B000164C82601648174918BF0446164A174807
:1057C00018BF0A46DC60164C16491A6118BF2146FC
:1057D000154A18BF0246154C15489A61154A18BF5C
:1057E0002246154C5961DA61144918BF0146144A22
:1057F0004FF0000018BF2246196230BCC3E9000018
:105800005A627047D89E05C167E6096A85AE67BBD4
:1058100007D57C3617DD703072F36E3C310BC0FF5C
:1058200039590EF73AF54FA57F520E5111155868A8
:10583000A78FF9648C68059BA44FFABEABD9831F70
:1058400019CDE05B2DE9F04F0646D7B00C46326922
:105850000EADF16873690D9080680FC5326AB0694A
:10586000F169736A25AE0FC515AAA846637804349A
:1058700014F8045C1B0414F8010C14F8021C43EA2D
:105880000563034343EA012342F8043F9642EDD106
:10589000B74A12AEB7490DF1580E05920192B64AB9
:1058A000B64F159CCDF82080A446CDE90621B44A18
:1058B000B44996E8400ACDE90327B34AB046B34F4E
:1058C00002923E46B24ADDE90EA3DDE910058BEAFD
:1058D00009044FEAF8270EF1200E04EA080487EACB
:1058E000B81784EA0B0487EA786727445EF8204CEF
:1058F00027445EF81C4C67445C444FEA7A3C3944C8
:1059000088EA09078CEABA0C0D448CEABA5C2F408D
:1059100087EA09073C444FEAF52787EAB51787EA83
:1059200075673C4422444AEA0304871804400AEAA3
:10593000030004434FEAF720A44485EA080480EA00
:10594000B7108C443C405EF8181C80EA776084EA0B
:105950000804494421440CEA0A04014488194CEA29
:105960000A011E1819404FEA7C33214383EABC0325
:1059700083EABC530B4485EA0701134431405EF8C7
:10598000142C69404CEA030442440CEA030904EA7B
:105990000A0401EB02084FEA73324FEAF62144EAA7
:1059A000090482EAB30281EAB61182EAB35281EABB
:1059B000766122448844029902445EF8100C8844BF
:1059C00043EA02094FEA72340AEB0801054487EA08
:1059D000060A03EA020009EA0C0984EAB2040AEAA8
:1059E000010A49EA00094FEAF1208AEA070A84EA33
:1059F000B25480EAB11055444C4480EA716044448A
:105A00000544039842EA040802EA040905444FEAFF
:105A1000743008EA030880EAB400AC4448EA090894
:105A200080EAB450404486EA010805445EF80C0C54
:105A300008EA0C0807444FEAFC2088EA060880EAD6
:105A4000BC10474404EA050880EA7C6007440498D7
:105A500007444FEA753003EB070B44EA050380EA7D
:105A6000B500134080EAB55043EA080318445EF8D5
:105A7000083C384481EA0C071E444FEAFB2307EA3E
:105A80000B0783EABB134F4083EA7B633E4405EA7E
:105A900000071E44069B1E444FEA703302EB0609C2
:105AA00045EA000283EAB003224083EAB0533A4356
:105AB0008CEA0B07134407EA090733445EF8046CC9
:105AC00087EA0C078A194FEAF9214FEA733A81EA0B
:105AD000B9113A448AEAB30A81EA79618AEAB35A87
:105AE0000A4407990A4440EA030104EB02082940EA
:105AF00000EA03042143019C8A449244254AA242BD
:105B00000FD0D4E90A67D4E9081202972034276934
:105B1000039767690497A7690697E7690194079750
:105B2000D5E646AA4446DDF8208019460C92234665
:105B3000194A1A4F0A92A2F1D252CDF80CC0BE46B1
:105B4000A2F50D22DFF864C0A2F6FE62CDF82CC0EB
:105B50000992134A0892A2F1E452A2F53522A2F664
:105B60003B0207920F4A06920F4A019230E000BFB3
:105B700014D10260D55E1CABA4823F92F111F159A1
:105B80005BC25639982F8A42A5DBB5E9CFFBC0B579
:105B90009144377134D10260DA88F976C1699BE4A7
:105BA000AA84744ACCA10C24C69DC10F8647BEEFBF
:105BB000059AD2E910E40B94946C0194D46C069489
:105BC000146D0794546D0894946DD26D09940A92E3
:105BD000D8F838408BEA0906059A08F120084FEA00
:105BE000F44C58F81C7C20321E408CEA744C059210
:105BF00086EA0B06D8F804208CEA942C58F8204C3E
:105C000022444FEAB744624484EAF7144FEAF32C83
:105C100084EAD7048CEAB31C1419D8F808208CEA5B
:105C2000736C3A44D8F81C70B444C8F8204004940B
:105C30004FEAF747A444D8F81C40039E87EA74470C
:105C4000B44458F8186C87EA9427F44417444FEA90
:105C5000B642654482EAF61282EAD602174483EA23
:105C600009022A40BB44C8F8247082EA090402975A
:105C70000B9F04EB0B024FEAF52484EAB51484EA87
:105C8000756414444AEA0102274402404FEA7A3418
:105C90003844BB46049F84EABA044FEAF74E84EACC
:105CA000BA548EEA774E8EEA972E0AEA01073A43F3
:105CB00058F8147C1444D8F80C2016444FEAB74224
:105CC000644482EAF712764482EAD702019F1644BE
:105CD00009EB060C83EA0509C8F8286009EA0009FF
:105CE00089EA030202EB0C094FEAF0224AEA040CAB
:105CF00082EAB0120CEA010C82EA70624A440AEAB3
:105D0000040917444FEA74324CEA090C82EAB402DF
:105D1000BE463944029F82EAB452019162444FEA7E
:105D2000F74C58F8141C8CEA774C5A448CEA972CA0
:105D3000D8F8107044EA020B4FEA72390F4458F851
:105D4000101C89EAB2090BEA0A0B67444FEAB14C0E
:105D500089EAB2598CEAF11C8CEAD10C01996744AA
:105D600085EA000C0CEA010C3B44C8F82C708CEA64
:105D7000050C63444FEAF12C8CEAB11C8CEA716C7F
:105D80009C44069B9C4404EA02034BEA030BD8F8AC
:105D90001830E244D9444FEAF64BF1448BEA764B93
:105DA00058F80CEC8BEA962B03EB0E01D8F8143064
:105DB00058F8106C1E444FEABE4383EAFE135E445B
:105DC00042EA090B83EADE030BEA040BF318019E97
:105DD00080EA060E0293C8F830301D440EEA0A0E1F
:105DE0004FEA79338EEA000E83EAB903754402EA7A
:105DF000090E83EAB9534BEA0E0B5B4463444FEA46
:105E0000FA2C8CEABA1C09EA030E8CEA7A6CAC44D0
:105E1000079DAC4458F8085C64442646D8F81C40FA
:105E20002C4406944FEAF74484EA774484EA9724A2
:105E30004FEAB5470C44019987EAF51787EAD50779
:105E40004FEA73353C4449EA030785EAB305174036
:105E5000204485EAB355C8F8344047EA0E073D446C
:105E600081EA0A0731463740019E03916544774035
:105E700058F804CC43EA050E07444FEAF1200EEA35
:105E8000090E80EAB11080EA71600899074404980D
:105E90000F440299604402EB070B029A04904FEA08
:105EA000F242069882EA714282EA912601994FEA0B
:105EB000BC4206444FEA753082EAFC1280EAB50023
:105EC00082EADC0280EAB5503244039E1144C8F8ED
:105ED000382003EA05024EEA020E8AEA06024FEA79
:105EE000FB2602EA0B02704486EABB1682EA0A022B
:105EF000384486EA7B66D8F800700A4445EA000C0C
:105F0000099916444FEAF4420CEA030C82EA7442FF
:105F10000E444FEA703182EA9422049CB14481EA33
:105F2000B001224405EA000481EAB0514CEA040CB5
:105F30004FEAB74484EAF714614484EAD704314451
:105F40002244039C00EA0106C8F83C20924484EAFB
:105F50000B0202EA090262400A9C92444FEAF922CB
:105F600082EAB91282EA796252444FEA713A2244D3
:105F700040EA01048AEAB10A2C4013448AEAB15A81
:105F80003443A2440C9C444592447FF411AE039ADE
:105F90001C46109015920D9A12945446131D02F14E
:105FA000240011950EAACDF850B0CDF84C900F9169
:105FB00001E052F8044F53F8041F21448342196052
:105FC000F7D1002057B0BDE8F08F00BFC2B32DE974
:105FD000F843036806460D46144603F03F079B1836
:105FE000C7F14008036002D3436801334360C7B17F
:105FF000444516D306F128092946424609EB070015
:106000000CF07EF949463046FFF71CFC38B93C4499
:1060100045440746403C3F2C08D89CB90020BDE8C9
:10602000F8833F2C02D80DE03F2CF6D929463046A4
:10603000403C4035FFF706FC0028F5D0BDE8F8836A
:106040000020704706F128002246294638440CF00B
:1060500057F9E3E770B50446006880220D4600F06A
:106060003F0004F1280623180130382883F828203F
:1060700062D8C0F13802002130440CF05DF9236889
:106080003146666820465A0FDB0042EAC6021BBA58
:1060900012BA63662266FFF7D5FB00284BD1E37A7C
:1060A0002B7063896B70A3681B0AAB70A368EB70DD
:1060B000E37B2B71E3896B71E3681B0AAB71E368C7
:1060C000EB71E37C2B72638A6B7223691B0AAB72E0
:1060D0002369EB72E37D2B73E38A6B7363691B0A9D
:1060E000AB736369EB73E37E2B74638B6B74A3698F
:1060F0001B0AAB74A369EB74E37F2B75E38B6B75A1
:10610000E3691B0AAB75E369EB7594F823302B76D2
:10611000638C6B76236A1B0AAB76236AEB76A36EDD
:106120004BB994F827302B77E38C6B77636A1B0AA3
:10613000AB77636AEB7770BDC0F140020021304459
:106140000CF0FAF831462046FFF77CFB0028F2D12C
:106150000146382230460CF0EFF890E70029184B42
:10616000184A8166184910B4184C18BF2346184CB9
:10617000836018BF2246174B18BF0B46164C1749B1
:10618000C2600361164A18BF2246164B18BF0B4661
:10619000154C16498361164B18BF2346154C4261B6
:1061A000C361154A18BF0A46144B4FF0000118BFCF
:1061B000234602625DF8044B4362C0E90011704758
:1061C00067E6096A85AE67BB17DD7030D89E05C1EA
:1061D00007D57C3672F36E3C39590EF7310BC0FF90
:1061E0003AF54FA57F520E5111155868A78FF964E3
:1061F0008C68059BA44FFABEABD9831F19CDE05B19
:10620000FFF7E4BEFFF726BFFFF71CBBF0B59DB05C
:106210001C4606460F4615460021682201A80CF0D0
:106220008BF8002C1B943A46224C3146224B01A895
:1062300018BF2346214C0393214B18BF234604F17A
:106240007944049304F574041E4B04F5016418BFEB
:1062500023461D4C05931D4B18BF23461C4C06932B
:106260001C4B18BF234604F1D144079304F5C01416
:10627000194B04F51E6418BF2346184C0893184B9D
:1062800018BF2346174C0993174B18BF23460A9390
:10629000FFF79CFE38B1044601A86C21FBF7BAFE5B
:1062A00020461DB0F0BD294601A8FFF7D3FE0446E5
:1062B000F2E700BFD89E05C167E6096A07D57C36BC
:1062C00085AE67BB72F36E3C39590EF73AF54FA5B0
:1062D000310BC0FF7F520E518C68059BA78FF9646C
:1062E000ABD9831FA44FFABE19CDE05BFFF78EBF79
:1062F0002DE9F04F0121A5B080464FF480600CF0ED
:1063000013F8002800F0C280002107466C2209A87B
:10631000DFF8D8910D46DFF8D8B10CF00DF8614BDD
:10632000022DA3FB0523CCBF0026012623F0010488
:1063300004EB53042C1BB8F1000F77D1022D5A4BFC
:106340005A4AC8BF5B4623960B93594BD8BF134696
:10635000584A0D93584BD8BF1346584A0E93584B82
:10636000D8BF134602F1D1420F9302F5C012554B2C
:1063700002F51E62D8BF1346534A1093534BD8BF41
:106380001346A2F111621193A2F50C22504BA2F216
:106390008E22C8BF134602F15A4202F51C02129324
:1063A0004FF0000302F2EE72CDE90933494BD8BF3A
:1063B0001346022C0C9345D0474BC4EBC40109A8EB
:1063C00004EBC10103EB840403F5E673D4F8C021A8
:1063D0001944FFF7FBFD8246002846D109A801A910
:1063E000FFF738FE824600283FD1C6F1080201A817
:1063F000494692000BF050FF8246002840D1B8F188
:10640000000F1BD1013509F12009062D87D1B8F104
:10641000000F31D1C24609A86C21FBF7FBFD3846BD
:106420000BF07AFF504625B0BDE8F08FC6F10801A9
:10643000621C2A4849010BF053FF7FE728480BF004
:1064400037FFDFE74FF47A746121384622460BF0BC
:1064500073FF01E0013CC1D04FF47A72394609A8BC
:10646000FFF7B4FD0028F5D08246B8F1000FD2D076
:106470001C480BF01DFFCEE70A200BF021FFCAE7F6
:106480004FF0010AB8F1000FC5D0F1E7B8F1000FE5
:1064900002D14FF0010AC5E713484FF0010A0BF093
:1064A00007FFBFE7ABAAAAAAD89E05C117DD7030C7
:1064B00072F36E3C39590EF73AF54FA5310BC0FF18
:1064C0007F520E518C68059BA78FF964ABD9831F4F
:1064D000A44FFABE85AE67BB14D10260584A0020B3
:1064E000782D0020C82D00203C4A002014D20260E4
:1064F00067E6096A00000000D82200210BF01CBFEB
:1065000010B1D821FBF786BD704700BFD82208B56F
:106510000BF0F6FE08BD00BF034649B39FED1E0B0E
:106520009FED1F1B9FED202B9FED213B9FED224BED
:106530009FED235B9FED246B9FED257B83ED127B0D
:106540009FED257B0020C3F8D01083ED040B83ED75
:10655000061B83ED082B83ED0A3B83ED0C4B83ED8B
:106560000E5B83ED106B83ED007B83ED027B704748
:106570009FED1B0B9FED1C1B9FED1D2B9FED1E3BED
:106580009FED1F4B9FED205B9FED216B9FED227BCD
:10659000D4E700BFAFF30080D89E05C15D9DBBCBA3
:1065A00007D57C362A299A6217DD70305A01599135
:1065B00039590EF7D8EC2F15310BC0FF672633671A
:1065C00011155868874AB48EA78FF9640D2E0CDB1D
:1065D000A44FFABE1D48B5470000000000000000AF
:1065E00008C9BCF367E6096A3BA7CA8485AE67BBE6
:1065F0002BF894FE72F36E3CF1361D5F3AF54FA511
:10660000D182E6AD7F520E511F6C3E2B8C68059BEC
:106610006BBD41FBABD9831F79217E1319CDE05BA4
:106620002DE9F04FADF54D7D1B902AAC0DF1B00A70
:106630004AA80E79083111F8073C11F8012C11F81D
:10664000085C1B0442EA066211F803CC43EA0563C6
:1066500011F8067C11F8026C42EA0C4211F8055C54
:1066600043EA072342EA06222B4344F8082FA042BC
:106670006360DED1ACAF2CAA9046D2E91C01D2E90E
:106680000246C30CD8F84CB0C50008324FEAD14ED0
:106690004FEAC10C45EA51754EEA403E43EA4133A8
:1066A0004CEA507C80096B40156C8EEA0C0C40EA79
:1066B00081604FEA540E4340D8F800004FEA142995
:1066C0002D18D8F804008CEA911C4BEB000BE10963
:1066D0005B194EEAC67E4FEA560849EA06694CEB5A
:1066E0000B0C350A8EEA090048EAC47845EA0465CD
:1066F00041EA466188EA0504414084EAD6105B1805
:106700004CEB00009742C2E91E30B5D11B9BDFF86D
:10671000FC801A699969186A9D6A1C921D915A6BCE
:10672000D96B1E901F95586CDD6A5C6ADF695E69E3
:10673000A346209521921D6B9A6B22912390196C90
:10674000986CDB6C2794289529922A912B9025969A
:10675000269724931E4B04910E93249B2299019318
:106760001C4B06921893A3F13D53219AA3F589136C
:1067700003910292A3F24323089023981993164B96
:1067800007901648164C0C951F9DDDF880E0099582
:10679000144DDDF87890DDE91C210592124ACDE90F
:1067A0001623124BCDE91403114BCDE91243114BC3
:1067B000114CCDE91053114BA446114D0D93114BC3
:1067C0000F93114B0B93CDF8688088460A973FE0F2
:1067D00090D3026018816DDAA4823F9219D005B679
:1067E00038B548F3BCDB89819B4F19AFF111F159E2
:1067F0005BC25639A5DBB5E9982F8A422F3B4DEC99
:1068000022AE28D7CFFBC0B591443771CD65EF23B9
:106810009A6C1A92DA6C0B921A6D0D925A6D0F9255
:106820009A6D1092DA6D11921A6E12925A6E13923C
:106830009A6E1492DA6E15921A6F16925A6F179218
:106840009A6FD3E9105C18924033DA6B0E93199269
:106850000C9F0AF1400A029CBA0B0498BB0C42EA56
:10686000844243EA8433A10B5A40069B41EA8741A4
:1068700043403B404340A00C40EA87304140F8058C
:1068800040EA5420039C4240D218079B84EA03004C
:10689000029B079C00EA03004FEAC35343EA5723D5
:1068A00080EA04004FEA167481EA03015AF8403C7A
:1068B00041EB00010898D2185AF83C3C41EB030325
:1068C0001218019840EB03035219099D4CEB030386
:1068D000A8184EEB030508900995059D290F45EA78
:1068E000080EA80741EA06110EEA090E40EA9600D2
:1068F00044EA05144140B00740EA95004440680668
:1069000005EA080540EAD6104EEA050E059D41400D
:106910000A9811EB0E0E4FEA466146EA000041EA82
:10692000D51100EA0B0081EA04010A9C06EA04047E
:1069300040EA040041EB000006991EEB020E87EAD4
:106940000104089F43EB000309983C404FEA973C41
:10695000019384EA01024CEA804CDDE902140892BA
:10696000BA0C81EA040542EA803205408CEA020C46
:106970005AF8382C6540049CA21804464FEA90301F
:106980004FEA9441234640EA874041EA873180EA52
:1069900001004FEAC75141EA5421079C8CEA010CDF
:1069A0005AF8341C44EB0101089C089712194FEA6D
:1069B000C35444EA572441EB050112EB0C0280EA70
:1069C00004051A98019B41EB050512180B984FEA34
:1069D0001E714FEA1374059F40EB050519EB020089
:1069E00041EA031107EA0E0907904FEA8E704BEB5C
:1069F000050C44EA0E1440EA9300CDF810C047EAB3
:106A00000E0C414098070CEA080C40EA9E004CEA44
:106A1000090C44404FEA4E6040EAD310414046EA38
:106A200003000A9B11EB0C0C019900EA03004FEAEA
:106A3000416141EADE1181EA0401019C06EA040495
:106A400040EA0400089C41EB00001CEB020C0C9A8D
:106A500045EB0007049982EA0409069D0A97079FFF
:106A6000099809EA0709BC0B89EA0209BA0C44EA49
:106A7000814442EA8132029954405AF8302C81EA2A
:106A8000000BAA18049D0BEA050B4FEA95308BEA20
:106A9000010B4FEA954140EA874041EA873180EA9D
:106AA00001004FEAC75141EA5521039D84EA0104E0
:106AB0005AF82C1C45EB010112EB0902049D0EEA69
:106AC0000C0941EB0B0112194FEAC55444EA572453
:106AD0000A9F80EA04000D9C41EB000012190F9CF4
:106AE0004FEA1C7144EB000018EB020441EA071165
:106AF000254643EB00044FEA17783B4606944FEADD
:106B00008C7448EA0C1844EA97046140BC0744EAD4
:106B10009C0488EA04084FEA4C6444EAD714059FB1
:106B200061404EEA0C043C405F0647EADC1744EA49
:106B3000090488EA0708019F0C19019947EA03072D
:106B400001EA03012B4607EA060747EA010748EB7B
:106B50000707A4184FEA953840EB0702DDE907174D
:106B60000392AA0C794029407940069F0C9842EA8A
:106B70008732049D48EA874888EA02085AF8282C98
:106B800010EB020B099A384682EA05091D4609EA0C
:106B900007094FEA97370C9589EA02094FEA9042B4
:106BA00047EA8347034642EA853287EA02074FEA0B
:106BB000C55242EA5022029888EA02085AF8242C68
:106BC00040EB020211EB0B010CEA040B49EB020251
:106BD00011EB08014FEAC35848EA552887EA08072D
:106BE00042EB0707109A11EB0208059A119941EB45
:106BF000070712EB08014FEA1472084646EB07013B
:106C0000039E0591A10742EA061241EA96014FEA66
:106C100016794A40B10749EA041941EA940189EA20
:106C20000109610641EAD611760682EA01034CEABF
:106C3000040146EAD416019A029301EA0E010A9B66
:106C400089EA0609039E41EA0B011E431640029A97
:106C50005118039A03EA020246EA020649EB0606C5
:106C600011EB080305994FEA903847EB0602079E9F
:106C700048EA8148029386EA05070B92820C069D3A
:106C8000074042EA81327740064688EA02080898BF
:106C90005AF8202C10EB020B04984FEA913280EA4C
:106CA000050942EA864209EA010989EA00093046F3
:106CB0004FEA9146054646EA803682EA06024FEAE6
:106CC000C056099846EA512688EA06085AF81C6C0C
:106CD00040EB060617EB0B0749EB060617EB080718
:106CE0004FEAC15848EA552882EA080246EB0202F8
:106CF000129EBF19139E46EB02021EEB070ECDF843
:106D000020E0019B0B9843EB020302994FEA1078B5
:106D10000D9501934FEA406E029B4EEAD11E1E0F65
:106D2000029B9B0746EA001643EA90035E40029BE3
:106D300048EA0318830743EA910388EA03084B06ED
:106D400043EAD01388EA0E085E4044EA010303993F
:106D500003EA0C0341EA000E0A990EEA010E0299B9
:106D600004EA0109039943EA0903F31801EA00065A
:106D700001994EEA060E48EB0E0EDB19079F1846E6
:106D80000C9B42EB0E0E83EA0506089D2E404FEA4F
:106D900095385E40AB0C48EA814843EA813388EA83
:106DA00003085AF8183CFB18DDE9052787EA0209B1
:106DB0004FEA914209EA010942EA853289EA070964
:106DC0004FEA913747EA854787EA02074FEAC552FB
:106DD000049D42EA512288EA02085AF8142C45EB35
:106DE0000202F618089D4FEAC15349EB020216EB66
:106DF000080643EA552303994FEA1E7587EA030BF9
:106E0000149F4FEA107342EB0B0BF619159F43EAE0
:106E10000E130A9A45EA001547EB0B0B1CEB060C08
:106E20000746CDF810C042EB0B0C82070997CDF84E
:106E30001CC042EA9E0253404FEA8E7242EA900220
:106E40005540420642EADE125340029A42EA0009E5
:106E50004FEA4E6242EAD0120B9809EA0409554003
:106E600040EA0E020A4002990F4049EA070913EB73
:106E7000090900EA0E0342EA030245EB02020D9DF6
:106E8000049819EB0609089E4FEA90374BEB020B6A
:106E9000830C0C9A47EA8C476E4043EA8C330640D9
:106EA00001985F405AF8103C6E406546D318059A29
:106EB000294682EA000C04980CEA050C4FEA953545
:106EC0008CEA020C4FEA914245EA804542EA803260
:106ED00085EA02054FEAC052069842EA512287EA43
:106EE00002075AF80C2C40EB0202F61804984FEAFD
:106EF000C1534CEB0202F61943EA50230999029858
:106F000085EA0307169B0B9D42EB0707F618179BB4
:106F10004FEA197243EB0707A31942EA0B120693D3
:106F2000039B43EB07044FEA897343EA9B030394F3
:106F30004FEA1B745A404FEA8B7344EA091443EA40
:106F400099035C404FEA496343EADB135A4041EA44
:106F5000090303404FEA4B6040EAD91044404EEA2F
:106F60000B00284001EA09052B43D3180EEA0B0257
:106F700040EA02000D9A44EB000013EB0608089C5F
:106F8000049E47EB0001069F84EA0600079EBD0BA6
:106F90000A913840BB0C6040039C43EA843345EAC5
:106FA0008445019C5D405AF8083C6640D318039A1A
:106FB00006EA020686EA04064FEA92344FEA924253
:106FC00044EA874442EA873284EA02044FEAC7521D
:106FD000039F42EA5722059F85EA02055AF8042CCE
:106FE00047EB0202C01846EB0202039E069F4019BF
:106FF0004FEAC6530B9D43EA57230F4684EA030624
:10700000029B4FEA117442EB0606189A44EA0814F0
:107010008018199A42EB06061A184FEA88730C92E8
:1070200045EB060243EA9103099D02924FEA18726A
:1070300042EA01125A408B0743EA98035C404FEA48
:10704000486343EAD11349065A4049EA080341EA32
:10705000D8112B4009EA08054C404BEA07012B43A5
:1070600001EA0E01D3180BEA070241EA02012B4A9A
:1070700044EB01011B18059346EB01060E9B9A4257
:107080007FF4C6AB059A40461C9B1B9C9B181D9920
:10709000259A0A9F46EB020223610918269B1E9837
:1070A00047EB0303099D10EB0900C4E90521279A6A
:1070B0001F994BEB020249190C9DC4E90730209B34
:1070C00028984EEB03034019069DC4E90921219934
:1070D000029A42EB01022999C4E90B30491922981E
:1070E000039B049D43EB00032A98C4E90D2140193A
:1070F0002399079A089D42EB01022B99C4E90F30AE
:1071000049192498019B43EB00030020C4E9112195
:10711000E3640DF54D7DBDE8F08F00BFD0D5026072
:10712000002A43D02DE9F84314460D4600220646B6
:10713000D0E9003103F07F071B1951F10001C7F1BD
:10714000800828BF0122C0E9003132B183680133D1
:107150008360C36843F10003C360C7B1444516D3DD
:1071600006F150092946424609EB07000BF0C8F822
:1071700049463046FFF754FA38B9803C45443C4410
:1071800007467F2C08D89CB90020BDE8F8837F2CE7
:1071900002D80DE07F2CF6D929463046803C803558
:1071A000FFF73EFA0028F5D0BDE8F88300207047CD
:1071B00006F150002246294638440BF0A1F8E3E7D7
:1071C000F8B50446006880220D4600F07F0004F107
:1071D000500623180130702883F8502000F2FC80FC
:1071E000C0F17002002130440BF0A6F83146E2688D
:1071F000A768D200D4E9000342EA57725E0FDB00B1
:1072000084F8C32046EAC70643EA5073C00036BA82
:1072100084F8CB3000BAC4F8C460C4F8CC00100EB7
:1072200084F8C000100C120A84F8C100204684F8CB
:10723000C2201A0E84F8C8201A0C1B0A84F8C92030
:1072400084F8CA30FFF7ECF9002840F0C480E37DF1
:107250002B70E38A6B7063691B0AAB706369EB7018
:10726000E37C2B71638A6B7123691B0AAB71236901
:10727000EB71E37F2B72E38B6B72E3691B0AAB72DA
:10728000E369EB72E37E2B73638B6B73A3691B0A59
:10729000AB73A369EB7394F827302B74E38C6B7496
:1072A000636A1B0AAB74636AEB7494F823302B7522
:1072B000638C6B75236A1B0AAB75236AEB7594F8B4
:1072C0002F302B76E38D6B76E36A1B0AAB76E36A8D
:1072D000EB7694F82B302B77638D6B77A36A1B0AC0
:1072E000AB77A36AEB7794F8373085F82030E38EDC
:1072F00085F82130636B1B0A85F82230636B85F8B3
:10730000233094F8333085F82430638E85F82530A7
:10731000236B1B0A85F82630236B85F8273094F8F9
:107320003F3085F82830E38F85F82930E36B1B0A5E
:1073300085F82A30E36B85F82B3094F83B3085F8DC
:107340002C30638F85F82D30A36B1B0A85F82E3007
:10735000A36B85F82F30D4F8D030002B3BD194F8B4
:10736000473085F83030B4F8463085F83130636CFA
:107370001B0A85F83230636C85F8333094F843305B
:1073800085F83430B4F8423085F83530236C1B0A68
:1073900085F83630236C85F8373094F84F3085F80F
:1073A0003830B4F84E3085F83930E36C1B0A85F874
:1073B0003A30E36C85F83B3094F84B3085F83C303C
:1073C000B4F84A3085F83D30A36C1B0A85F83E308E
:1073D000A36C85F83F30F8BDC0F180020021304435
:1073E0000AF0AAFF31462046FFF71AF90028F2D129
:1073F0000146702230460AF09FFFF7E649B39FED41
:107400001E1B9FED1F2B9FED203B9FED214B9FED02
:10741000225B9FED236B9FED247B33A3D3E90023F5
:10742000C0E9122300220023C0F8D01080ED041B15
:1074300080ED062B80ED083B80ED0A4B80ED0C5B68
:1074400080ED0E6B80ED107BC0E90023C0E90223C4
:1074500070479FED171B9FED182B9FED193B9FED7C
:107460001A4B9FED1B5B9FED1C6B9FED1D7B20A3BB
:10747000D3E90023D4E700BFD89E05C15D9DBBCBF7
:1074800007D57C362A299A6217DD70305A01599146
:1074900039590EF7D8EC2F15310BC0FF672633672B
:1074A00011155868874AB48EA78FF9640D2E0CDB2E
:1074B00008C9BCF367E6096A3BA7CA8485AE67BB07
:1074C0002BF894FE72F36E3CF1361D5F3AF54FA532
:1074D000D182E6AD7F520E511F6C3E2B8C68059B0E
:1074E0006BBD41FBABD9831FA44FFABE1D48B54706
:1074F00079217E1319CDE05BFFF712BEFFF760BE66
:10750000FFF78EB8F0B5B7B01C4605460E461746D5
:107510000021D82268460AF00FFF84B39FED242B88
:107520009FED253B9FED264B9FED275B9FED286B45
:107530009FED297B36A1D1E9000137A3D3E90023D0
:10754000CDE91001CDE9122329463246684634942C
:107550008DED042B8DED063B8DED084B8DED0A5B1B
:107560008DED0C6B8DED0E7BFFF7DAFD0446C8B197
:107570006846D821FAF74EFD204637B0F0BD9FEDA2
:10758000182B9FED193B9FED1A4B9FED1B5B9FED59
:107590001C6B9FED1D7B22A1D1E9000122A3D3E941
:1075A0000023CDE739466846FFF70AFE0446DFE7C9
:1075B000D89E05C15D9DBBCB07D57C362A299A6232
:1075C00017DD70305A01599139590EF7D8EC2F1543
:1075D000310BC0FF6726336711155868874AB48E90
:1075E00008C9BCF367E6096A3BA7CA8485AE67BBD6
:1075F0002BF894FE72F36E3CF1361D5F3AF54FA501
:10760000D182E6AD7F520E511F6C3E2B8C68059BDC
:10761000A78FF9640D2E0CDBA44FFABE1D48B547A9
:107620006BBD41FBABD9831F79217E1319CDE05B84
:10763000FFF768BF2DE9F04F0121C9B081464FF433
:1076400080600AF071FE002800F08E80DFF844812F
:1076500000210746D82208F5C67312A80D46DFF8A8
:1076600038A101930AF068FEAAFB0523022D23F03E
:107670000104CCBF0026012604EB53042C1BB9F1F6
:10768000000F41D1314612A8FEF746FF834600287D
:1076900059D1022C44D0C4EBC401394B12A804EBDD
:1076A000011103EB8404019BD4F800241944FFF773
:1076B00037FD8346002846D112A802A9FFF780FDB6
:1076C000834600283FD1C6F1040202A841461201B8
:1076D0000AF0E2FD8346002840D1B9F1000F1BD12A
:1076E000013508F14008062DBED1B9F1000F31D1A6
:1076F000CB4612A8D821FAF78DFC38460AF00CFECA
:10770000584649B0BDE8F08FC6F10401621C1D481F
:10771000C9010AF0E5FDB5E71B480AF0C9FDDFE73E
:107720004FF47A746121384622460AF005FE01E0E2
:10773000013CC1D04FF47A72394612A8FFF7F0FC31
:1077400083460028F4D0B9F1000FD2D00F480AF0D8
:10775000AFFDCEE70A200AF0B3FDCAE74FF0010BF8
:10776000B9F1000FC5D0F1E7B9F1000F02D14FF028
:10777000010BC5E706484FF0010B0AF099FDBFE782
:1077800090D30260584A0020782D0020C82D002098
:107790003C4A002010D60260ABAAAAAA70B4134ECD
:1077A000336803BB12484CF6A944124D4CF6A8416D
:1077B00000F5027C104A4CF2090302E052F8203F27
:1077C00033B19942FAD1137A2A2B01D040F8041B25
:1077D0002CB1604503D2214655F8044FEAE7002258
:1077E000012302603360024870BC704794E00020BF
:1077F00084DE0020F4D8026030DC026038B5054633
:1078000070B1084C084803E054F8203F33B1606879
:1078100029460AF08DFD23460028F5D1184638BDCB
:107820000346FBE730DC02606C4A0020074B4CF259
:107830000902014602E01A6A20331AB19142FAD1D4
:107840001846704713461846704700BF30DC026088
:10785000807A431E092B0AD8DFE803F005050506E8
:107860000909050907070120704702207047002019
:10787000704700BF807A032806D9A0F10400B0FA4F
:1078800080F0400980007047003818BF0120704721
:10789000807A042804D8022894BF00200120704771
:1078A000083802288CBF002001207047807A0538F4
:1078B00003288CBF00200120704700BF064A4CF20D
:1078C000090302E052F8203F1BB19842FAD15068F8
:1078D00070470248704700BF30DC0260944A0020C5
:1078E00038B5054660B1074C074803E054F8200F4F
:1078F00030B1606829460AF01BFD0028F6D12068E7
:1079000038BD00BF30DC02606C4A00202DE9F04732
:107910000446406984B00038E56B18BF012005F2C9
:10792000544501EB40091D44B9F5205F51D846008C
:10793000206890462B4690F8CC200F4690F8C9104E
:10794000C2F3400290F8C80005F0E8FF23682E2239
:10795000A91CD3E906A0D04720BBA36B3022D86D69
:10796000E36BC3F81024002837D0BC300121F8F7AE
:10797000DFFC80B3E36B29462568D3F81024A06BA5
:10798000EB69C06D0393AB69C9F52055CDF8008054
:10799000BC300293D4F8C03001954B44F8F7A4FDF5
:1079A00000B916B904B0BDE8F087D8F80030D4F8B3
:1079B000C0201B0AD355D4F8C030D8F800203B446F
:1079C0005A70D8F800300233C8F8003004B0BDE86F
:1079D000F0870348E6E70348E4E70348E2E700BF2F
:1079E0000096FFFF0093FFFF0089FFFF4368102B05
:1079F0002DE9F04F9FB000F02D85C36B0446002B9E
:107A000000F0288505F0E2F8054648BB236893F8A6
:107A1000CC309E0704D5E36B93F8EC31012B19D0E1
:107A200063680C2B20D0112B00F21485DFE813F0D3
:107A3000D5048000A004C504E504DA046903BF048A
:107A400025049703950491031205CF04CB049B04EE
:107A500012052300204606F063F80028E0D0054612
:107A600028461FB0BDE8F08FE36BD3F88836002BB3
:107A700058D011236360204607F006F90646002817
:107A800040F0EB84A36F162B41F0F282226F137843
:107A9000042B41F0F5822368D4F8A01093F8CC3081
:107AA00003F00203002B0BBF0A23122304200C2037
:107AB0009942C1F0E58202EB000952F80080B9F862
:107AC00004707FBABFB23B44994241F0D982E36B64
:107AD000C3F888660C236360002FC1D0A36BD3E981
:107AE0001901FAF797FAA36B586E0AF015FCD4F84F
:107AF00038A039460120CAE919660AF015FC054686
:107B0000002801F0878309F106013A460AF0F8FBE4
:107B100098FA88F3CAF864503546CAF80860CAE98A
:107B20001A739DE720461FB0BDE8F04F07F0F6BB83
:107B300023689A69002A01F03F83A2682AB993F862
:107B4000CA20226193F8CB20626193F8C800002814
:107B500000F0808493F8CC20D4F8C07093F8C9105A
:107B6000C2F340023B1D05F0D9FE2368E66B93F893
:107B7000CC2006F21441950740F1B584D6F8DC21FB
:107B8000002A00F0B0840D6848688A68CB68C7F89E
:107B90000650C7F80A00C7F80E20C7F81230486927
:107BA000CB690D698A69C7F82230C7F81650C7F843
:107BB0001A00C7F81E20A16B8868A0F11003102BD3
:107BC000A36800F23D85002B40F08A86E36BD3F872
:107BD0007836002B00F037854B6E002B41F0178173
:107BE00007F1270987F8260049460023A26B1A44AB
:107BF0000133127B834201F8012BF7D3002808BF21
:107C000001208144236893F8CC20900716D5E36BBC
:107C1000D3F8DC21002A00F0FC8693F8E03109F863
:107C2000013B4846E36B93F8E021D3F8DC110AF0FE
:107C300067FBE26B236892F8E0219144626909F1E5
:107C4000020653F822502868002801F094814FF072
:107C50000008FFF7EBFD226892F8C910C0B1036974
:107C6000994215DB92F8CBC0314683699C450FDC05
:107C700092F8CC309A0702D5037F5B0708D42B68B3
:107C800008F101081B1201F8023B2B6873700E46C5
:107C900055F8040F0028DCD1A3683BB9324608F13F
:107CA000010802F8023BFF2373701646236893F81D
:107CB000CE30DD0708D53346562208F1010803F817
:107CC000022B002272701E464FEAD81332464FEA4A
:107CD00048084FF0000B89F80030012389F8018033
:107CE00002F8023B86F801B0D4F8C030D4F8D800CE
:107CF00003F52059331D06920793002801F0C68032
:107D00004B4500F299840AF0D7FA079B00F1090865
:107D10000546A9EB03034345C0F08E84421DC3B260
:107D200086F804B00B35120A337386F805B0B271C9
:107D3000C21C86F80AB0120A32725A1D0333F2715D
:107D400002467372030A06F10D00F372D4F8D810DC
:107D50000AF0D6FAD4F8C03003F52059069B1D442A
:107D6000A368012B2AD14D4594BF002301232BBBCF
:107D7000D4F8EC20A9EB050C053294451ED3AB706A
:107D8000FF23681D04F1F0012B7001236B70D4F800
:107D9000EC300133EB70D4F8EC302B71D4F8EC20DC
:107DA0000AF0AEFAD4F8EC3005339844D4F8C03079
:107DB00008F1020503F52059069B1D44AB1DD4F8BC
:107DC00000E005939EF8C930032B54D1DEF874A06F
:107DD000DAF80000002801F0FB805346CAF1040CD9
:107DE00003EB0C0153F8042F002AF9D1A945C1F087
:107DF00051800631A9EB050C8C45C1F0B2800028FA
:107E000001F08581A946C5F1040B05F0F3FC4FF0A4
:107E1000030389F8060089F80730DAF8000005F056
:107E2000E9FC4FF0010389F808000BEB090289F81F
:107E3000093009F104095AF8040F0028E5D1D3B23A
:107E400008F106086B7102339044EB70931C120A20
:107E50001B0A2A71AB7000232B700D236B7008F185
:107E60000205069BD4F800E01D44D4F8C03003F5A9
:107E70002059AB1D0593DEF878A09AF80000002881
:107E800000F0F4834FF0000B04E01AF8010F002813
:107E900000F0ED830BF1020BF3F7E0F90028F4D1C9
:107EA000D4F8C03003F5205AAA4517D3AAEB05022F
:107EB000052A13D900232B70AB706B710B236B70E9
:107EC0000223EB7001232B7108F10805069B08F1D2
:107ED00006081D44D4F8C03003F5205A23685545E0
:107EE000059398BF0021B3F8CC3088BF012103F47B
:107EF000E073002B14BF084641F00100002800F099
:107F00002F85059B93F8CD30580617D5B1B9AAEB4C
:107F10000502032A12D904232970A9706B70E97035
:107F200008F10605069B08F1040822681D44D4F8F0
:107F3000C030059203F5205A92F8CD309A0721D52A
:107F4000059A92F8C920002A3AD0AA452CBF0021F0
:107F50000121A9BBAAEB0502032A41F212801623D4
:107F60002970A9706B70E97008F10605069B08F18D
:107F7000040822681D44D4F8C030059203F5205A45
:107F800092F8CD305B071BD5059B93F8C930BBB188
:107F9000AA4515D3AAEB0502032A11D900232B7099
:107FA000AB70EB7017236B7008F10605069B08F1A8
:107FB00004081D44D4F8C03003F5205A2368059303
:107FC000059BD3F8A490B9F1000F53D0D9F8000065
:107FD000002800F0DB874FF0000B0AF06DF9C0B20B
:107FE0000130834459F8040F0028F6D1554564D870
:107FF0000BF10602AAEB050393423BD3002305F1E4
:10800000060A2B7010236B702368D3F8A4B0DBF83A
:10801000000098B10AF050F98146504600F8019BE3
:108020005FFA89F9DBF800104A4609F101090AF004
:1080300067F95BF8040FCA440028EBD1AAEB050AE4
:10804000AAF106035FFA8AF2D044AAF1040A1B0AD5
:108050002B714FEA1A23AB70931F043A6B71EA70CD
:1080600008F10205069B1D44D4F8C03003F5205AE0
:1080700023680593059B93F8CD30DB091DD055454A
:1080800094BF00230123C3B9A26BAAEB050A926E29
:10809000101D824511D32B702323EA706B70130AD5
:1080A000AB70A36B596E002900F00E87002A00F018
:1080B0000B878044281D0AF023F9B8F1000F08D07F
:1080C000079B86F8038043444FEA1828069386F8F6
:1080D0000280069B01221621DF1BD4F8C030C4E9C0
:1080E00031171A70D4E9002392F8CC200133950798
:1080F000636000F1698420461FB0BDE8F04F04F0D2
:10810000B9BD204606F0C0FD0346002840F071824C
:10811000A26F162A40F048812268D4F8A00092F895
:10812000CC2012F002020CBF04210C21884240F046
:108130009787216F09780E2940F092876168013195
:108140006160002A3FF48CAC20461D4605F0BAFC65
:1081500086E420461FB0BDE8F04F05F029BCE26C74
:108160000023204616680D9304F0E6FA0546002821
:108170007FF476ACB37A03F0FD02052A00F0658146
:108180000B2B06D84FF4146222FA03F3DA0700F13E
:108190005C81D4F8D430002B00F05781E36B216868
:1081A000002B00F0CB84D3F8C021002A00F0C68455
:1081B0001168002900F049815268002A01F02780E7
:1081C0000EAED3F804342046314698476369032B3A
:1081D00000F03A86E36B2268002B00F0F086D3F8BB
:1081E000C001002800F0EB8640680421F8F7A0F8F1
:1081F000002800F0DC864FF0060C1423042512AA98
:108200000026E16B2768002900F01886D1F8C0012C
:10821000002800F0138640682946FD690395BD6972
:108220000295D4F8C050654400950DAD0195F8F75E
:1082300017F9054600287FF413ACD4F8C030162097
:108240000D9A0F213344120A1A71D4F8C0300D9AD6
:1082500033445A710D9BD4F8C0200633C4F8C400CF
:108260003344C4F8C830204611706368013363603A
:1082700004F000FD0546FFF7F3BBE36C1E68B37A1C
:10828000022B00F03883A3F10902012A40F2438156
:10829000033B012B8CBF00250125002D40F03B81C5
:1082A0003046FFF703FB002800F093832368D3F8E0
:1082B0009420002A00F0AB87D3F89C20002A00F01D
:1082C000A687D3F8A0309A1D0E93B2F5205F00F276
:1082D0008187D4F8C020190A1171D4F8C0205371D5
:1082E0002368D4F8C000D3E9271206300AF008F852
:1082F0002368B17AD3F8A020052902F1060700F01F
:108300003D86072900F0C486062900F07D860829ED
:1083100040F02486D969D4F8C02001910EA99B6948
:108320003A440093C7F52053E06B8030F1F744FEE8
:10833000054600287FF494ABB17A204605F0A8F9F1
:10834000054600287FF48CAB0E9B1620D4F8C02085
:1083500010213B44C4F8C40083E720461FB0BDE8A9
:10836000F04F05F06DB9204604F060F9FFF778BBD7
:108370002046276F06F088FC0590002840F03681E3
:10838000A36F162B00F0BB81A368012B40F0708611
:108390002268E368D2F8B4200133002AE360C0F217
:1083A0009982934240F39682AD4DFFF759BB204628
:1083B0001FB0BDE8F04F05F0B9B820461FB0BDE8CA
:1083C000F04F06F09DBD0F236360FFF749BB2046C9
:1083D0001FB0BDE8F04F07F015B801221D466260DE
:1083E000FFF73EBBE36C1B689B7A042B38D8002B4D
:1083F00039D106236360FFF733BBE26C0023D2F868
:1084000000900C9399F80A30012B00F07082093B20
:10841000012B40F2F180204606F036FC054600288C
:108420007FF41EABA36F162B40F02286266F3378A5
:108430000C2B00F0F38299F80A3003F0FD03052BB2
:1084400040F016860123C4F8A830636801336360E6
:10845000FFF706BB834DFFF703BB0546FFF700BBE5
:10846000093B012BC5D8204606F00EFC00287FF4FE
:10847000F6AAA36F162B40F0FB856368226F0133C9
:10848000636013780D2B0CBF01230023C4F8D43094
:1084900040F0B4822368D4F8A06093F8CC3013F095
:1084A000020F0CBF04230C239E4214D9D15C581830
:1084B00000F1030C66450ED96769032F00F0F384C1
:1084C000024403330B445178927842EA0122134468
:1084D0009E423FF4C5AA322202212046624D04F09A
:1084E000B9FEFFF7BDBAD3E906500422A8470546F6
:1084F00000287FF4B5AA236806F583611C22D3E91E
:108500000650A847054600287FF4AAAAE16B01F2AD
:108510001441FFF738BB2368D4F8C020D969E06B59
:1085200004320191996980304FF47A7300910EA959
:10853000F1F742FD054600287FF492AA22684FF425
:108540000073E06BD1690191916900F2544200918E
:1085500000F582618030F1F771FD054600287FF457
:108560007FAA0427F0E6256F0EA9C2F340020DA8EA
:1085700005F10C0305F0E6F90D99022940F3608638
:108580000E9B012B40F35C86226892F8C800814262
:1085900000F3568692F8C920934200F35186236F68
:1085A00005F10F06E26FAD7B13449B1BAB42C0F29B
:1085B0003E86E36BD3F8DC0109F0AEFEE76B29469B
:1085C000012009F0B1FEC7F8DC01002800F02B867D
:1085D00031462A4609F094FE0123204687F8E051EF
:1085E000636004F08FF8204605F06CFA059DFFF7F4
:1085F00037BA0546FFF734BAA36BD86D002800F0F0
:10860000DE850221BC30F7F793FE002800F0D1850B
:108610000122D4E90E30DB6D8030D3F8C010F1F7C1
:10862000A5FC0546002800F0BD8128220221204635
:1086300004F010FEFFF714BAD8460225FFF78EBBF0
:10864000002B40F04D814B6E1BB18B6E002B40F028
:10865000E28307F1270987F82630FFF7D3BA00BF76
:108660000089FFFF008FFFFF8085FFFF83464D4598
:108670003FF616ACA9EB050C0BF106039C45FFF485
:108680000FAC2368D3F878B09BF8000000283FF4C3
:1086900007AC059B4FF0000905945C4603F1FF3AD7
:1086A000D3469A46F2F7DAFD4288CC46120A0AF817
:1086B000092009F1020942880BF8092014F8010F7A
:1086C0000028EFD1059CB9F1000F3FF4E9AB0CF1A4
:1086D00004024FEA192308F108082870120A2B71C6
:1086E000E0440A23AA705FFA89F26B706A71023261
:1086F000069BEA7008F102051D44FFF7D1BB216813
:1087000091F8CC20900740F17F813B78032B3FF418
:108710002AAFE36BD3F8DC0109F0FEFD059AE36BA9
:1087200083F8E0212168C3F8DC2191F8CC30D4F83B
:10873000A00003F00203002B0BBF2A2232220423E5
:108740000C23824200F22B843A78022A40F02784DC
:1087500091F8CC201F4404F1140104F11000C2F37D
:1087600040023B4605F0EEF82368216993F8CA20E1
:108770009142C0F2D784626993F8CB008242C0F282
:10878000D18493F8C800814200F3CC8493F8C930B7
:108790009A4200F3C784D7F80260D7F80600D7F8EA
:1087A0000A10D7F80E20E36BC3F83464C3F838041A
:1087B000C3F83C14C3F84024D7F81260D7F8160069
:1087C000D7F81A10D7F81E20C3F84464C3F8480439
:1087D000C3F84C14C3F8502497F82280B8F1200F46
:1087E00000F2DD832368D4F8A01093F8CC3013F0A6
:1087F000020F0CBF04230C23434403F127029142D0
:1088000040F2AF8107EB080292F8260092F8276049
:1088100046EA0026701E022840F2C18306F12800B5
:108820000344994240F0BB8392F8233092F824A08D
:108830004AEA032A92F82530002B40F0CE845046B5
:10884000D4F84C90FEF7F2FFE36CC9F80000196809
:10885000002900F0CA84204604F002FFD4F83CB09E
:10886000DBF87836002B00F0C480B8F1000F00F080
:10887000C080A368D4F8389023B9D9F800309A455D
:1088800000F0128407F12301636809F10C004246ED
:10889000013363600023CBF87836C9F80880C9E952
:1088A00000A309F02DFD2368626953F82220043AE1
:1088B00004E0A36B1B68984200F0628152F8040F39
:1088C0000028F6D12F2202212046AA4D04F0C2FC36
:1088D000FFF7C6B80123A84DC4F8A830FFF7C0B809
:1088E000002307F1270987F82630FFF78BB9052306
:1088F0006360FFF7B5B8E36BD4F8C0205B68190A72
:108900000E931171D4F8C0205371E56B05F1080086
:10891000EBF7EEFB23680146281DDD69D4F8C02083
:1089200001959B69063200930E9BF1F727F80546E7
:1089300000287FF495A823684FF40972E06BD96989
:108940000191996900F58263009100F2544104306D
:10895000F1F774F8054600287FF482A80627F3E4AF
:10896000AAEB0502042A40F2AC8201232870A87009
:108970006B70EB702368B3F8CC30C3F382132B71A8
:1089800008F10705069B08F105081D44D4F8C0301E
:1089900003F5205A23685545059394BF0021012112
:1089A000FFF7AFBAE36B93F88000F2F757FC48B1DA
:1089B000E36B204693F8801004F04AFF0546002838
:1089C0003FF443AD6D4D30E6204604F0D3FFFFF792
:1089D00092BBB37A012B40F0C18203460EAA042158
:1089E0002046FEF793FF054600283FF4BAADFFF797
:1089F00037B8D4F8389007F1230145E7012305463D
:108A0000C4F8A830FFF72CB8D4F8A0002A22042319
:108A100097E609F8012B2368FFF710B92368D4F80B
:108A2000A02093F8CC3013F0020F0CBF04230C23CA
:108A30003344164499F80A200C93062A18BF082AD2
:108A400002F0FD0002D0052840F04F82B11E8B429B
:108A500000F27C8233F8021B49BA89B2771ABB4212
:108A600000F2CB830B4405280C9340F03E82023A7F
:108A7000022A3FF6EAAC236FDDF830A005932368A5
:108A800093F8CC3013F0020F63690CBF4FF0040B66
:108A90004FF00C0B032B00F04D83022B00F35E8292
:108AA0004846FEF7D5FE011F80464F424F41BF00AA
:108AB0000C9BB21E934200F22D8333F8029B99FA6D
:108AC00099F90C931FFA89F9A6EB0906B34240F015
:108AD0002183059A5A44AAEB0203002F40F05083E9
:108AE00024210EAE20460D91314606F023FD0028CC
:108AF0007EF4B5AFA36BD86D002800F080834146AB
:108B0000BC30F7F715FC002800F05C83A36B3246FD
:108B10003946D86D0C9BBC30CDF8049000930D9B6A
:108B2000F7F710FC034600283FF48FAC33220221F4
:108B300020461D4604F08EFBFEF792BF896E0A4662
:108B400000293FF482AC086800283FF47EAC002B7B
:108B50003FF432ABD3F8C021002A08BF0A46FFF722
:108B60002BBB2633994240F01A82002607EB0802FD
:108B70005AE600BF8086FFFF0095FFFF0086FFFFDB
:108B8000FEF754FE6269089200283FF49BAE036929
:108B90009A42FFF697AE83699A423FF793AE2368F5
:108BA000079393F8CC300B939B0703D5037F5907AA
:108BB0003FF588AE08F12808A36B00220A9507EB61
:108BC000080B09935A60DA460694002E00F00382DF
:108BD000BAF80250BAF800206DBA52BAADB292B2E9
:108BE00005F10408B04500F2D981232A00F3BA80C8
:108BF00012B3013A222A1FD8DFE802F08F1E1E129C
:108C00001E1E1E1E1E1E741E1E1E1E441E1E1E1E08
:108C10001EA6341E1E1E1E1E1E1E1E1E1E1E2700EB
:108C2000079B93F8CD20520640F18580002D40F03F
:108C30008280099B01225A67761BC244721F043E40
:108C4000022AC2D8AD4DFEF70BBF079B93F8CD208B
:108C5000D20970D0002D6ED1069BDA6B0123C2F8C9
:108C60008836E9E7079B93F8CD20570763D5002D99
:108C700061D1089B002B5ED0069BDA6B0123C2F802
:108C80008C36D9E7079BD3F8A470002F53D0032D5F
:108C900040F38481BAF80420A91E52BA92B28A42E3
:108CA00040F07C819AF80690EA1E914540F076816A
:108CB0003C68002C3FD00AF1070B03E057F8044F43
:108CC000002C38D0204609F0F7FA8145F6D121462C
:108CD0004A46584609F0E0FA0028EFD1069BC3F84F
:108CE000DC40A9E7002D00F059819AF804707A1C45
:108CF000954240F05381F7B10AF1040101E0FB42D3
:108D000019D011F8010FC1F1040301285344F6D81A
:108D1000069BDA6BC2F85C018EE7079BB3F8CC20A8
:108D200002F4E07139B1012D05D1C2F382129AF833
:108D30000410914280D0069C2822022120466F4DCB
:108D400004F088FAFEF78CBE079B93F8CD209307BA
:108D5000F1D5089B002BEED0002DECD1099B012210
:108D60009A6769E74FF601739A427FF465AF069BF5
:108D70009A68002A00F0AC80D3F8EC204FEA420E4B
:108D80000EF101018D42D6D19AF804108E45D2D150
:108D90004FF000018DF83410002A00F000820532F7
:108DA00003F1F00702EB0A0C0AF1050212F8011BAD
:108DB00017F8013B624581EA03019DF8343043EA2C
:108DC00001038DF83430F1D19DF8341001F0FF002B
:108DD0000029B0D10EF10507069B8DF838005744E5
:108DE00003F1FC0012F8011B10F8013BBA4281EAC2
:108DF00003019DF8383043EA01038DF83830F1D192
:108E00009DF83820002A96D10123059314E78B6E34
:108E1000002B3EF4E5AE23680C312022D3E9065046
:108E2000A847054600287EF41BAE2020A36B07F15F
:108E30002709986087F82600FEF7D6BEB86E00288E
:108E40007FF4E9A9FFF7E8B9E36C1B685D7AD4F811
:108E5000C030072D00F0B980042206251A71E36B9B
:108E60002268002B00F09580D3F8C001002800F0A4
:108E700090804068D4F8C07004F08CFC32464FF00B
:108E8000080C002302267871FFF7BBB98046022543
:108E9000FEF764BFDEF878A09AF8000000287EF4A0
:108EA000F1AFFEF7FDBF10444778807840EA072015
:108EB000844466457FF60FAB023101445818FFF732
:108EC000FFBA0146FFF71DB808F10408FFF7F5B82F
:108ED000012D7FF430AF9AF80420002A7FF42BAFE5
:108EE000069B0595C3F8E850A6E6023A062A35D84F
:108EF000DFE802F01D0606341D3406008086FFFF01
:108F0000E06B32460CA98030F1F71CF8F0B9E36B46
:108F100093F88000F2F7A2F9C0B1E36B204693F812
:108F2000801004F095FC88B999F80A209FE5E06B61
:108F300032460CA90430F0F725FC38B9E36B5A68C7
:108F40002368D3F8C430B3EBC20FEDD92F2202212E
:108F50002046C04D04F07EF9FEF782BDBE4DFEF7FF
:108F60007FBDDEF878A09AF8000000287EF48AAF72
:108F70008346FFF781BB8046FEF78EBE0E95FFF756
:108F8000DCB95B073FF508A8FFF71AB88346FFF77F
:108F90002DB8906E00287FF46CAF6BE7069C3222F0
:108FA00002212046AD4D04F055F9FEF759BD324679
:108FB00005464FF0060C24230646FFF722B9906EB3
:108FC00000287FF411A9FFF710B905221A7146E7AE
:108FD0000146FEF70BBF069C0A9DD4F8E830002B33
:108FE00040F089800B9B03F03003202B3FF4A4AEAC
:108FF000A268012A7EF434AD002B3FF49DAE059BA0
:10900000D8077EF52DAD97E6E36B5B68991C0E9350
:109010003944B1F5205F00F2DD80D4F8C0101B0A9E
:10902000CB5502F10807D4F8C0300E991344D9711A
:10903000E56B05F10800EBF75BF823680146281D96
:10904000DD69D4F8C02001959B693A4400930E9BDA
:10905000F0F794FC054600283FF46EA9FEF700BD2A
:109060003222022120467E4D04F0F4F8FEF7F8BCCF
:109070000A22022120467B4D04F0ECF8FEF7F0BCFA
:10908000322202212046784D04F0E4F8FEF7E8BCD5
:1090900002230EAA39462046FEF738FC0546002872
:1090A0003FF44AA9FEF7DCBCD9F80430002B7FF46A
:1090B000E9ABD9F8083007F1230198457FF4E4AB18
:1090C000424609F10C00069109F0E6F806990028DD
:1090D0007FF4DAAB0C232046636003F02DFB0346DC
:1090E00000283FF4E0AB5022022120461D4604F048
:1090F000B1F8FEF7B5BCA268012A7EF4B1AC012B31
:109100007EF4AEAC059BDE073EF5AAAC14E6024643
:10911000FEF795BE3222022120464E4D04F09AF809
:10912000FEF79EBC462202212046504D04F092F8E4
:10913000FEF796BC0AF102039E42FFF407AF9AF8CD
:10914000000004F04FFB074600283FF4FFAE0C9BE5
:10915000587804F03DFB804600283FF4F7AE3946CE
:10916000204604F085FB00287FF4F0AE0C9B4846B7
:1091700002330C93FEF76CFB40453FF499ACE5E6F7
:109180000EAE00932046134631460DAA019706F015
:109190004DFA00283FF4AEAC0546FEF761BC9DF8E1
:1091A000342002F0FF01002A7FF4C5AD8DF838109D
:1091B00026E62F4DFFF739BA2E4DFEF751BC294D4B
:1091C000FFF733BA282202212046294D04F042F845
:1091D000FEF746BC284DFEF743BC2F220221204655
:1091E000264D04F037F8FEF73BBC50220221204602
:1091F000234D04F02FF8FEF733BC0C93A6E628228B
:1092000002212046174D04F025F8FEF729BC1D4D1C
:10921000FEF726BC502202212046A5F5FE4504F0AB
:1092200019F8FEF71DBC184B0593FFF7DFB90B4B80
:10923000322202212046059304F00CF8FFF7D6B93C
:109240000A4B462202212046059304F003F8FFF75B
:10925000CDB900BF0085FFFF0094FFFF8086FFFFB0
:109260008084FFFF0089FFFF0092FFFF8091FFFFD6
:109270000093FFFF008CFFFF0096FFFF808FFFFF32
:10928000008FFFFF008AFFFF0081FFFF38B50B68EA
:109290000D46991C914210D81C88296064BAA4B26A
:1092A0000B199A4209D3C06B22460430F0F752FBE7
:1092B00028B92B6823442B6038BD024838BD0248CA
:1092C00038BD00BF0084FFFF8083FFFF03682DE9E6
:1092D000F041D3F83C8082B007460E46B8F1000F4B
:1092E00020D03468111B01294FDD34F8025B4FF6A2
:1092F000FE716DBA3460ADB2681E884245D8121B4B
:10930000AA4242D3B8F1000F1BD0186C22462B465C
:109310003946C04790BB34682C440020346002B00A
:10932000BDE8F081D3F8941049B1D3F89C1031B165
:10933000D3F8A01019B1D3F898100029D1D114484E
:10934000EDE7D3F8A020AA4218D1D3F89C1020460C
:109350008DF8078001EB050E11F8012B10F801CBF9
:109360009DF80730714582EA0C0243EA02038DF84A
:109370000730F1D19DF80730002BCDD073220221A8
:10938000384603F067FF0348C9E70348C7E700BF53
:10939000008AFFFF8093FFFF0084FFFF2DE9F04F5D
:1093A0001D46A1B04FF6FF73C66B04460F46ADF8DD
:1093B000503091460368002E00F0A980D6F8C00115
:1093C000002800F09580D0F80480002800F09A80F2
:1093D0000068BC30F6F7A4FF636907304FEAD00A93
:1093E00083B1BB1C9945C0F09980C0F3C7203A787F
:1093F000824240F0938079785FFA8AF2914240F09D
:109400008D801F4607EB0A03994540F087800121B4
:109410004046F6F78DFF002800F085802368394626
:109420004FF0300E0DF11C0CDF6952464046039799
:109430009B69CDE900CE029314ABF7F741F8059094
:109440002368E06B93F8CC2006ABD0F88016C2F30B
:109450004002D0F87C0604F061FA21683022DDF881
:109460001C809DF850709DF818B09DF851909DF8A3
:1094700019A0D1E9063008A99847B0BB87EA0B03C9
:1094800089EA0A0988F03008059A43EA090330217D
:1094900008AF0DF1500C43EA0803134305F25342A1
:1094A000C3F1000E32444EEA030EE36B4FEAEE7E48
:1094B000C3F810146FEA0E085FFA8EFE5FFA88F8A0
:1094C00017F8011BA2F252431CF8019B01EA0E019E
:1094D0005B1B09EA08099B1B41EA090102F8011F0D
:1094E000E16BD1F810149942EAD821B0BDE8F08FB1
:1094F000D3F86880B8F1000F0ED0D8F804800028A7
:109500007FF466AF986E00287FF462AF61E7986ED3
:1095100038B1D0F804805BE740465AE7034B059327
:109520008EE7804655E7024B059389E70084FFFFED
:10953000008AFFFFC0E91112C3647047036893F803
:10954000CC30DB0716D570B515460446D0F8E000E0
:109550000E4608F0E1FE2946012008F0E5FEC4F8B9
:10956000E00048B12A46314608F0CAFE0020C4F89F
:10957000E45070BD01487047014870BD008FFFFF87
:109580000081FFFF4368102B2DE9F04FAFB029D0C9
:10959000C36B044633B303F019FB054618BB2268BE
:1095A00092F8CC309E0722D5E16B91F8EC31012B7B
:1095B00000F08C806368122B14D8DFE813F04502AA
:1095C000830065043F02B900E10328025D027101D6
:1095D000A60151025702970348024E02660113008A
:1095E00013006A01AC4D28462FB0BDE8F08F6368C8
:1095F000122BF7D801A151F823F000BF499A01605E
:10960000C5960160859A01603D9A016031970160BD
:109610007F9D01600F9A0160799A0160A1980160B5
:109620000B990160619A01606D9A0160EB9C016089
:109630004F9A01605B9A01608B980160E59501602B
:10964000E5950160939801600521204604F0BAFC7D
:1096500000286BD1636E1A78162A40F0E4842268E1
:1096600001330EA90DA892F8CC20C2F3400204F0F9
:1096700069F90D9B022B40F3D684236893F8CC3014
:10968000980740F15385A368002B41F0CF80236EEB
:109690001A78002A40F0C7845E78002E40F0C38418
:1096A000D3F802102046D4F8B020C2F80210DB88AC
:1096B000D38004F069FD002800F03585C4F8886087
:1096C000C4F88060A368002BC4D1BDE7204604F035
:1096D00027FA58BB6368122B84D801A252F823F0F2
:1096E000499A0160C59601607B9E01603D9A0160C8
:1096F000319701607F9D01600F9A0160799A016046
:10970000A19801600B990160619A01606D9A0160F6
:10971000EB9C01604F9A01605B9A01608B9801603D
:10972000E5950160E59501609398016005465AE76B
:10973000E16C00220E680D92B17A4A1ED2B2092A5B
:1097400001F26F8040F2513020FA02F2D00700F1AE
:109750006D8404230629C4F8C83001D008290FD12C
:10976000D4F8C03000220521C4F8C8101A71D4F80A
:10977000C830D4F8C010581CC4F8C800CA54B17A14
:1097800001F0FB03022B01F010800025042900F2F8
:109790007984022900F2798402390229D4F8C010B0
:1097A0004CD8D4F8C8300B44002230465F1B0E92D0
:1097B000FEF74EF863698046032B01F0F682B67A15
:1097C000042E01F0318124213B460FAF2A460E9131
:1097D0002046394605F0AEFE0546002841F03181AD
:1097E00006466369032B01F03F83E36BD4F800C0A6
:1097F000002B01F00983D3F8C031002B01F0048362
:109800005868002801F00583D4F8C8303A4631463C
:109810009D1CDCF81C300393DCF818300293D4F85C
:10982000C0302B440DAD009301950E9BF6F718FE4A
:109830000546002841F00581D4F8C0100D9BBBB14E
:10984000D4F8C8201B0A501CC4F8C8008B54D4F8A4
:10985000C8300D99D4F8C020581CC4F8C800D154A1
:109860000D9AD4F8C830D4F8C0101344C4F8C830E6
:1098700016220C232046C4F8C4200B706368013301
:10988000636003F0F7F90546ADE6204602F0CEFE30
:10989000A9E6024DA7E600BF008FFFFF8095FFFFFE
:1098A000E36C20461E6805F0EFF9054600287FF4BA
:1098B0009AAE2268236F92F8CC20A06F12F0020FAC
:1098C000D4F8A0200CBF04250C25162803EB0207B2
:1098D00003EB05010F9140F08F831B78102B40F0B4
:1098E0008B83B37A022B00F0EF87013B092B00F248
:1098F0009083DFE813F04E038E030D030D03840302
:109900006C03580333030D030D03E36C1B689B7A50
:1099100003F0FD02052A00F07F830B2B06D84FF4DD
:10992000146222FA03F3DB0700F17683A36BDB6D8D
:10993000002B00F07183204604F0CAFC10F5CB4FD9
:10994000F9D000287FF4F2AE204604F0D9FA10F5E1
:10995000CD4FF0D010F5CB4FEDD0054600287FF469
:1099600042AE6368A26F0133162A636041F07982C8
:10997000226F13780F2B41F074822368616993F88A
:10998000CC3003F00203002B0BBF06250E25042765
:109990000C27032901F08781A36B04213D46D86D74
:1099A000BC30F6F7C5FC002801F00A820426142317
:1099B0000DF14C08AF1CD4F8A01004938F4201F2B3
:1099C0005082206F00EB050C425D9CF8015045EA87
:1099D00002257A19914241F04482E26B0FA9204698
:1099E000D2F804249047A06B049B4246C06D3146D8
:1099F0000195256FBC303D440095F6F7A3FC054664
:109A000000287FF4F0AD204603F0C6F8EBE5D4F86B
:109A1000C0300E2204201621C4E931101A70D4E996
:109A2000002392F8CC2001339207636000F16C822E
:109A300020462FB0BDE8F04F03F01CB920462FB0F0
:109A4000BDE8F04F03F072BD01236360CBE5204613
:109A50002FB0BDE8F04F03F0ABBF0F236360C2E54A
:109A600020462FB0BDE8F04F05F058BC20462FB07F
:109A7000BDE8F04F05F0C6BC20462FB0BDE8F04F62
:109A800005F03EBA9369002B01F00882D4F8C0605B
:109A900092F8CC20331DB71DC2F34002D4E9040173
:109AA00003F03CFF236804223946D3E90650A84757
:109AB000054600287FF497AD23681C2206F10A01B1
:109AC000D3E90650A847054600287FF48CADD6F8A8
:109AD0000650D6F80A00E36BD6F80E10D6F812201E
:109AE000C3F83454C3F83804C3F83C14C3F8402412
:109AF000D6F82220D6F81650D6F81A00D6F81E103E
:109B0000C3F85024C3F84454C3F84804C3F84C14B1
:109B1000E36BD3F87826002A00F0A1860C232046B8
:109B2000636002F009FE054600287FF45CADA36B7C
:109B300006F127089B68404686F82630A16B8A68A4
:109B40000C3108F0DDFBA36B9A681B681B1208F848
:109B500002309044A36B08F1030908F1050A1B6861
:109B600088F80130A36B5B6888F80230D4F8E830DD
:109B7000012B40F0DD86FF2288F8063088F80520AA
:109B8000A268002A41F0EB8088F8083008F10A0347
:109B900088F8072088F80920A3EB0A07BA1CA36BF2
:109BA00009EB020593F8701071B1002309F8023037
:109BB000AB7001236B70EB70A36B93F870302B715B
:109BC000FD1DA36B05374D445A6F52B1002304228B
:109BD0002B70AB70EB70BB1D6A70174409EB03056B
:109BE000A36B6269E2B19A6FB2FA82FB4FEA5B1B28
:109BF000B2B11868FDF71AFE90B1007AEEF7B0F82E
:109C000070B14378022B0BD1BB1D162285F800B032
:109C1000043785F802B085F803B06A7009EB0305D4
:109C2000E36BD3F88C2662B1626952B1002317222C
:109C30002B70AB70EB70BB1D6A70043709EB03052A
:109C4000E36BD3F8882652B1002323222B70AB702C
:109C5000EB70BB1D6A70043709EB0305E36BD3F8A7
:109C60008436DB070ED50B2200236A7002222B708C
:109C7000AB706B7107F10803EA70012206372A7195
:109C800009EB0305D4F8DC30E3B100232B7010237B
:109C90006B70D4F8DC0008F00FFB0246E81DD11C05
:109CA000D31D090A1F44DBB2A970511C090A29718E
:109CB000191FE970991F073B6971AB71D4F8DC106B
:109CC00008F01EFB37B13B0A0AEB070988F804705D
:109CD00088F803301620A9EB0606D4F8C02002212C
:109CE000C4E9310620461170A3E6E16BD1F888364D
:109CF000002B00F0C181D4F8C03016210422C4F832
:109D0000C4101A700FAB2168D4F8C020886D01937D
:109D10000EAB009302F520530D6D0A32A16BA847DC
:109D2000002840F03B850E9AC2F30726D1B20A32D2
:109D30000F9B0025D4F8C07020464FEA136C87F8BB
:109D400004C04FEA134CD4F8C07087F805C04FEA3E
:109D5000132CD4F8C07087F806C0D4F8C070FB711B
:109D6000D4F8C0301E72D4F8C0305972E36BC4F816
:109D7000C820C3F8885602F07DFF054633E4E16B46
:109D8000D1F8C4310621E26C032BD4F8C0901268DC
:109D9000616004D1236893F8CC30C3F38103927AD5
:109DA00002F0FD0105293FF41EAC0B2A06D84FF442
:109DB000146121FA02F2D1073FF515AC002B00F037
:109DC0003E854FF0010A4022022309F1070589F878
:109DD00005A089F8062089F80430D4F814B0BBF146
:109DE000030F00F0B5854FF008084FF0070A21680F
:109DF000AA1C91F8CE3013F0020300F02D85E36B1E
:109E0000D3F8CC61002E00F0A28709F5205B002773
:109E100018E05A45756C18D8ABEB02039D4214D874
:109E2000A91C8B4211D313460F44290A03F8021BC5
:109E3000184655702A46B16C08F062FAD6F83061BF
:109E4000421916B1B369002BE3D1C7F30723FFB260
:109E5000A2EB090216212046C4F8C820C4F8C41099
:109E60000D21D4F8C0201170D4F8C02002F80A30B7
:109E7000D4F8C03003F80870DBE5226892F8CC30E3
:109E800099077FF5FFADE16B91F8E031002B3FF4CE
:109E9000F9ADD4F8C03004330F9392F8CC20D4E954
:109EA0000401C2F3400203F039FD23680F9E5D6C8C
:109EB000002D00F0AE80D4F8E420F71C0FA90F9716
:109EC000D86CD4F8AC30009242F64D121A44D4F853
:109ED000E030A847054600287FF485AB0F9B16218C
:109EE0000320DB1BB3700F9BD4F8C020C4F8C41050
:109EF00012219B1AC4F8C83010702046616002F02D
:109F0000B9FE0546FFF76FBB204603F033FD8FE532
:109F1000E06B521B8030F0F779F8002840F0D187D1
:109F200022684FF40073E06BD1690191916900F2EE
:109F30005442009100F582618030F0F77FF80028EC
:109F400040F0E184204602F0F7FB054600287FF44C
:109F50004AAB636801336360FFF745BB3A460FA91C
:109F60002046FFF7B3F9054600287FF43CAB0F9974
:109F7000E06B7A1A8030F0F749F8002840F0A187AA
:109F8000B17A204603F084FB05460028DAD0FFF7BB
:109F90002ABB00233A462046FFF700FA0546002870
:109FA000D0D0FFF720BB3A460FA92046FFF78EF925
:109FB000054600287FF417AB02233A460F99204646
:109FC000FFF7ECF9054600287FF40DABD8E73A46D9
:109FD00020460FA9FFF77AF9054600287FF403AB66
:109FE0003A460FA92046FFF751F9054600287FF4AD
:109FF000FAAA0F9B9F42C3D0814DFFF7F4BA3A46AD
:10A000000FA92046FFF762F905460028F1D0FFF7B7
:10A01000EABA7C4DFFF7E7BA0A236360FFF7E3BAB9
:10A02000002A00F09081784DFFF7DDBA0939012947
:10A0300090D8E36B2268002B00F08484D3F8C00131
:10A04000002800F07F8440680221F6F771F90028AB
:10A050003FF47FAFE36B226803F18000002B00F038
:10A060006B84D3F8C031002B00F066845B6800225B
:10A070005968EFF77BFF6CE720462FB0BDE8F04F43
:10A0800003F0DEBA08297FF4D7AB22680023906F73
:10A090000F930178002900F05386D4F83CC0DCF817
:10A0A000B4713D683A46002D00F007842B4604E069
:10A0B00052F8043F002B00F000841B788B42F7D14C
:10A0C0001368002B00F03C8619780CF18000F3F740
:10A0D0000BFA0546002840F0B4842168D4F8C83053
:10A0E000C869D4F8C020019089691A44C3F5205387
:10A0F00000910FA9E06B8030EFF7E8FE05460028DD
:10A1000040F09F84D4F8C8300F9A1D46D4F8C01090
:10A110001344C4F8C830B27A023A022A3FF68EAB32
:10A120000D44FFF740BB204604F070F8A26EA36810
:10A13000168876BAB6B2002B40F07883B6F5205F69
:10A140003FF771AF2368204693F8CC3013F0020F2D
:10A150000CBF05210D21314403F034FF00287FF4AA
:10A16000E5AA236893F8CC3013F0020300F01F84B3
:10A1700006F10D03C4F88830276F3246E36B2046A2
:10A180003946D3F800349847236893F8CC2012F06E
:10A1900002000CBF04210C218E42FFF444AF3B7837
:10A1A000012B7FF440AF7B78002B7FF43CAF7B88A2
:10A1B0005BBA11FA83F39E427FF435AF002833D0A7
:10A1C000A368012B236F00F09C859888D4F83CC0CD
:10A1D00040BA80B2CCF8D4010130CCF8D8019879DB
:10A1E00050B9D87940B9187A30B993F801C003F161
:10A1F000010E587A84450BD0044DFFF7F4B900BF27
:10A200000084FFFF0094FFFF0087FFFF808FFFFFA8
:10A2100093F802C003F1020E987A8445ECD19EF8BF
:10A220000100DB7A9842E7D1761A7B18252E049339
:10A230007FF6F9AEC2F34002049B04F1140104F16D
:10A24000100003F07FFB2169E36B60692268C3F8AB
:10A250007C16C3F8800692F8CA70B942C0F229860B
:10A2600092F8CB70B842C0F2248692F8C870B94216
:10A2700040F3DF82276192F8C9206261049AD2F824
:10A280000270D2F80600D2F80A10D2F80E20C3F8F5
:10A290001474C3F82024049AC3F81804C3F81C14D7
:10A2A000D2F81270D2F81600D2F81A10D2F81E2086
:10A2B000C3F82474C3F83024049AC3F82804C3F8FC
:10A2C0002C1492F82270202F00F2F58007F1240858
:10A2D0004645C0F0F080A06B2022002187600C3042
:10A2E00008F02AF8A06B049B82680C3003F123016C
:10A2F00008F006F8236893F8CC20920740F1A88272
:10A300002337049AD25D1744F91C8E42C0F0EB85C6
:10A31000D3F84890B9F1000F3FF482AEA16800294C
:10A320007FF47EAED86C049B03EB0801D4F8E430D4
:10A330000093D4F8E030C847E36B002800F05B8559
:10A34000012283F8E0217B1C07F1020805930498A1
:10A35000059F10F80830C25D43EA022101290A91E5
:10A3600040F3A9807B18DA1C9642C0F0A48011F05B
:10A37000010A40F0A0800233C25C511E0F2900F296
:10A380009A8013445A1C9642C0F09580A16B03F149
:10A390000307C1F804A010D9BE42C0F08C8003446A
:10A3A000825C9B7843EA022A0AF1FF33022B40F2D7
:10A3B000828007EB0A039E427DD1049B56460B9593
:10A3C0001F440023CDE90633002E00F03F83032E07
:10A3D00071D97D883B886DBA5BBAADB29BB205F18D
:10A3E0000408464567D3232B00F3A181232B5CD8B7
:10A3F000DFE813F05F0145015B005B0051015B008A
:10A400005B005B005B005B00F800D7005B00B10005
:10A410005B005B0088005B005B005B005B005B0037
:10A42000790069005B005B005B005B005B005B0028
:10A430005B005B005B005B005B0024000FA801F089
:10A44000D7FD2168D1F85490B9F1000F2DD00B6DD4
:10A450005BB3E36B4FF0010AC3F888A62DB3A36882
:10A460001BBB886D2B463A1D0FA9C84781460028A3
:10A4700040F0C584D4F838B012A8DBF808200BF1FE
:10A480000C01119207F03CFF584601F0B5FD7C220B
:10A490000FA9A06B07F034FF0FA87C21F7F7BAFDD6
:10A4A000E36BC3F878A6C3F888964744751B6B1F07
:10A4B0002E1F022B88D8322202212046B64D02F0F0
:10A4C000C9FEFFF790B8002DF5D1216891F8CD3085
:10A4D0005B07EAD563694744002BE7D0E36B0122B1
:10A4E000C3F88C26E2E7002DE5D1216891F8CD3044
:10A4F0009A07DAD563694744002BD7D0A36B0122B2
:10A500009A67D3E72168D1F8A4301846002BCCD045
:10A51000032DD0DDBB88AA1E5BBA9BB29342CAD181
:10A5200007F106094744B94500F04E824B4603E067
:10A5300013449F4200F0488213F8012BF91A8A4213
:10A54000B9D8002AF4D12F2202212046924D02F0E0
:10A5500081FEFFF748B8012DB844ACDDBB885BBA7B
:10A560009BB29A1C9542A6D1DB07A4D40637B84506
:10A5700013D9787803F02CF9814658B1387803F074
:10A5800031F9824630B10146204603F071F90028C6
:10A5900000F058810237B845EBD8012347460793AE
:10A5A00084E7E06BD0F8843643F00103C0F88436CA
:10A5B000002D80D039794B1C9D427FF47CAF00295F
:10A5C0003FF473AF3A1D05E0C2F104033B44CB42B4
:10A5D0003FF46BAF12F8013F012BF5D84744C0F8A8
:10A5E0005C3163E7012D7FF766AFB7F804B09BFAE3
:10A5F0009BFB1FFA8BF2931C9D427FF45CAFD0074C
:10A600003FF559AFD4F83CB0DBF8B431002B7FF400
:10A6100052AF53080421099201330C2B9A46089338
:10A6200028BF4FF00C0A504607F07EFE8146DDE958
:10A630000832002800F05F84CBF8B40107F1060B64
:10A64000002A3FF432AF012B7FF62FAF0BEB020352
:10A65000089454469A4601E0012C0DD9BBF800003D
:10A6600040BA80B2F0F70AFE10B1013C49F8040B81
:10A670000BF1020BD345EFD1089C474416E7012D9F
:10A680007FF461AF3B79042B3FF65DAFA26B47448B
:10A6900082F870300AE7002D7FF40DAF216847443F
:10A6A00091F8CD3059067FF501AFA36B01225A67AF
:10A6B000FCE62168D1F82C90B9F1000F3FF4F5AE1B
:10A6C000012D7FF7F8AEB88840BA80B2831C9D4256
:10A6D0007FF4F1AE022807F1060240F233838E4682
:10A6E00009E0C3F1FF23624403F57F03FD331844FF
:10A6F000022840F22783B2F801305BBA9BB203F123
:10A70000030C84453FF6D7AE11780029E9D1033216
:10A71000DEF830002146C84700283FF4C6AE70225C
:10A72000022120461C4D02F095FDFEF75CBF4FF65E
:10A73000017293427FF4B9AEA368002B00F0E6806B
:10A74000D4F8EC305A1C954240F081833A79934218
:10A7500040F07D8300228DF833209BB10533791DB5
:10A7600004F1FC0007EB030C11F8012B10F8013B7E
:10A77000614582EA03029DF8333043EA02038DF813
:10A780003330F1D19DF83330002B40F0608301234A
:10A79000474406938AE600BF0087FFFF00230A2292
:10A7A00019461E460E93FFF7C3BA21680022D1F85E
:10A7B00084300F92002B00F0B580D1F89030002B40
:10A7C00000F0B080E06B01F188027C310430EFF7DB
:10A7D0009DF80546002840F03481E56B05F108003E
:10A7E000E9F786FC23680146281DDD69D4F8C020FE
:10A7F00001959B690093D4F8C8301A440FABEEF76B
:10A80000EFFF0546002840F01C81D4F8C8300F9AAD
:10A81000D4F8C0101A44CD18C4F8C820B17AFEF795
:10A82000B5BF0423C4F8C830FEF7AABFD4F8A060AF
:10A83000A2E492F8C9209042C8BF62611EE51D469D
:10A84000FEF7D1BE52464946E06B01F0F3FBA1E6AC
:10A8500007F1230305937AE51F46FFF7F9BAA268CB
:10A86000A06BA2B9826892B125682A6A7AB10146C2
:10A87000A86A9047E36B20B90122C3F87826FFF756
:10A880004DB9D3F87826002A7FF448A9A06B6268F6
:10A89000D3F8883601326260002B40F08C80236848
:10A8A000202200F10C018260D3E90650A84705463A
:10A8B00000283FF43CA9FEF796BE10F8011F0029BE
:10A8C0007FF4F0ABFFF7FCBB3A460FA92046FEF73A
:10A8D000DDFC054600287EF486AE0F9B9F427FF488
:10A8E0008BAB23684FF40972E06BD96901919969C8
:10A8F00000F58263009100F254410430EFF79EF8B6
:10A9000000283FF41FAB7E4DFEF76DBE012D40F0D9
:10A910009E823B79002B40F09A824744C4F8E8506D
:10A920000695C3E5774D0023C4F8C830FEF75BBE3B
:10A9300002220027FFF733B9936E002B7FF496AB0A
:10A940005B68FFDE906E00287FF47DABFFF77CBB79
:10A9500023685F6F3868002800F081824FF000089C
:10A9600002F048FF064678B10146204602F04AFF51
:10A9700050B908F10403A84488F8026088F803A0DD
:10A98000EE5488F805B0984657F8040F0028E7D130
:10A990004FEA182308F1090A89F8088089F8073076
:10A9A00008F1020308F10A081D44FFF720BAC4F8B1
:10A9B0008030FFF7E1BB002120220C3040F8041C5E
:10A9C00007F0BAFCFFF7B3B8016829B308963E4612
:10A9D00009950F460546384607F06EFCB14583469B
:10A9E00016D0C84602E0D044464511D018F801AB55
:10A9F000D345F8D15A463946404607F04DFC002869
:10AA0000F1D13946099D3746089EC4F8DC104DE562
:10AA100055F8047F002FDED17822022120463A4DDE
:10AA200002F018FCFEF7DFBD00970FAF2B460EAA11
:10AA300020463946019604F0F9FD054600283EF40B
:10AA4000D0AE15F5CA4F3EF4CEAD6CE7059E6FF063
:10AA50000101049B02360B9D0A9833441E46C91A15
:10AA60000233049303E00233CA1890420ED913F85C
:10AA7000022C562AF7D113F8017C002FF3D123685A
:10AA8000616993F8C9309942C0F22682079B002B76
:10AA900000F0C1816FF00101049B0A98891B13F833
:10AAA000022C22B913F8012CFF2A00F0C0810233D6
:10AAB000CA189042F3D8D4F8E810012900F0F181C7
:10AAC000236893F8CC2002F03002202A00F0BF81E6
:10AAD000A068012800F0B381626953F82280D8F899
:10AAE0000000002800F0F0810A9B0021A246059595
:10AAF00003F1FF39049B29F001099944049E0BE0FE
:10AB00000083FFFF008FFFFF0087FFFF4E4500F02F
:10AB1000B4800236D8F8000016F8022CC0F30723E0
:10AB20009A42F3D116F8012CC3B29A42EED1FCF747
:10AB30007DFE074600283FF46CAADAF8143002695B
:10AB40009A427DDC826993427ADCDAF8003093F82D
:10AB5000CC309D0702D5037F5C0771D43846FCF7E3
:10AB600097FE40B1DAF83C30D3F8B431002B67D00F
:10AB70001B68002B64D03846FCF798FE28B1DAF841
:10AB80000030DA6B002A00F02181DAF81430032B50
:10AB90004AD03846FCF75CFEDAF83C300546D3F87C
:10ABA000C841002C00F0C380002800F0BD804FF0A9
:10ABB000000B20682946BC30F5F7BAFB002852D0BC
:10ABC0000FAB01223946206802F062FE00284AD10C
:10ABD000042D37D0DAF81430022B5FDC236893F8A9
:10ABE0002831042B5AD0BBF1000F08BFA346A4683C
:10ABF000002CDED15446059DDA46E36BC3F8C0A1B4
:10AC0000D8F80020A36BE16C1A60D4E900230F6030
:10AC100092F8CC200133900763607EF5E4AC2046C7
:10AC200002F050FFFEF7DFBC3846FCF723FE01467A
:10AC30000028AED0DAF83C0001F0F2F90028A8D1E3
:10AC4000012163E7DAF83C30D3F8B4212368D3F864
:10AC5000C0301978136833B11B788B42BAD052F8E0
:10AC6000043F002BF8D1A468002CA2D1BBF1000F47
:10AC7000E6D05446059DDA46BFE758F8040F002891
:10AC80007FF43CAF5446002900F01E8128220221A7
:10AC900050469D4D02F0DEFAFEF7A5BC5346059DD9
:10ACA000A2461C46A9E7D4F8A030AB42C0F0D98038
:10ACB000D05D02F097FD0646002800F0D280236F99
:10ACC0002046D95D02F09EFD002840F0CA80236F27
:10ACD000042E3B440CBF0DF14C080DF13C08587894
:10ACE00002F076FD0146002800F0BB80A36BD86D12
:10ACF000BC30F5F71DFB002800F0B3800023FEF701
:10AD000059BEB3F804C0D4F83CE09CFA9CFCDEF8D1
:10AD1000D8011FFA8CFC84457FF485A90CF1010051
:10AD2000CEF8D801FFF75BBA059D544668E70028C6
:10AD3000FAD0DAF800309C6E002C7FF438AF7FE751
:10AD4000724DF0E500283FF4B0ABFFF7FCBBCE6ED0
:10AD5000002E7FF45AA837463346FFF779B8002310
:10AD600004F1FC0188F80730D4F8EC305B000133C3
:10AD700088F80830D4F8EC305B0088F8093008F126
:10AD80000A03D4F8EC20184607F0BAFAD4F8EC20FD
:10AD9000034604F1F0011344184607F0B1FAD4F861
:10ADA000EC2003461344FEF7F7BE38B10146E06BD2
:10ADB00001F036F9064600287FF436AE544DB2E570
:10ADC000064624230DF13C08FEF7F4BDD3F8942089
:10ADD000002A3FF435AFD3F89C20002A3FF430AF6F
:10ADE000D3F8A020002A3FF42BAFD3F89830002BE3
:10ADF0007FF4CBAE24E783F8E001FFF7A4BA0FA8F5
:10AE000001F0FAF8FFF751BBDCF86830002B7EF454
:10AE1000F7AC404D87E50421204602F029FDB0FA49
:10AE200080F040098100E06B01F012F932E6A3687E
:10AE3000012B0CD00123C4F8E83023684CE600292C
:10AE40007FF44AAE1AB1069A002A3FF445AE282292
:10AE500002212046304D02F0FDF9FEF7C4BB8046CA
:10AE600096E52E4DFEF7BFBBD4F8C8503046D4F857
:10AE7000C0906B1CC4F8C83002F0BCFC09F8050097
:10AE8000D4F8C8504046D4F8C0806B1CC4F8C83011
:10AE900002F092FC08F80500FEF7A7BC204DFEF773
:10AEA000A2BBA368012B02D1069B002BCFD0236845
:10AEB00012E64622022120461A4D02F0CBF9FEF797
:10AEC00092BB194DFEF78FBB2822022120460F4D61
:10AED00002F0C0F9FEF787BB022120460E4D02F0BA
:10AEE000B9F9FEF780BB4622022120460A4D02F046
:10AEF000B1F9FEF778BB5022022120460B4D02F03B
:10AF0000A9F9FEF770BB00BF8096FFFF808CFFFFA2
:10AF10000094FFFF008AFFFF0087FFFF8082FFFF92
:10AF2000008CFFFF8091FFFF8083FFFF0081FFFF08
:10AF300070B50446C06B0D46164600F50270F4F776
:10AF40004BF9E06B3246294600F51870FAF786FA9D
:10AF5000E06B3246294600F52F70FBF737F8E06BBF
:10AF60003246294600F54A70BDE87040FCF7D8B873
:10AF700070B50446C06B0D46164600F50270F4F736
:10AF80002BF9E06B3246294600F51870BDE8704099
:10AF9000FAF764BA30B5AFB005460C4601A8F3F72E
:10AFA000A7FD17A8F9F7F2FAE96B01A801F50271FC
:10AFB000F3F7A8FDE96B17A801F51871F9F7F0FA96
:10AFC000214601A8F4F74CF904F1100117A8FAF78B
:10AFD00089FA01A8F3F790FD17A8F9F7DBFA2FB06B
:10AFE00030BD00BF2DE9F041876BBCB004460D4673
:10AFF0001646002F3CD00FA84FF02408F3F778FD39
:10B0000025A8F9F7C3FAE16B0FA801F50271F3F770
:10B0100079FDE16B25A801F51871F9F7C1FA154B17
:10B02000154A06A90FA8002E08BF1A460592F4F784
:10B0300017F90AA925A8FAF755FA01950C21E36B2F
:10B04000059A07F12C0002913021CDF80080D3F849
:10B050000C4406ABA0470FA8F3F74EFD25A8F9F75F
:10B0600099FA414606A8F6F7D5FF3CB0BDE8F08155
:10B07000476BC0E7A45D0020B45D0020C06B00F505
:10B080002F70FAF7A3BF00BF30B59DB005460C4640
:10B0900001A8FAF775FBE96B01A801F52F71FAF722
:10B0A00079FB214601A8FAF7D5FF01A8FAF76CFB56
:10B0B0001DB030BD2DE9F041876BAAB004460D46A6
:10B0C000164667B30FA84FF02008FAF759FBE16B5B
:10B0D0000FA801F52F71FAF75DFB124B124A07A971
:10B0E0000FA8002E08BF1A460592FAF7B3FF019584
:10B0F0000C21E36B07F12C00059A02913021CDF869
:10B100000080D3F80C4407ABA0470FA8FAF73CFB2C
:10B11000414607A8F6F77EFF2AB0BDE8F081476BED
:10B12000D0E700BFA45D0020B45D0020C06B00F537
:10B130004A70FBF7F5BF00BF30B5B7B005460C4607
:10B140006846FBF7D9F9E96B684601F54A71FBF7E8
:10B15000DDF921466846FCF733F86846FBF7D0F97D
:10B1600037B030BD2DE9F041D0F83880C8B0044682
:10B170000E461746B8F1000F2AD012A83025FBF76B
:10B18000BBF9E16B12A801F54A71FBF7BFF9124B4D
:10B19000124A06A912A8002F08BF1A460592FCF70A
:10B1A0000FF801960C21E36B08F12C00059A02912F
:10B1B00029460095D3F80C4406ABA04712A8FBF72C
:10B1C0009FF9294606A8F6F725FF48B0BDE8F081AB
:10B1D000D0F83480D1E700BFA45D0020B45D00202A
:10B1E00000487047808FFFFF00487047808FFFFF47
:10B1F000C26B0346416CD2F8FC01814231D010B4DD
:10B20000D3F8B04083B05864EC46C2F8FC11206813
:10B210006168ACE80300D2F80002D2F804126A4672
:10B2200020606160DC6B03CAC4F80002C4F8041239
:10B230005A6C72B1596901290BDDD2E90310D3F8B8
:10B24000BC20091A0A44C3F8C02003B05DF8044BBF
:10B250007047D3F8BC20C3F8C02003B05DF8044B9E
:10B26000704770472DE9F04FB7B004468A469B46B9
:10B2700003A80192DDE94285F3F76EFA2046F3F761
:10B280005FFA00287AD00746F3F7ECFA04465846EE
:10B2900007F012F8419B00EB0409064609EB030294
:10B2A000802A69D816AB5946024603EB040B584670
:10B2B00007F026F816ABDDE9401203EB090007F0B2
:10B2C0001FF83946012203A8F3F78EFA074618B192
:10B2D000384637B0BDE8F08F419B5146019A03A82C
:10B2E0001E44F3F7F7FA594603A83246F3F760FB1A
:10B2F00016A903A8F3F770FB002D3AD02644B946EF
:10B300000DF1180A03A8F3F797FB324616A903A814
:10B31000F3F74EFB514603A8F3F75EFB03A8F3F7E0
:10B320008BFB224616A903A8F3F742FB16A903A834
:10B33000F3F752FB4846A1442246A94503D9B5FB81
:10B34000F4F204FB1252514640440AB106F0D8FF11
:10B35000A945D7D303A8F3F705FA16A88021F6F775
:10B3600059FE50464021F6F755FE384637B0BDE845
:10B37000F08F0DF1180AEDE7014FA9E7014FA7E79C
:10B38000008FFFFF0094FFFF10B584B00093069B71
:10B39000079C019313460A460146089802940390BD
:10B3A0000620FFF75FFF04B010BD00BF10B584B0EA
:10B3B0000093069B079C019313460A460146089892
:10B3C000029403900720FFF74DFF04B010BD00BFAB
:10B3D0002DE9F04F2DED028BABB093461E46369F04
:10B3E000CDE9000102A8DDE93745F3F7B5F9584684
:10B3F00006F062FF00EB070A0AF11408B8F1800FAB
:10B4000000F2E4808146024659460FA806F078FF14
:10B410000AAB09F1140031463A46184406F070FFB1
:10B420000320F3F78DF90146002800F0D1800122B6
:10B4300002A8F3F7D9F9074628B138462BB0BDEC7E
:10B44000028BBDE8F08F019B02A8009903F1010B6C
:10B450004FEA5B031A4608EE103AF3F73BFA0FA9DE
:10B46000524602A8F3F7A4FA0BA902A8F3F7B4FA1C
:10B470009DB3BB4605AE0AF1100705F00F0906E0C3
:10B48000002A08BF012206F03BFFAB4525D202A8E7
:10B49000F3F7D2FA3A460BA902A8F3F789FA314634
:10B4A00002A8F3F799FA02A8F3F7C6FA10220BA93B
:10B4B00002A8F3F77DFA0BA902A8F3F78DFA584614
:10B4C0000BF1100B102231462044AB45D8D94A4627
:10B4D000B9F1000FD4D1AB45D9D302A8F3F742F9A3
:10B4E0000420F3F72DF90146002871D0012202A8AB
:10B4F000F3F77AF9074600289FD1019B18EE102A2E
:10B5000002A8991A009B0B441946F3F7E3F90FA917
:10B51000524602A8F3F74CFA0AA902A8F3F75CFA1C
:10B52000002D51D02B4B64423895BA46A3FB053908
:10B5300005AE4FEA191909EB8909A5EB89094D46B2
:10B54000DDF8E09002A80AF1140AF3F775FA424612
:10B550000AA902A8F3F72CFA314602A8F3F73CFA3D
:10B5600002A8F3F769FA14220AA902A8F3F720FA4D
:10B570000AA902A8F3F730FACA4521D84FF0140CF3
:10B58000634231461A7811F8010B424003F8012B4F
:10B59000E2189445F6D8CA45A4F11404D2D302A8FF
:10B5A000F3F7E0F80AA88021F6F734FD30461421BD
:10B5B000F6F730FD38462BB0BDEC028BBDE8F08FBE
:10B5C000002DE8D0AC46DBE705AEE8E7024F34E7F4
:10B5D000024F32E7CDCCCCCC008FFFFF0094FFFFB1
:10B5E00070B5044682B00D4668B1C06D20B105F05B
:10B5F000B9FDE06D06F090FE606E06F08DFE7C21D8
:10B600002046F6F707FD7C222946204606F078FE04
:10B61000EB6D83B14FF49A71012006F085FEE06571
:10B6200018B305F099FDEB6DE06DD3E9012105F04C
:10B6300007FE064688B96E6E66B1AA6E01201146F5
:10B64000019206F071FE606678B1019A0026696E7B
:10B6500006F056FE304602B070BDE06D06F05CFEAE
:10B6600000233046E36502B070BD014EF2E700BF33
:10B670000081FFFF4FF48472002106F05DBE00BF21
:10B6800090F8CC3061F3000380F8CC30704700BFF5
:10B6900090F8CC3061F3410380F8CC30704700BFA4
:10B6A00090F8CC3061F3830380F8CC30704700BF52
:10B6B000C0E90D12704700BFC0E90612704700BF15
:10B6C000C0E90412704700BFC0E90723009B8162F4
:10B6D00043627047C0F8A810704700BF0165C0E919
:10B6E000152342B1084610B41446002223461146E1
:10B6F0005DF8044B18477047C0E914128365704722
:10B70000C0E91712704700BF90F8CD3061F3C30352
:10B7100080F8CD30704700BFC0F8C010704700BF40
:10B72000C0E92B12704700BF8162C0E9082370474F
:10B7300098B191B110B50446806B60B1236893F85D
:10B74000CC30DB0707D4FFF74BFF18B9E36B0122BE
:10B75000C3F8782610BD024810BD0148704700BFED
:10B76000008FFFFFC0E90011C0E90211704700BF60
:10B77000032A03D1032B98BF40F82310704700BF62
:10B7800041667047C0E91B12704700BF70B50446A0
:10B790000E4601200C21154606F0C6FD78B10022A8
:10B7A000A36EC0E90065826033B11A469B68002B26
:10B7B000FBD19060184670BDA066184670BD014B65
:10B7C000F8E700BF0081FFFF002B18BF00292DE91B
:10B7D000F047089E43D0202A154640D89946330C9E
:10B7E0003DD1B6F5205F94BF00270127BFBB0446BB
:10B7F000D0F894008A4648B1D4F89810F6F70AFCBD
:10B80000D4F8940006F088FDC4E92577D4F89C00AC
:10B8100020B106F081FD0023C4E927332946012029
:10B8200006F082FD0746C4F89400D0B131460120ED
:10B8300006F07AFD8046C4F89C0090B151462A4635
:10B840003846C4F89850C4F8A06006F059FD324656
:10B850004946404606F054FD0020BDE8F087084800
:10B86000FBE7384606F058FDD4F89C0006F054FD7E
:10B8700000230448C4F89430C4F89C30EDE700BFBE
:10B88000008FFFFF0081FFFF81B32DE9F041C56B01
:10B8900006464DB3202A144694BF4FF000084FF0DF
:10B8A0000108B8F1000F1FD1D5F8B8010F4658B103
:10B8B000D5F8BC11F6F7AEFBF36BD3F8B80106F080
:10B8C0002BFDF56BC5F8BC812146012006F02CFD4F
:10B8D000C5F8B80160B122463946C5F8BC4106F04A
:10B8E0000FFD0020BDE8F0810248FBE701487047EA
:10B8F0000148F7E7008FFFFF0081FFFFC0E90F124B
:10B90000704700BFF8B50C4600F17C0716460546A7
:10B91000102122463846E9F745F848B988353246BD
:10B9200010212846E9F73EF8044618B92046F8BD2C
:10B93000044688353846E8F7B5F92846E8F7B2F9FD
:10B940002046F8BDF8B500F17C0705461E4638468E
:10B95000E8F7D4FB48B98835069A31462846E8F717
:10B96000CDFB044618B92046F8BD04468835384654
:10B97000E8F798F92846E8F795F92046F8BD00BFA2
:10B98000F8B500F17C0705460E4604313846E8F765
:10B990000BFA48B9883506F110012846E8F704FA91
:10B9A000044618B92046F8BD044688353846E8F7FD
:10B9B00079F92846E8F776F92046F8BDC0F8C410B2
:10B9C000704700BF8167704741677047F8B504460C
:10B9D00021B308460D4606F06FFCFF28064630D816
:10B9E000D4F8D87057B1384606F066FC01463846A0
:10B9F000F6F710FBD4F8D80006F08EFC711C01207D
:10BA000006F092FC0746C4F8D800E0B13246294659
:10BA100006F076FC00231846BB55F8BDD0F8D85088
:10BA200055B1284606F048FC01462846F6F7F2FADA
:10BA3000D4F8D80006F070FC00231846C4F8D830BB
:10BA4000F8BD0248F8BD0248F8BD00BF008FFFFFF7
:10BA50000081FFFF0346012070B50D460C211446FE
:10BA6000DE6B06F061FC88B100238360D6F8C83134
:10BA7000C0E9005433B11A469B68002BFBD190609B
:10BA8000184670BDC6F8C801184670BD004BF7E7F0
:10BA90000081FFFFC36BC3E973127047C36BC3F828
:10BAA000C4117047C0E90B12704700BF2DE9F04187
:10BAB000804608680F4690B10D4600244FF6FF7689
:10BAC00004E0B44208D855F8040F40B106F0F4FB86
:10BAD000431E0444FE2BF4D90348BDE8F081002046
:10BAE000C8F8A470BDE8F081008FFFFFD0F8DC003B
:10BAF000704700BF80F8C81080F8C920704700BFA9
:10BB000080F8CA1080F8CB20704700BF90F8CE3084
:10BB100061F3000380F8CE30704700BF90F8CD305D
:10BB200061F3410380F8CD30704700BF90F8CD300D
:10BB300061F3820380F8CD30704700BF90F8CE30BB
:10BB400061F3410380F8CE30704700BF04290346FB
:10BB500010D84A1E032A07D9B3F8CC20002061F37D
:10BB60008812A3F8CC207047034850F82220B2F581
:10BB7000205FF1D901487047781E0020008FFFFF39
:10BB800090F8CD3061F3861380F8CD30704700BF58
:10BB900090F8CD3061F3041380F8CD30704700BFCA
:10BBA00090F8CD3061F3C71380F8CD30704700BFF7
:10BBB00090F8CD3061F3451380F8CD30704700BF69
:10BBC00090F8CC3061F3051380F8CC30704700BF9B
:10BBD000C0F8B410704700BF0A684B68C0F8B820BE
:10BBE000C0F8BC30704700BFD0F8A830012B11D08E
:10BBF000036893F8CC309B0705D5D0F88020D0F8A7
:10BC000088309A420BD8D0F8A0302BB9436F003B54
:10BC100018BF012318467047C26F9342F6D2012322
:10BC200018467047436F0BB1C06F70471846704796
:10BC3000436B0BB1186E7047836B002BFAD14FF03A
:10BC4000FF30704720B1436B13B11868FBF736BE65
:10BC500000207047036893F8CC3013F0020F43695B
:10BC600007D0022B0DD0084A0848032B08BF104606
:10BC70007047032B03D8064A52F823007047054843
:10BC800070470548704700BFD05D0020DC5D002094
:10BC90001C1E0020944A0020C45D0020436CC3B1E8
:10BCA000196DA1B14A78022A0DD0063A022A0ED89F
:10BCB0009B68026892F8CC2012F0020F0CBF05229C
:10BCC0000D22981870475B694A691344F1E70548EB
:10BCD0007047036893F8CC3013F0020F0CBF0520B7
:10BCE0000D2070470094FFFF0368B3F8CC30C3F316
:10BCF0008213013B032B11D80B4A52F82330026BFD
:10BD000052B192F87020013A032A0AD8064951F834
:10BD10002220934228BF1346184670474FF4205301
:10BD2000EDE74FF42052F4E7781E002010B1406B8D
:10BD300000B1C06D704700BF0346084643B139B13A
:10BD4000596B29B11B6893F8CC30DB0700D447E46A
:10BD500000487047008FFFFF08B3036810B5044622
:10BD6000DBB16368102B16D02368B3B193F8CC30E5
:10BD7000DA0705D52046FDF705FC0028F1D010BDF7
:10BD80002046FBF733FE236893F8CC30DB07F1D471
:10BD90000028E6D0F3E7002010BD024810BD01489E
:10BDA000704700BF008FFFFFB0B1036810B50446B5
:10BDB00083B193F8CC30DA0704D52046BDE81040B3
:10BDC000FDF7E0BBFBF712FE236893F8CC30DB07EE
:10BDD000F3D410BD014810BD00487047008FFFFF2D
:10BDE000D022002106F0A8BA2DE9F0430D461646F0
:10BDF0001F4601F0010102F0010390F8CC20C3B00E
:10BE0000044622F0030241EA4301114380F8CC10BA
:10BE1000002D43D14FF0FF334F4AD0F8CC10C0F87B
:10BE2000BA30A0F8BE3042644C4B4D4A83640A409D
:10BE30004C4BA0F8B85013434FF47A72C0F8CC3092
:10BE40001023C0F8AC204EF66022C0E92C23022F4C
:10BE500063D0012E40F203314FF003024FF000088F
:10BE60000CBF02230123A4F8C81084F8CA2084F868
:10BE7000CB30FBF793FC3C4B3C4A63676266C4E9FA
:10BE80000200C4E90000EFF7C9F94FF48063A0672E
:10BE9000C4F8C430404643B0BDE8F0832E4B012DBA
:10BEA000D0F8CC2043642D4B8364314B43EA02032A
:10BEB0004FF47A72C0F8CC304EF66023C0E92B23E1
:10BEC0004FF01003C0F8B4304FF00003A0F8B830C2
:10BED0004FF0FF33C0F8BA30A0F8BE30B7D14FF4FE
:10BEE0008072244900F17C0902A806F009FA0223B5
:10BEF00002A94FF4807248468DF80430E8F7FEF846
:10BF00008046F8B92A4604F1880501A92846E8F7D1
:10BF1000F5F8804600289AD016E0174B4FF0033012
:10BF20004FF000081549164AC4F8C800404661663B
:10BF3000C4E90233C4E90033124BC4E91D2343B002
:10BF4000BDE8F08304F188054846E7F7ABFE2846D4
:10BF5000E7F7A8FE9EE700BFE1B10160E9B101602B
:10BF6000F361FDFF089E02004477002038ED026077
:10BF7000001E0200101D00205C77002048ED0260CA
:10BF80006C7700206877002038B505467C30E7F7ED
:10BF900089FE05F18800E7F785FED5F8940050B1D9
:10BFA000D5F89810F6F736F8D5F8940006F0B4F9FD
:10BFB0000023C5E92533D5F89C0050B1D5F8A01071
:10BFC000F6F728F8D5F89C0006F0A6F90023C5E995
:10BFD0002733AC6E2CB12046A46806F09DF9002CE6
:10BFE000F9D12846D021BDE83840F6F713B800BF94
:10BFF0007C22002106F0A0B988B110B50446C06DBE
:10C0000020B105F0AFF8E06D06F086F9606E06F03D
:10C0100083F920467C21BDE81040F5F7FBBF70474F
:10C02000012905D0042901D14078704700207047CC
:10C0300000787047012906D0042903D1437803B959
:10C040004270704770470378002BFAD10270704736
:10C0500001704170704700BFB0B110B50446503058
:10C06000EBF7B0FE04F19000EBF7ACFE04F1380002
:10C07000F2F778FB04F14400F2F774FB2046D0217C
:10C08000BDE81040F5F7C6BF704700BF70B5C66B7E
:10C09000002E4AD006F50270F2F72EFD06F5187054
:10C0A000F8F778FA06F52F70F9F76EFB06F54A7087
:10C0B000FAF726FA301DEDF7BBFD06F18000EDF72B
:10C0C000E1FED6F8B40106F027F9D6F8B80138B188
:10C0D000D6F8BC11F5F79EFFD6F8B80106F01CF9AA
:10C0E000D6F8C8412CB12046A46806F015F9002CFA
:10C0F000F9D1D6F8DC0106F00FF9D6F8E40106F024
:10C100000BF9D6F8F0414CB12546E468286806F0F2
:10C1100003F9284606F000F9002CF5D130464FF41B
:10C12000D261BDE87040F5F775BF70BDF0B5C56C64
:10C1300083B004469DB105F15000EBF743FE05F1D5
:10C140009000EBF73FFE05F13800F2F70BFB05F12D
:10C150004400F2F707FBD0212846F5F75BFFA56BFB
:10C160006DB1E86D20B104F0FDFFE86D06F0D4F884
:10C17000686E06F0D1F87C212846F5F74BFFE36B9B
:10C1800013B12046FFF782FFE36C002B7CD0A36B3A
:10C19000002B00F08280E36B002B00F08780E26CC4
:10C1A000002A00F08D80A06B002800F089807C229E
:10C1B000002106F0C1F8E56CD0220021284606F0E7
:10C1C000BBF805F15000EBF7F9FD05F19000EBF736
:10C1D000F5FD05F13800F2F7BFFA05F14400F2F77A
:10C1E000BBFAE56B4FF4D262002105F5027605F546
:10C1F0001877284606F0A0F83046F2F779FC384662
:10C20000F8F7C4F9304605F52F76F2F781FC384689
:10C21000F8F7CCF93046F9F7B3FA0021304600269A
:10C22000F9F7BEFA05F54A700190FAF765F90121B0
:10C230000198FAF771F92A4B281D2E70C5F80034C1
:10C240006E70EDF79BFA05F18000EDF715FE23689F
:10C25000032293F8CC30C5F8C4219A0711D55B00AE
:10C26000E26B616C03F00203C2F8FC1182F8EC315E
:10C27000636D33B1206D324631469847304603B086
:10C28000F0BD002003B0F0BDD021012006F04CF835
:10C29000A36BE064002B7FF47EAF7C21012006F0CD
:10C2A00043F8E36BA063002B7FF479AF4FF4D261C6
:10C2B000012006F039F80346E06300287FF46FAFF1
:10C2C000184606F029F8E06C06F026F8A06B06F098
:10C2D00023F800230348E363E364A363D2E700BFCA
:10C2E00031AF01600081FFFFF8B504460F46012021
:10C2F00042F64D11276006F017F8E065002842D09D
:10C30000064642F64D11012006F00EF80546C4F827
:10C31000AC0090B397F8CC3013F0020F00F10D038E
:10C3200019D100F108020B3506F10801C4F8C0303C
:10C33000C4F8B42006F10B02C4F8B000C4E92E53CF
:10C3400006F10D03C4E9186120462367C4E91A23E6
:10C35000BDE8F840EAE6C21C0B35F11CC4F8C03059
:10C36000C4F8B02006F10B02C4F8B400C4E92E539F
:10C37000C4E9181606F10D03E6E7304605F0CCFFD8
:10C380000248E565F8BD0148F8BD00BF0081FFFF28
:10C390000022436D70B504460D46426013B111464C
:10C3A000006D9847E26D00230D32C4F8EC30C4F8FC
:10C3B000F030C4F8F430C4F8F830C4F8FC30C4F8F5
:10C3C0000031C4F80431C4F8E830C4E90233C4E9E8
:10C3D0001C23C4E91E330DB9C4F88050002000218D
:10C3E0000023C4E92401C4E92601D4F8AC00C4F850
:10C3F000883000F10D02A4F88430C4F8A830C4F8E5
:10C40000C02094F9D020C4F8CC30C4E92833C4E962
:10C4100031330AB184F8D030002142F64D12C4E91C
:10C42000101105F089FF002D37D0A66CC6B106F1BA
:10C430005000EBF7C7FC06F19000EBF7C3FC06F1E8
:10C440003800F2F78FF906F14400F2F78BF9D021AA
:10C450003046F5F7DFFDA06C05F05EFF0023A36416
:10C46000666B96B1F06D20B104F07CFEF06D05F0C6
:10C4700053FF706E05F050FF7C213046F5F7CAFD82
:10C48000606B05F049FF002363630023C4F8DC30D0
:10C4900055B12046BDE8704048E642F64D122946A7
:10C4A000E06D05F049FFC0E7D4F8E00005F034FF87
:10C4B0002046C4E93855BDE8704037E6002167E7FB
:10C4C00010B50446FFF732FE80B9236893F8CC30EC
:10C4D0009A0702D5A268032A09D000220123204628
:10C4E000C4E90123BDE81040FFF736BC10BD13F0CE
:10C4F000010F4FF00102E36B14BFC3F8D421C3F85E
:10C50000D821EAE7002800F08F8038B50446D0F83B
:10C51000AC0038B142F64D11F5F77CFDD4F8AC0013
:10C5200005F0FAFEE06D30B142F64D11F5F772FDFF
:10C53000E06D05F0F1FEA56CB5B105F15000EBF72B
:10C5400041FC05F19000EBF73DFC05F13800F2F7F6
:10C5500009F905F14400F2F705F92846D021F5F76D
:10C5600059FDA06C05F0D8FEE36B8BB32046FFF7B6
:10C570008DFDE56C9DB105F15000EBF723FC05F155
:10C580009000EBF71FFC05F13800F2F7EBF805F12E
:10C590004400F2F7E7F8D0212846F5F73BFDA56BFC
:10C5A0006DB1E86D20B104F0DDFDE86D05F0B4FE7D
:10C5B000686E05F0B1FE7C212846F5F72BFDE06B97
:10C5C00005F0AAFEE06C05F0A7FEA06B05F0A4FE46
:10C5D000656B85B1E86D20B104F0C4FDE86D05F030
:10C5E0009BFE686E05F098FE28467C21F5F712FD4B
:10C5F000606B05F091FED4F8D85055B1284605F08F
:10C600005BFE01462846F5F705FDD4F8D80005F095
:10C6100083FED4F8E00005F07FFE20464FF48471DD
:10C62000BDE83840F5F7F6BC704700BF8368C26BC1
:10C63000012B70B50446D2F8786603D1022200239C
:10C64000C0E90223656B9DB1AA6FA36BE86D9A6781
:10C6500020B104F087FDE86D05F05EFE686E05F020
:10C660005BFE28467C21F5F7D5FC606B05F054FE97
:10C6700000222368A16BC4E90D125A6A1AB18868B6
:10C6800008B1002E3AD093F8CC309B070DD5E36B60
:10C69000D3F8F0314BB1636D63B30022206D1146C6
:10C6A000984763680133636070BD2046FFF7EEFC76
:10C6B000E06B05F031FE0023A56CE363B5B105F135
:10C6C0005000EBF77FFB05F19000EBF77BFB05F1EA
:10C6D0003800F2F747F805F14400F2F743F828462E
:10C6E000D021F5F797FCA06C05F016FEE26C002354
:10C6F000C4E9122363680133636070BD986A904790
:10C700002368C0E710B50446C06B00F50270F2F76D
:10C71000FFF9E06B00F51870F7F748FFE06B0021B8
:10C7200000F52F70F9F73CF8E06B012100F54A7035
:10C73000BDE81040F9F7F0BE2DE9F04F836BD9B09A
:10C74000C76C054604933B68C46B187AEBF708FB8B
:10C75000002800F0FA813B688046587AF1F7F0FF34
:10C760000690002800F0F1816B69022B29DCDFF8CC
:10C77000E8A2B44AB44BC4F80834D4F87836C4F804
:10C780000424C4F80CA423BBEB6BD3F88C26012A39
:10C7900000F06481049B04F25449D4F8101404F2AC
:10C7A00014462C33A94A484605930193302302933B
:10C7B000402300933346D047034630B90DF1600A59
:10C7C0006EE1032B00F09381A14B184659B0BDE8F0
:10C7D000F08F049B04F214460DF1600A04F25449F0
:10C7E0002C330593B4460DF1200BDCF800000CF15E
:10C7F000100C5CF80C1CDE465CF8082C0BF1100BDE
:10C800005CF8043CCC45AEE80F00EED10DF1400ED3
:10C810000DF1200C4FF04009BEE80F003060716050
:10C82000B260F360BEE80F0030617161B261F36124
:10C83000BCE80F00C4F83404C4F83814C4F83C242D
:10C84000C4F84034BCE80F00C4F8440408A8C4F895
:10C8500048144946C4F84C24C4F85034F5F7DAFBC0
:10C860004FF480737B4A3021029333460598CDE91B
:10C87000009AD4F80C44A04703460028A5D14946A5
:10C880003046F5F7C7FBD8F80440E4087C6098F818
:10C89000013003F0FD02082A54D0062B52D0069C2A
:10C8A000012207F138002146F1F79EFF03460028D8
:10C8B0008BD10122214607F14400F1F795FF034691
:10C8C000002882D12046F1F7CDFF049B81465B6FA3
:10C8D000012B14BF02460A227A61D8F80C60FE6070
:10C8E00098F80130072B00F04281049B9B6F012BCD
:10C8F000D8F8143000F03D81B2FBF3F203FB0233B1
:10C900006A69BB60012A05D9023A012A3FF65CAF89
:10C910003344BB602B680AEB000293F8CC3013F071
:10C92000010F03B240F002817C680AEB430B0792CF
:10C930003A69002A18BF164604EB43020AEB0203C9
:10C940000493C2E00A2B4FF00C034FF000010CBF20
:10C950000C260426FB6008BF08463B6818BF082069
:10C9600079613E611B7F13F0020F2B6818BF08220C
:10C9700093F8CC3008BF102213F001030244BA60D0
:10C9800000F09C8089460AEB040BCDF810A0CDF88E
:10C9900018A032460BEB040107F1280005F0B0FCAB
:10C9A000A119324607F118005944CDF81CA005F032
:10C9B000A7FC6B69002B7FF707AFB9F1000F40F0C0
:10C9C000A8802B68DC6D3CB1186E4B4601967A68E6
:10C9D000059900925246A04707F15004414620466F
:10C9E000EBF700FA034600287FF4EFAE903741469C
:10C9F0003846EBF7F7F9034600287FF4E6AE01234B
:10CA00005946D8F804202046EBF718FA03460028C8
:10CA10007FF4DBAE04993846D8F80420EBF70EFA21
:10CA2000034600287FF4D1AE98F80120022A00F0D6
:10CA30008E804FF4807150460493F5F7EBFA049B17
:10CA4000C3E600BF95AF0160E5AF0160045E002062
:10CA50000094FFFF145E0020D1B301600DF1600A65
:10CA6000D3F804342846514698476B69032B1DD0F0
:10CA70002423D4F8101404F254490093049B48462C
:10CA80003D4A2C3301930593302302935346D4F847
:10CA90000C64B047034600287FF497AE04F21446B6
:10CAA0004FF409714846F5F7B5FA9BE6EB6C1B6845
:10CAB0005B7A072B0CBF30232023DAE79946D34655
:10CAC0000AEB0403CDF81CA00493049B324607F143
:10CAD0001800191905F014FC049B3119324607F1AE
:10CAE0002800194405F00CFCCDF818A061E73B685C
:10CAF000224A5B7A2249072B224B08BF9A46224BD7
:10CB000018BF9246214A08BF1A46214B08BF0B4660
:10CB100031E606994A4607F13800F1F7DBFE4A464E
:10CB2000079907F14400F1F7D5FE4AE77C680692C1
:10CB30000AEB43023E6904EB430304920AEB030B46
:10CB4000002E7FF426AFFE6823E7124B3DE60490EB
:10CB500004212046EBF79AF938B904213846EBF75F
:10CB600095F9049B00283FF464AF03462DE6BA60B4
:10CB7000D0E61344C4E600BFEC5D002089B3016039
:10CB800065B10160ADB3016039B1016089B0016088
:10CB9000B5B00160008FFFFF4368102B10B504464D
:10CBA00007D0C36B8BB1D3F80034D0F8A020016F4D
:10CBB0009847236893F8CC309B0706D5E36B23B1E5
:10CBC000D3F8D8210132C3F8D82110BD38B5C569D2
:10CBD000002D47D0D0F8CC20044652B93CE0D4F820
:10CBE000CC208242A2EB000238D3C4F8CC20B2B1F0
:10CBF000E5692068D4F8C83090F8CCC09B1AD4F806
:10CC0000B4101CF0020FA06A0CBF4FF0050C4FF0DF
:10CC10000D0C63441944A8470028E0DC38BD082205
:10CC2000154607E02368154693F8CC3003F002035D
:10CC30009A420FD9691ED4F8B000013A435CD2B2CF
:10CC40000133DBB24354002BECD0236893F8CC3093
:10CC500003F002039D4203D0002038BD024838BDD6
:10CC6000024838BD024838BD0094FFFF8094FFFFA2
:10CC7000008FFFFF036893F8CC309B072DE9F04F3E
:10CC8000044699B0D0F8C85018D5C76B002F00F0F3
:10CC9000C28097F8EC31D0F8C460012B02D0162E78
:10CCA00000F0BE8097F8EC31012B04D026F002038F
:10CCB000142B00F01F82F3B2E8B206E0D0F8C430C3
:10CCC000162B00F0AD80DBB2E8B2D4F8B4201370BC
:10CCD000216891F8CC60D4F8B410B607D4E90432D6
:10CCE00000F11481DBB2D2B24B702D0A8A70D4F8F5
:10CCF000B8301D70D4F8B8305870656C002D00F055
:10CD0000F280226B002A00F082802B6D002B00F055
:10CD10002B82D4F8C8105F78B1F5205F0E4600F280
:10CD20002982072F00F0FB80022F00F0808107F09E
:10CD3000FD03082B01D0062F69D14FF000090DF13A
:10CD400030082B68C246D4F8B0701B7F386813F0E7
:10CD5000020F7968D4F8C4202368D5E903CEAAE885
:10CD600003008DF8382018BF4FF0080A93F8CC1054
:10CD700008BF4FF0100A8807D4E9043200F1E681B9
:10CD8000DBB2D2B28DF83930330A8DF83A208DF803
:10CD90003C608DF83B30EB680C2B38D1BEF1040FB2
:10CDA00000F0FF81BEF10C0F31D10DF1240BE969C8
:10CDB0002A6AA8695B4607C37A1E0DF12701073767
:10CDC00012F8010F11F8013FBA4283EA00030B7019
:10CDD000F6D10C22ACEB0E0C434659460CEB060088
:10CDE000C4F8C80005F15000CDF818A00296D4F898
:10CDF000C050039501953544059508AD04950D2562
:10CE00000095EBF7D9FA18B9089BB3425CD0B84843
:10CE100019B0BDE8F08FD0F8C460162E7FF44BAF88
:10CE2000D4F8C0301E78002E00F0BD80E26B002ADE
:10CE3000EDD02A1F110C5970110AD4F8C030997026
:10CE4000D4F8C030DA70236893F8CC30990732D523
:10CE5000D4F8C830C3F52053072B40F28B81D4F8A7
:10CE6000C0000835011D0C3005F03EFAE36BD4F824
:10CE7000C820D3F8D431D4F8C01008321B0AC4F843
:10CE8000C8200B71E26BD4F8C030D2F8D4215A71AB
:10CE9000E16BD4F8C020D1F8D4310133C1F8D431DA
:10CEA0000023D3801372D4F8C030B3F80110DA78BD
:10CEB000A3F80910DA72E36B2A46D4F8C0102046B2
:10CEC000D3F800349847A5E0D4F8C8305344C4F8E8
:10CED000C830B9F1000F9AD1D4F8B820190A1170EE
:10CEE000D4F8B820537022682046D4F8C83092F89D
:10CEF000CC2012F0020F0CBF05220D221344C4F8FF
:10CF0000CC3019B0BDE8F04FFFF760BE022A00F048
:10CF100025815242D2B2C3F10103DBB2E4E6636978
:10CF2000002B7FF774AF0822D4F8B01005F1380059
:10CF30000DF13008F1F73CFD606C0322D4F8B41019
:10CF40003830F1F735FD606C0222D4F8B810383073
:10CF5000F1F72EFD606CD4F8C820D4F8C01038303A
:10CF6000F1F726FD606C41463830F1F735FD606C15
:10CF70003830F1F761FDD4F8C830D4F8C00041462C
:10CF80001844636C5A6905F0BBF9656CD4F8C86045
:10CF9000062F696931440E46C4F8C81040F0A280DB
:10CFA0004FF00109CDE62A1FE8B2110C5970110AA1
:10CFB000D4F8C0309970011FD4F8C030D9702368FC
:10CFC00093F8CC309B0740F1D780D4F8C830C3F534
:10CFD0002053072B40F2CE80D4F8C0000835011D45
:10CFE0000C3005F081F9D4F8C830D4F8C0200833EB
:10CFF000C4F8C8301671D4F8C0305E71D4F8C030AF
:10D00000DE801E72D4F8C030B3F80110DA78A3F8CD
:10D010000910DA72236893F8CC309F0740F1A080A2
:10D02000E76BD4F8C460002F7FF43CAE43E6936F07
:10D03000002B3FF474AF00260023481C0993EA68D4
:10D04000B0FBF2F502FB1500101A824200F0978047
:10D05000C5B201E0D4F8C810D4F8C0200A44D554B1
:10D0600001339842F6D2D4F8C82061690132D4F86D
:10D07000C030012902EB0005C4F8C85040F38C8091
:10D08000616C2368CA681831D3E90650A8470028A4
:10D090007FF4BEAE616CD4F8BC00CA68183105F0EC
:10D0A0002FF9606CD4F8C850C268D4F8C030A91801
:10D0B000C4F8C81009A9CDE90053029100F1180184
:10D0C0005030EBF74FF900287FF4A2AE099B9D4248
:10D0D0007FF49DAE6369012B56DD002E77D0D4F826
:10D0E000C830F9E6022F7FF492AE0126A4E700BF14
:10D0F0000094FFFF1021012005F016F9804600285A
:10D1000000F0A280D4F8C8900120494605F00CF93F
:10D11000C8F80000002800F092804A46D4F8C010F9
:10D1200005F0EEF80022F3B2C8F80490C8F80C201D
:10D1300088F80830D7F8F021002A44D01146D26888
:10D14000002AFBD1E8B2C1F80C80BEE5022A26D045
:10D150005242D2B2C3F10103DBB213E6FF22DAE698
:10D1600094F8C430E8B2B0E5D4F8C830B3F5205F25
:10D170007FF64DAE35484BE694F8C430A5E5D4F8BB
:10D18000C020184653546EE7606CC26800F1780105
:10D19000183005F0B5F8A0E7606CC2688AE7FF2296
:10D1A000D8E7AB690DF1240B09930AAB79683868AD
:10D1B00003C3D4F8BC307A6839685A601960D4F86F
:10D1C000C860EA6806E6E8B2C7F8F0817DE5D4F801
:10D1D000B030186859680CAB03C3D4F8B4300CA94C
:10D1E00018889A78D4F8C830ADF838008DF83A200D
:10D1F0001A0A606C8DF83B200D2238308DF83C30D7
:10D20000F1F7D6FB606CD4F8C820D4F8BC103830E5
:10D21000F1F7CEFBD4F8C830D4F8BC10606C1944D8
:10D220003830F1F7D9FB606C3830F1F705FC636CEE
:10D23000D4F8C8205B691344C4F8C8304CE64046B3
:10D2400005F06AF80248E3E50148E1E5008FFFFFD9
:10D250000081FFFFA8B110B4046874B102244FF03C
:10D26000150CC0E931C4D0F8C0402170D0F8C030EE
:10D270005A705DF8044BFFF7FDBC03485DF8044BA2
:10D2800070470148704700BF008FFFFF0368D3F865
:10D29000B420002A10DAD3E92B32B2FBF3F20132C8
:10D2A0004FF0010303D001335208DBB2FBD1C26857
:10D2B00001329A42C2600CDC1621D0F8C030002244
:10D2C00010B40424C0E931141A705DF8044BFFF760
:10D2D000D1BC0020704700BF88B102687AB1152127
:10D2E000022210B4D0F8C040C0E9311222702821C7
:10D2F000D0F8C03059705DF8044BFFF7BBBC014853
:10D30000704700BF008FFFFF28B302681AB392F87E
:10D31000CC20D20709D54268102A1CD10321D0F8AD
:10D32000CC2081604AB1FFF751BC8268012A10D03D
:10D330004368102B0FD1FFF7C3B810B41621042493
:10D34000D0F8C030C0E931141A705DF8044BFFF713
:10D3500091BCFEF701BD0148704700BF008FFFFF81
:10D360004368102B01D0002070478368032B70B5F1
:10D37000044682B024D0016891F8CD309B061FD5B9
:10D3800091F8CC50B831006E05F002052944C5F182
:10D3900008022844CDE9001204F07EFF0646D4F8C6
:10D3A000B000DDE90012284404F076FF002E01DC15
:10D3B000002805DD204602B0BDE87040FFF7A4BF9D
:10D3C000002002B070BD00BF70B50446006815466D
:10D3D000B0F8CC30C3F38213013B032B1FD81B4A98
:10D3E00052F82330226B52B192F87020013A032A8E
:10D3F00027D8164E56F82220934228BF13469D4246
:10D4000004D990F8CC2092071ED41D46D4F8CC3015
:10D4100043B12046FFF7DAFB00B9284670BD4FF450
:10D420002053DFE717232A46D4F8C000C4E931357A
:10D4300004F066FF2046FFF71DFC0028EED12846C9
:10D44000ECE74FF42052D7E7014870BD781E00206A
:10D45000008FFFFF002841D0036870B50446002B01
:10D460003AD00E461546FFF77BFF70BB6368102B62
:10D4700003D02046FEF770FC38BB236893F8CD300C
:10D48000DB0623D5012D21D96369012B1EDC636CDA
:10D490001B6DDBB15B78022B18D194F9D0304BB9FE
:10D4A000012231462046FFF78FFF00280DDD0123C2
:10D4B00084F8D0306A1E711C2046FFF785FF0028D3
:10D4C00003DD0023013084F8D03070BD2A46314698
:10D4D0002046BDE8704077E7014870BD00487047BE
:10D4E000008FFFFFF0B10268E2B1D0F8CC2022B982
:10D4F0004168102903D010467047FFF767BB10B48E
:10D500004FF0150C0224D0F8C010C0E931C44FF020
:10D51000010C81F800C0D0F8C0305A705DF8044B9F
:10D52000FFF7A8BB00487047008FFFFFC36C1B6864
:10D530002DE9F0419B7A05460B2B0BD86FF4166250
:10D5400042FA03F3DA0705D46B68002001336B60FD
:10D55000BDE8F0812A6892F8CC30DB0725D4D5F8F5
:10D56000D430002BF0D0EB6B13B1D3F8C06126BBE5
:10D57000966E16BB072331463046D5F8C020107191
:10D580001620D5F8C02051710B21D5F8C020967116
:10D59000D5F8C020C5E93103117028466B68013306
:10D5A0006B60BDE8F041FFF765BBEB6B8BB3D3F865
:10D5B000C06176B33368002B39D036680723002E5C
:10D5C00037D042F2FD7716E0D5F8C01001F803C05D
:10D5D000D5F8C01019444870D5F8C01019448C70A3
:10D5E000D5F8C000B168404404F08AFED6F8306136
:10D5F00004EB0803A6B17468F91A03F10308A14209
:10D600004FEA144C4FEA14202246DDD20A48BDE806
:10D61000F081966E5EB1316849B1002BA5D1CCE79F
:10D62000DE1FC6F30740C6F30721F6B2A5E703489D
:10D630008EE731463046A0E7008BFFFF808AFFFF70
:10D6400010B401221424D0F8C010C0E931420A708D
:10D6500042685DF8044B01324260FFF70BBB00BF2C
:10D660004369022B04DCC36B064AC3F800247047ED
:10D670004B7A072BC36B0CBF034A044AC3F8002440
:10D68000704700BF71AF01602DB101607DB00160D6
:10D690002DE9F043C56B85B003680646D5F8B8811F
:10D6A00005F5CF67D3E92524B8F1000F58D0D5F898
:10D6B000BC41052943D0072938D0062952D0082972
:10D6C00062D1DA6905F2564903A905F18000019299
:10D6D0004A469B69009340F22223ECF7AFFC10BB53
:10D6E000039B09EB030285F855341B0A85F8543473
:10D6F000BB1A012B46DD1346210A03F8021B9F4289
:10D7000054703FD3FF1AA7423CD3224641461846E5
:10D7100004F0F6FDF26B0346002002F2544123446C
:10D720005B1AC2F8103405B0BDE8F083002305F29F
:10D73000864285F85434302385F85534D8E7220AD8
:10D7400005F2564385F8554485F85424FA1AA24246
:10D7500018D322460021184604F0EEFD0219C7E74F
:10D760009046A6E7DA6905F25649281D0192494616
:10D770009B6940F22222009303ABECF75FF900288B
:10D78000AED0D0E70148CEE70148CCE7008FFFFFDD
:10D790000094FFFF10B501210446F2F7C9FD08B15E
:10D7A000012010BD04212046F2F7C2FD00280CBF65
:10D7B0000020032010BD00BF022807D0042805D098
:10D7C000A0F10100B0FA80F04009704703207047D3
:10D7D000012805D0A0F10300B0FA80F040098000D4
:10D7E000704700BF431E052B02D80230C0B27047FD
:10D7F00000207047C31E052B02D80238C0B2704704
:10D80000002070474369032B05D1042905D0052961
:10D810000FD0022907D00A487047C36B0020094A7D
:10D82000C3F804247047C36B0020074AC3F80424DC
:10D830007047C36B0020054AC3F80424704700BF3B
:10D84000009AFFFF89B0016095AF016039B10160B6
:10D8500003689A6F4AB113781BB906E012F8013FCA
:10D860001BB19942FAD1002070474FF0FF3070474A
:10D8700003685A6F4AB113681BB906E052F8043FB7
:10D880001BB18B42FAD1002070474FF0FF30704738
:10D89000012A70B504461E4614D0802103F0D8F941
:10D8A000054638B91B490822204603F0EDF950BB64
:10D8B000284670BD33684FF0FF35164943F40063C6
:10D8C0003360F0E78B7A013B092B12D8DFE803F0D5
:10D8D0000D05050511110D110F0F8021204603F0D4
:10D8E000B7F940B900250C49DDE72021F6E708210A
:10D8F000F4E70021F2E733684FF0FF35064943F4BF
:10D9000000633360CFE733684FF0FF3543F4805353
:10D910003360CDE73C3E002024390020012A04D0AA
:10D92000C0B2C9B2187059707047022907D0494275
:10D93000C9B2C0F101005970C0B218707047FF2120
:10D94000F7E700BF012A04D01A7802605B780B6009
:10D95000704793F800C040F20112A2EB0C02026083
:10D960005B78FF2BC3F5807201D00A6070470223F9
:10D970000B607047026838B5D2F8AC200446C36B20
:10D98000456DC3F8E8211DB19108006DA847E36B10
:10D99000A26F162A03D0022283F8EC2138BD226F31
:10D9A0001278142A14BF0222032283F8EC2138BD16
:10D9B0004369012B70B5044677DDC16CD0F8BC30EB
:10D9C000D1E90321521A13442268191DE06B92F821
:10D9D000CC20C4F8C03002F00102D0F80834204650
:10D9E00098476369D4F8C05004F1F000002B05F1AA
:10D9F00004010BBF24220C2228261026C4F8EC2098
:10DA000004F07EFC16221423C4E931262B70E26B4D
:10DA1000D2F87836002B41D0236893F8CC30D90760
:10DA200025D50A21616013F0020325D0D4F8B03067
:10DA3000616CC2F8FC11186859680023C2F8000232
:10DA4000C2F80412D4F8B020C2F80230D380D4F85F
:10DA5000B02053780133DBB253708BB9D4F8B020C7
:10DA600013780133DBB2137053B9154870BD0F2121
:10DA700013F002036160D9D1D4F8B0201360536071
:10DA80002368E16C93F8CC30A26B9B07616422633E
:10DA90000ED42046BDE87040FFF7ECB8D4E900038F
:10DAA000591C90F8CC306160BDE7D0F8BC308BE7F2
:10DAB0002046FFF75FFF2046BDE87040FFF7DAB869
:10DAC0008094FFFFC36B70B5D3F8F041064654B1A4
:10DAD0002546E468286804F01FFC284604F01CFC76
:10DAE000002CF5D1F36B746D0022D3F8D811C3E983
:10DAF0007C22C3F8F8111CB11146306DA047F36BBE
:10DB0000B26F162A03D0002283F8EC2170BD326F69
:10DB10001278142A14BF0022032283F8EC2170BD6E
:10DB2000C36B70B593F8EC210546012A2CD0D3F8CD
:10DB3000F021C3F8F421FDF75BFBEB6B0122D3F876
:10DB4000F44183F8EC211CBB6A68102A2AD1032215
:10DB5000204683F8EC2170BD0B78142B1DD0626831
:10DB6000D5F8C00004F0CCFB6168E2682846C5F82F
:10DB7000C810EB6B217AC5F8C410C3F8F421FFF785
:10DB800079F80028E7D1EB6BD3F8F441002CDBD017
:10DB9000237A2168162BE2D1DEE72846FDF728FB21
:10DBA0002168DCE7022283F8EC216E6D36B1D3F8F0
:10DBB000E821286D9108B047204670BD304670BD01
:10DBC0002DE9F84F0368C16F93F8CC3013F00203CE
:10DBD0000CBF04220C2291423FD3076F0646BC784B
:10DBE0007878240244EA0044F87804431444C6F8E0
:10DBF000A040EBB1D6F83C80BB88B8F1000F2ED026
:10DC000072685BBA102A9BB217D0D8F8D8219A4212
:10DC100016D0D8F8F821013A9A4206D13B78032B66
:10DC200003D03046FFF77CFF28B9B048BDE8F88F35
:10DC3000A1421AD30020BDE8F88F3A78012AE8D132
:10DC4000A14280F02F81A4F10C09D8F8E45175B1FC
:10DC50002A783B789A4200F0FD80A548EBE7A14284
:10DC600003D3BB79002B00F0DC80A248E3E7B4F5D6
:10DC7000205FFAD819F0070309F10C014FF00100F9
:10DC800018BF012301EBD901194404F04DFB0346F1
:10DC9000C8F8E401002800F0278138681860BA88C5
:10DCA0009A80D8F8E431DD801D72F36BD3F8E4314B
:10DCB000B3F80120A3F80920DA78DA72F36B376F32
:10DCC000D3F8E45197F807B02C44BB794FEA0B2BFB
:10DCD00097F80A804BEA034B7B7A4FEA082848EA18
:10DCE00003483B7A4BEA030BFB7A48EA03080BEB49
:10DCF00008034B45B1D808F10C0AF36F9A45ACD82C
:10DD00000BF10C00424607F10C01284404F0F8FA2C
:10DD10000BF00702C2F1080392B198454FEADB000D
:10DD200040F2AC80A8F108089B4401259044225C95
:10DD3000013B05FA03F10A43D2B2002BF8D1225479
:10DD400018F0070310D008EB0B050120A8EB03081F
:10DD5000C3F10803ED08625D00FA03F101330A43E1
:10DD6000082BD2B2F8D162554FEAD802FF2104EB5A
:10DD7000DB0004F0E1FA5FEAD9000AD0411E631E1D
:10DD8000214401E0994204D013F8012FFF2AF9D071
:10DD90004BE719F0070910D0215CCB093FF445AFE0
:10DDA000C9F10709062302E0D2077FF53EAF4B45D4
:10DDB00041FA03F203F1FF33F6D1F36F9A45FFF412
:10DDC00054AFD6F88020D6F888108A4215D9D6F8F4
:10DDD000A040521A306F736E2044F46D19441D1B1D
:10DDE000C31A42F64D14C6F888301344641BC6F8B3
:10DDF0008030A34254D804F077FAF36BD6F8A02011
:10DE0000D3F8E411306F04F07BFAF36BD3F8E4013C
:10DE100004F082FA0023F26B1846C2F8E431BDE840
:10DE2000F88FFB79002B7FF420AF3B7A002B7FF437
:10DE30001CAF797A7A7891427FF417AFB97ABB1C1C
:10DE4000BA7891427FF411AFFA7A5B789A427FF404
:10DE50000CAFEFE66A78681C7B78791C9A427FF4F5
:10DE6000FCAE10F8012F11F8013F9A427FF4F5AE95
:10DE700042784B789A427FF4F0AE23E7B8F1000F76
:10DE80003FF479AFA3EB0808225C012505FA08F1FD
:10DE900008F101080A434345D2B2F7D122546AE798
:10DEA0001548C8E6BB79002B7FF4CDAEFB79002B7B
:10DEB0007FF4C9AE3B7A002B7FF4C5AE0322791CF8
:10DEC00007F1090004F0E8F938B9D8F8E451002D59
:10DED0003FF4B0AEA4F10C09BAE6A4F10C09B8F114
:10DEE000000F7FF4B2AEC0E60448A4E6809AFFFFBC
:10DEF000008EFFFF808FFFFF0096FFFF0081FFFF76
:10DF000038B5836F0446162B19D0152B0CD0236817
:10DF100093F8CC3013F0020304D0E06B18B16368BF
:10DF2000102B19D0002038BDE36F022B3BD1226F9C
:10DF30001378022B39D0012B07D01E4838BDFFF7CC
:10DF40003FFE0028EFD1A36FDFE753787BB3642B4C
:10DF5000184808BF002038BD2046FEF797F8E06B50
:10DF600004F0DAF90023A56CE363B5B105F15000C4
:10DF7000E9F728FF05F19000E9F724FF05F13800E3
:10DF8000F0F7F0FB05F14400F0F7ECFB2846D02158
:10DF9000F4F740F8A06C04F0BFF9E26C0023A2642F
:10DFA0001846E36438BD044838BD044838BD044809
:10DFB00038BD00BF8099FFFF008EFFFF8088FFFF04
:10DFC0008087FFFF036A2DE9F04104460F46002BCE
:10DFD00073D0606E42F64D13E26D821A9B1ABB42FB
:10DFE0006ED3236893F8CC309A0736D5636D002B37
:10DFF00066D0A36D002B63D0D4F88810002961D1BE
:10E00000D4F880309F4225D9002B40F09D80A36D2D
:10E01000206D13B19847022861D06368102B00F07F
:10E020009880E36BD3F8E831616E42F64D12E06DF3
:10E03000656A081A121A002D00F09780A06AA84796
:10E04000002800F0848010F5D04F48D0002802DB73
:10E05000C4F880000020BDE8F081D4F88060B742A9
:10E06000354615D8F6E723682A46616EA06AD3F8CC
:10E07000A8303144C047002869D0ECDBA84263D8FF
:10E08000D4F880608519BD422E46C4F88050E1D294
:10E09000A36D7D1B206D23B19847022830D0D4F8A2
:10E0A0008060D4F82480B8F1000FDCD1616E2A467C
:10E0B000A06A3144236A9847DDE7436A002B88D180
:10E0C0002C48C8E7D4F8802091423DD8521AC4F8B1
:10E0D000802082BBC4F88820002F98D1BAE7636DF6
:10E0E0001BB10022206D114698476368102B0AD19E
:10E0F000236893F8CC30DB0702D5A368032B2CD020
:10E100001D48BDE8F081E16B2268D1F8E831D2F812
:10E11000B0209342F4D2B3EB430F4FEA430002D84E
:10E12000824228BF02462046C1F8E821FFF7F8FCEA
:10E13000002890D117E0014404F0D6F80022D4F86A
:10E140008030C4F888205DE70C48BDE8F0810C48B9
:10E1500081E72368D3F8A83066E72046FFF796F8F2
:10E1600000287FF478AF074875E7236AA06A9847CC
:10E1700066E700BF008FFFFF0098FFFF0094FFFFDE
:10E18000808DFFFF0097FFFF036893F8CD3013F0F9
:10E19000080336D0026E10B492F804C0D3795179D6
:10E1A00043EA0C6392F806C0947843EA0143D178BD
:10E1B000D0F8902043EA0C2341EA0421D0F894409F
:10E1C0009A4274EB010C18D3D21A64EB0104402A72
:10E1D00074F1000417D2C2F12001A2F12003D0E9AA
:10E1E0002604D04004FA01F124FA03F3084318434B
:10E1F00040F300005DF8044B704700205DF8044BCD
:10E200007047184670474FF0FF30F3E7036893F804
:10E21000CD301B0758D5026E30B492F804C0D379C4
:10E22000547943EA0C6392F806C0917843EA0443B8
:10E23000D478D0F8902043EA0C2344EA0124D0F8A3
:10E2400094109A4271EB04051FD29A1A64EB0101F3
:10E25000402A71F1000138D2A2F1200CD0E92651F8
:10E26000914005FA0CFC41EA0C01C2F1200C05FAC0
:10E2700002F225FA0CFC42F0010241EA0C01C0E96D
:10E280002621C0E9243430BC7047D21A61EB040166
:10E29000402A71F10001F6D20121A2F12003C2F15E
:10E2A000200401FA03F301FA02F221FA04F4D0F88F
:10E2B000981023431143D0F89C20C0F898101A43BB
:10E2C00030BCC0F89C207047704701220021D6E77F
:10E2D000D0F8A0102DE9F04F04469DB0002900F0C1
:10E2E000F080456F002D40F06E81C26F9142C0F00A
:10E2F000FC80C567C0F8A0502368204693F8CC3056
:10E3000013F0020F0CBF05210D21FFF75BFE054640
:10E31000002840F0D2802068D4E919231778A76735
:10E320001D8890F8CC306DBA9907ADB2E56700F161
:10E33000D18051789278A7F11406032E00F2CA8397
:10E3400026698E4240F0DA8390F8C9109142C0F2FB
:10E35000D583226FE66D911B42F64D12521A9542FB
:10E3600000F2CC8313F0020800F0DD80226EB4F8D6
:10E370008410128852BA92B28A4200F0C280DB073F
:10E3800040F13A816368102B40F03681002A40F05A
:10E390003381162F40F03081D4F880200D2A40F2CE
:10E3A0002B81737B012B40F02781D0F84CA0D4F84F
:10E3B000AC50D0E91187D4E93839B8F1000F76D0E4
:10E3C000002F74D03C2A72D9317816296FD1F17898
:10E3D00000296CD13179002969D1F17C002966D1FD
:10E3E000317D002963D1717D002960D196F83B1001
:10E3F000A2F13D0081425AD8A2F13C00721892F875
:10E400003C20824253D83D315046CDF800903144F3
:10E410000993B847002800F0D880316850467268E8
:10E42000B768D6F80CC02960C5F80CC06A60AF6048
:10E4300031697269296110A96A61327E099B2A7665
:10E4400003226A73FE226A76FF22AA7605F11C0275
:10E45000CDF80090109205F52052C047002840F0FA
:10E460001483109A521BD1B2A1F11C03A1F119001F
:10E470000D39EB76A2F119032973C1B229762974FB
:10E48000A2F10D01090AE972C3F30741C3F307239F
:10E49000A975A973EB75EB73E369D4F8AC10A06AA6
:10E4A0009847236893F8CC30980740F1FD82002309
:10E4B000A14DC4F88830C4F8803028461DB0BDE8AE
:10E4C000F08F436F23B1002528461DB0BDE8F08FC3
:10E4D000C36711E791785678FF29C1F5807240F241
:10E4E000011108BF0222891B25E7521A006FE2675B
:10E4F000014403F0F9FEE36FC4F8A050002BE2D111
:10E50000FAE62046FFF740FE002875D1142F00F0F0
:10E51000C382172F07D16368102B04D0A268012A89
:10E520006AD1022B68D1236C002B00F0A0829B687B
:10E530009D42C0F0A1826269002A04DD03F52453E4
:10E540009D4200F29982B8F1000F20460CBF0521D0
:10E550000D212944FFF736FD05460028ADD1266878
:10E5600096F8CC2012F002021FD1276CC4F880204C
:10E57000002FA2D0D4F82CC0BCF1000F23D0E16F43
:10E58000D7F89030002B00F0BC82B86888465B78E2
:10E590008142C0F0BA82023B082B14D8DFE803F0B6
:10E5A000D2131313321332133200E16F276C01F1CF
:10E5B0000D03C4F88830002F00F06382D4F82CC01B
:10E5C000BCF1000FDCD15D4D77E701212046FDF75E
:10E5D000DFFE0546002800F03F83236893F8CC3027
:10E5E00099077FF56AAF15F5CF4F3FF466AF15F584
:10E5F000CE4F7FF45CAFE56F05F10D034E4DC4F8CF
:10E6000088305AE73B681B7FD7E9030E13F0020FEF
:10E61000A0EB0E0314BF4FF0080C4FF0100C634436
:10E620009942C0F00D8201EB0E09D4F860A00DF103
:10E630004008A36FA9EB00094246A9EB0C09C4F8F6
:10E640007C90DAF80410DAF8000003C28DF8483044
:10E6500096F8CC10266F8907D4E9042300F1608274
:10E66000D2B2DBB28DF84A304FEA19238DF8492037
:10E670008DF84C908DF84B30FB680C2BA3D1BEF17C
:10E68000040F00F0CB82BEF10C0F9CD10DF1300EC7
:10E69000F96A3A6BB86A734607C30AF1FF320DF1A3
:10E6A00033010AF1070A12F8010F11F8013F524530
:10E6B00083EA00030B70F6D10BAA0196434671461C
:10E6C00004920D2207F19000CDF818C000920C22A0
:10E6D000CDE902964E440596E9F7A8FE002800F021
:10E6E000788210F5C64F00F0A6812668054696F898
:10E6F000CC309F0740F1DA8125F0800313F5E44F19
:10E700007FF4DBAE15F5E34F636814BF00220122EE
:10E710000B2B00F001820D2B00F0FE81D6F8C020FB
:10E72000002A3FF4C4AEA36901339A42A3613FF6C5
:10E73000BEAE034DC1E600BF809AFFFF0094FFFF0D
:10E74000808EFFFF6069002301280B9340F3E18175
:10E75000FB684FEA430E18467145C0F07181D7F847
:10E7600014E00EF101094B449942C0F06981DCF8D4
:10E770007890236FB9F1010F00F0DB814FF00009B1
:10E78000B1FBF0F600FB1616002E40F054816269D2
:10E79000012A12DD091AA8EB0008E16768B1D4F874
:10E7A0006CE0324631461EF802C04A1C394481F8FA
:10E7B00028C0D1B281420A46F5D30BA9024607F11F
:10E7C0009000029107F12801CDE90083E9F7CAFD25
:10E7D00000288AD10B9B98457FF4F5AE6169012929
:10E7E00040F32682E26F89F00109236C206F09F063
:10E7F0000107D3F814A08318099713F8018C08F1C6
:10E80000010808EB0A039A4280F01B82002F00F0F7
:10E8100018820023984600297FF7D5AE424534BFC1
:10E82000002703F001070AF52051A2EB08034FF07F
:10E83000000C08F1FF398B428CBF4FF0000B07F042
:10E84000010B01210BFB0303581E6346984594BF3F
:10E85000002101F0010110F801EF0133CE4514BF92
:10E86000002701F00107B3F5807FBC44EED1C44519
:10E8700014BF00270BF00107C7EB472303EA080882
:10E88000099BA2EB0802E267002B00F0E381A2EBF8
:10E890000A02A36EE267120A1A70A36EE26F5A7040
:10E8A0006369002B7FF78FAE206CE36F026808EB83
:10E8B0000309527A062A00F0968140F29081072AD5
:10E8C0007FF481AE1D3309F11D02DB09C3EBD213C6
:10E8D000C7EB072A0822216E44300AEA030AF0F740
:10E8E00067F8206C0322616E4430F0F761F8206C09
:10E8F0000222A16E4430F0F75BF8206CE26F4430E6
:10E90000216FF0F755F8236FE26F1344B8F1000F51
:10E9100009D003EB08014FF0000813F8012B8B42DC
:10E9200088EA0208F9D18DF82C800DF14008206C9E
:10E9300041469DF82C304430F0F74EF8206C216FA2
:10E940004430F0F7CBF8B24506F10106F6D1206C61
:10E95000B9F5807F4E4600F1440038BF4FF4807611
:10E96000F0F76AF8236CA6F58076226F5869911942
:10E970008144B9EB060307D09144002311F8016BE1
:10E98000494583EA0603F9D18DF82A309DF82A30EB
:10E990000023E16F8DF8303080B1104453184218D5
:10E9A00013F8016B18F8010B9A4286EA00069DF8ED
:10E9B000300040EA06008DF83000F1D19DF830308B
:10E9C000002B38D1002F36D0002940F02381636915
:10E9D000032B00F04481D4F8A4300133032BC4F896
:10E9E000A43028DC236893F8CC20900700F105813F
:10E9F0000822164608E02368164693F8CC1001F06A
:10EA00000200824240F21F81711E206E013A435C77
:10EA1000D2B20133DBB24354002BECD0236893F81D
:10EA2000CC20920700F1E680E36FB3F5205F7FF61C
:10EA300044AD914D41E5266896F8CC2002F00202E3
:10EA4000C2B363680D2B02D00B2B7FF467AE8B4DE6
:10EA50000223D4F8C01015222046C4E931230B70DC
:10EA60001422D4F8C0305A70FEF704F925E56B1E65
:10EA7000B3F5205FFFF467ADB8F1000F7FF417AD79
:10EA8000D7E72046FFF7C2FB17E5236893F8CC30A1
:10EA90009D077FF598AD0AE563680A2B3FF443AD07
:10EAA0000C2B3FF440ADA7E5754D06E515F5E34F9A
:10EAB0007FF403ADD4F8C0100223152014226F4D4B
:10EAC000C4E931030B702046D4F8C0305A70FEF709
:10EAD000D1F8F2E49A073FF5EAACD4F8C01002236B
:10EAE00015200A22C4E931030B702046D4F8C03047
:10EAF0005A70FEF7BFF8236893F8CC30980798D582
:10EB0000D5E4BB689942BFF45EAD002AD2D05B4D1C
:10EB1000F8E5F86886461FE6002A3FF4CEAC97E792
:10EB2000022BC2F1010208BF0123D2B25B42DBB269
:10EB300098E5A1EB0E080993D4E91826C4F87C8067
:10EB4000106851680CAA03C2B27807F144003788F4
:10EB50000CA98DF83A204FEA1822ADF838708DF8DC
:10EB60003B200D228DF83C80EFF722FF206CE26FF6
:10EB7000E16E4430EFF71CFF206C10A94430EFF732
:10EB80002BFF206C4430EFF757FF0022276C8DF8E5
:10EB90002B207A69E66EE16F099B9AB132440DF140
:10EBA000400C0E4402EB010E16F8010B1CF8012B71
:10EBB000B64580EA02009DF82B2042EA00028DF85B
:10EBC0002B20F1D19DF82B20002A7FF434AFF86878
:10EBD000D6E50B9B99457FF4F6ACE16FF4E6033A7A
:10EBE000012A3FF6F0AC153309F115029B09C3EB7E
:10EBF00092136DE6022E2BD0E16FB1F5205F7FF608
:10EC000040AF62681E460B2A3FF413AF0D2A7FF413
:10EC100085AD0EE70023C4F8A430E3E6BB6A0DF12E
:10EC2000300EE26E0C930DAB1068516803C343E5E0
:10EC3000206C00F1B801C268283003F061FB616903
:10EC4000D0E50123E7E58907D4D4002A7FF4ECAEB0
:10EC50000C4D32E41146B7E6A0F5CF452DE4A36F85
:10EC6000172B3FF4B8AE266896F8CC309B077FF59B
:10EC7000E0AE014D46E500BF008EFFFF808EFFFF36
:10EC80008095FFFF8094FFFF38B5D0F8A830054687
:10EC90008BB100231C46C0F8A830204638BD28465A
:10ECA000002CFAD1FFF72CF910F5CD4F044602D015
:10ECB00010F5CB4F0ED12846FFF70AFB10F5CB4FCE
:10ECC0000446ECD12846FFF703FB10F5CB4F044672
:10ECD000F1D0E4E70028E0D1AB6F162BDDD1284658
:10ECE000FDF75AFFD9E700BF002800F0FE80036857
:10ECF0002DE9F0410446002B00F0F58093F8CC306C
:10ED00000E4615469F0709D5FDF760FF68B9E36B0E
:10ED100023B193F8EC31012B00F0D5802046FEF7AB
:10ED20001FFB10F5D64F02D008B1BDE8F081636833
:10ED3000102B44D1616F002940F0B4804FF01508CA
:10ED400002271EE0A36F172B7FD0162B2AD0A268B4
:10ED5000032A5DD0152B00F0C280172B2DD16368DC
:10ED6000226F102B62675ED0236893F8CC30DB07EC
:10ED700003D5A368032B00F08E80616F002940F05B
:10ED80009180A36D1BB1206D9847013053D0204670
:10ED9000FFF77AFF00285DD1E36F002BD2D0A36F7D
:10EDA000162BD4D12268216F92F8CC300978D8077D
:10EDB0000ED5012914D09907DFD44D48B5E7204678
:10EDC000FCF7CAFF10F5D64FB4D00028ADD1B1E79B
:10EDD0000029F0D19807D4F8A01058D40429ECD118
:10EDE00092F8CD2092063ED5D4F8E820002A37D0FC
:10EDF00003F00303022B01D10323A3602046FDF798
:10EE00005FFB10F5D64FB8D00028B6D0BDE8F08132
:10EE10002268D2F8B41000299CDBE26801329142EA
:10EE2000E26097DAC9E7636D002B9DD00022206D68
:10EE30001146984798E72368D3F8A820D4E914032B
:10EE4000002BA4D091089847A1E72046FFF71CFFAC
:10EE50000028A4D010F5E54F7FF467AF002064E7E9
:10EE600013F0300FC4D16369002B3ADDD4F8C03001
:10EE700001222046C4E931871A706422D4F8C030D8
:10EE80005A70FDF7F7FE00283FF477AFBEE70C2974
:10EE90007FF473AFA4E72046FEF7F8F900283FF4AB
:10EEA0006CAFB3E7E26F3046954228BF15462A465D
:10EEB00003F026FAE36F5B1BE3675BB928466367E1
:10EEC000C4F8A83031E72046FEF72AFE00283FF4B8
:10EED00025AF2AE7636F28462B44636725E705487B
:10EEE00023E7054821E705481FE70448704700BFAE
:10EEF0000089FFFF0097FFFF0094FFFF008FFFFFD7
:10EF0000C26C03682DE9F04FD2F80080044693F8F4
:10EF1000CC3085B098F80A20C3F381000B2A40F268
:10EF20009F8003F00103E26BD2F8C491B9F1030FA3
:10EF300008BF8146B9F1000F02D1002B40F0CF800D
:10EF40002046FFF7A1FE0546002840F09280636846
:10EF500001336360236893F8CC20D10700F19280DD
:10EF6000A36F162B40F0A380236F19780B2940F074
:10EF7000C38002F00200D4F8A01000280BBF0A22C0
:10EF8000122204260C269142C0F0B6809A19985D90
:10EF90005778937843EA0723002840F0AD80033682
:10EFA0003344994240F0A880A76BF86D30B102F06D
:10EFB000D9F8A36BD86D03F0AFF9A76B4FF49A7132
:10EFC000012003F0B1F9F865002800F083810027E3
:10EFD000DFF840B3DFF840A302F0BEF8D4F8A03069
:10EFE000F01CB34240F2B880984200F29580216F45
:10EFF0008A198E5D002E40F08F80567801449278F9
:10F0000042EA06227F2A00EB020640F285809E42F9
:10F0100000F28280A36BD86D02F012F910F5165F32
:10F02000074667D0584528DA10F5225F28D05045AA
:10F03000D4D02A222368002B00F00B81D4F8C01012
:10F04000022315203D46C4E931030B702046D4F855
:10F05000C0305A70FDF70EFE284605B0BDE8F08FAF
:10F060006FF416611141CD0731D463680025013377
:10F070006360284605B0BDE8F08F0028AED0D8E721
:10F080005022D7E76369002B3FF46AAF02F0020316
:10F09000D4F8A010002B18460BBF07230F2304261B
:10F0A0000C2699427FF45CAFA36F162B39D0D4F8AD
:10F0B000C010022315200A22914DC4E931030B70C0
:10F0C0002046D4F8C0305A70FDF7D4FDD1E7072AA6
:10F0D00003F001037FF427AF002BC6D123E7636859
:10F0E0000025A26B8021013328461166636005B0BC
:10F0F000BDE8F08F2B229DE7D4F8C0100223152025
:10F100003222804DC4E931030B702046D4F8C03060
:10F110005A70FDF7AFFDACE72368002BECD1794DB9
:10F12000A7E7236F1A780B2AE6D19A5D1E44002ABE
:10F130007FF423AF72780136002A7FF41EAF727815
:10F14000002A7FF41AAFA26B40216F4B1166B9F110
:10F15000010F18BF1D468CE7266896F8CC30DB07F8
:10F1600002D4A368012B5ED0B9F1000F71D0E36B1C
:10F17000D3F8CC71002F00F09E80D3F8D021A16B82
:10F18000B06BD1F85CC06031736E03906046766BF3
:10F19000CDE90116D4F8D8100091394601F0C0FD30
:10F1A000A36B06460221D3F85CA00AF1BC00F1F77C
:10F1B000BFF800284FD1206890F8CC204146A06BC2
:10F1C000D24300F16003C06D02F00102FEF760FB64
:10F1D000002862D0002E60D1B9F1010F3FF449AF91
:10F1E000B9F1020F74D1002F72D1484DA36B1B6E81
:10F1F000DE055ED4580769D413F4DC3F18BF2B2317
:10F200006FD02268002A3FF434AF0222D4F8C01035
:10F210001520C4E931020A702046D4F8C02053708A
:10F22000FDF728FD25E7636BDB6D5BB1A26BD16D4C
:10F230005A684868824205D18968986803F02CF8BA
:10F24000002891D03122022120462E4DFEF702F8EF
:10F250000FE73D460DE72068DAF8C030826F197875
:10F260003AB113782BB19942A6D012F8013F002B86
:10F27000F9D190F8CC204146A06B224BD243002E0E
:10F2800008BF1E46036E02F0010243F4803C0346B1
:10F29000C06D43F860CFFEF7FBFAB9F1010F0DD056
:10F2A00017B9B9F1020FA0D0002E3FF4E2AE3546F7
:10F2B0009CE73123A5E7D6E91B7260E716F51C5FD2
:10F2C0003FF4D7AE16F5F44FEED1D2E62A2398E7F5
:10F2D0000C4D8BE75022022120460D4DFDF7BAFF61
:10F2E000C7E6D90707D49A0707D413F0080F14BF4D
:10F2F00030232E2385E72D2383E72C2381E700BFCE
:10F300000089FFFF0086FFFF808BFFFF8089FFFFE2
:10F310000081FFFF81DAFFFFD2D9FFFF10B504465D
:10F32000FFF7B2FC00282DD1A36F142B45D1E36F5A
:10F33000012B30D1236F1B78012B2CD12368E16C7A
:10F3400093F8CC30A26B9B072164E2621BD5B4F822
:10F35000843001339FED267B9BB284ED247B84EDCA
:10F36000267BA4F88430002B39D06369012B10DD93
:10F37000E26CD2E903329B1AE26E1A446368226798
:10F380000133636010BD236E186058606369012B00
:10F39000EEDCE26EF2E723681BB3D4F8C010022360
:10F3A00015203222C4E931030B702046D4F8C03056
:10F3B0005A70FDF75FFC104810BD23689BB1D4F86C
:10F3C000C010022315200A22C4E931030B70204625
:10F3D000D4F8C0305A70FDF74DFC084810BD0848FD
:10F3E00010BD054810BD054810BD00BFAFF300803B
:10F3F00000000000000000000082FFFF0089FFFF06
:10F400008094FFFF0268C36B92F8CC20D3F80834D5
:10F41000D24370B584B0044602F0010201A99847B6
:10F420002046FFF731FC0546002847D1A36F162B75
:10F4300061D1216F0B78142B70D12668D4F8A020ED
:10F4400096F8CC3003F00203002B0BBF10201820DD
:10F4500004230C2382423ED101F10C0E0DF1040C69
:10F4600019448DF803509E4411F8012B1CF8010B30
:10F470009DF803308E4582EA000243EA02038DF8CC
:10F480000330F1D19DF803302BBB0C2201ABC4F843
:10F49000EC2007CBE36BC4F8FC00C4F80011C4F8FF
:10F4A0000421D3F8783663B9626896F8CC3001321B
:10F4B00062609B0702D52046FEF704FB284604B095
:10F4C00070BD96F8CC30DA0702D40A226260F0E709
:10F4D0000F226260EDE7D4F8C0100223152032221B
:10F4E000124DC4E931030B702046D4F8C0305A7075
:10F4F000FDF7C0FBE2E72368ABB1D4F8C0100223EC
:10F5000015200A22A5F5EE45C4E931030B7020460B
:10F51000D4F8C0305A70FDF7ADFBCFE72368002B5D
:10F52000D9D1024DCAE7024DC8E700BF8081FFFF75
:10F530000089FFFF2DE9F041AEB080460F46154629
:10F5400001A81E46EFF7D4FA17A8F5F71FF801A88F
:10F55000EFF7DEFA68B1044601A8EFF7CDFA17A875
:10F56000F5F718F8B8F1000F1AD120462EB0BDE813
:10F57000F081D8F83C10402201A801F21441EFF7C5
:10F580002BFE044630B93246294601A8EFF724FE87
:10F590000446D8B101A8EFF7AFFA17A8F4F7FAFFBD
:10F5A000D8F80030002BE0D0D8F8C0100223152284
:10F5B0004046C8E931230B705022D8F8C0305A7049
:10F5C000FDF758FB20462EB0BDE8F081394601A872
:10F5D000EFF746FE04460028DCD117A8F4F7E6FF53
:10F5E00004460028D6D1D8F83C10402217A801F2D2
:10F5F0001441F5F733FF04460028CBD132462946A3
:10F6000017A8F5F72BFF04460028C3D107F1100116
:10F6100017A8F5F767FF04460028BBD101A8EFF74C
:10F620006BFA17A8F4F7B6FF9FE700BFF0B587B0F5
:10F63000144605460E469DF834001F46EFF780F845
:10F640000190EFF70FF9206003A8EFF785F8019913
:10F65000002203A8EFF7C8F8B8B1044603A8EFF7F3
:10F6600081F87DB12B686BB10223D5F8C01015224B
:10F670002846C5E931230B705022D5F8C0305A70A6
:10F68000FDF7F8FA204607B0F0BD03A8EFF7F6F84B
:10F6900004460028E2D1E96B402203A801F214419C
:10F6A000EFF7F6F8044618B103A8EFF75BF8D9E7CF
:10F6B0000C9A394603A8EFF7EBF804460028F3D17B
:10F6C000314603A8EFF7EEF804460028ECD103A872
:10F6D000EFF748F8D6E700BF2DE9F04FC5B000249A
:10F6E0009046054604AF0E4601914FF480722146C4
:10F6F0003846039402F020FEB8F1000F74D0214682
:10F70000DFF8F4904446DFF8F4B0DFF8F4A0A36823
:10F71000002B56D0A0450ED0344B2846344A002941
:10F7200008BF1A46314602F0BBFD002858DBB04244
:10F7300056D2361A054403A92046EFF7B3FF002836
:10F7400047D1039B52463146284602F0A9FD0028C6
:10F7500046DBB04234BF00230123002B40D1226995
:10F76000361A0544F2B138461A460BE01E2902F15A
:10F77000010298BF3F2300F8013B2369934211D94E
:10F78000FF2A0FD063699B5C03F17F011F2BC9B275
:10F7900001D97F2BEAD13F23013200F8013B2369D5
:10F7A0009342EDD800213B462846B9544A4631469B
:10F7B00002F076FD002813DBB04211D2217F361A09
:10F7C0000544A469002CA2D1019B981B45B0BDE85B
:10F7D000F08F5A463146284602F062FD0028B8DA1A
:10F7E000044845B0BDE8F08F4046FAE7485E002087
:10F7F000445E002080D6FFFF5C5E0020505E00204B
:10F800004C5E00202DE9F04F576887B090460646C1
:10F81000202F039108D8002F57D0012F94BF4FF00D
:10F82000000A4FF0010A02E04FF0010A1C27D8F845
:10F8300008000024039D294ADFF8AC90DFF8ACB043
:10F84000CCB9BAF1000F16D003782BB3484629463D
:10F850000090304602F024FD002819DBA8421F4A20
:10F8600016D20134291A0644A74217D9D8F808003D
:10F870000D46002CE5D0791E035DA1428CBF4846A1
:10F88000584629460090304602F00AFD0028E5DA85
:10F89000134807B0BDE8F08F0124D1E7D8F8042061
:10F8A000BA4214D0059030460E4A049102F0F8FC9A
:10F8B0000028EDDB04998842EAD2059B5B1B1844C3
:10F8C000039B184407B0BDE8F08F3846FAE7401BA9
:10F8D000039B184407B0BDE8F08F00BF585E0020BE
:10F8E00080D6FFFF605E0020545E0020FC380020C0
:10F8F000002070470020704770B5ADF5207D53ADF6
:10F90000002835D1284601F027FC354B354A2846DA
:10F910001968126802F054F8044618B120460DF533
:10F92000207D70BD06AE304601F016FC2E4B2F4AEE
:10F9300030461968126802F043F804460028EDD1F9
:10F9400005A923462246284600913146CDE90144C7
:10F9500001F0F2FB04460028E0D13046002401F01B
:10F9600001FC284601F0FEFB20460DF5207D70BD10
:10F970001F4802F0B5FC284601F0EEFB184B194A6F
:10F9800028461968126802F01BF8044630B119487D
:10F9900002F08EFC20460DF5207D70BD06AE30468F
:10F9A00001F0DAFB104B114A30461968126802F078
:10F9B00007F804460028EAD10F4802F091FC05A997
:10F9C00023462246009128463146CDE9014401F004
:10F9D000B3FB04460028DAD1084802F069FCBCE712
:10F9E000FC760020382C0020F8760020342C0020F3
:10F9F000685E0020C82D0020845E0020302E00208C
:10FA00002DE9F041054682B0884614463B4F31232C
:10FA10006A4641462846E3F727F9002866D12E6852
:10FA2000009B1E44302301AA31462846E3F71CF907
:10FA300048BB2B68F21A002A54DD187822460623A8
:10FA4000314642F8040B2846E3F70EF9D8B9D5F849
:10FA500000C0D4F804E0C4F808C00CEB0E03F21A9E
:10FA60002B60002A3EDD1CF80E201E2A1BD00C2A1B
:10FA700019D01C2A03D827FA02F2D20713D420483F
:10FA800002B0BDE8F081A0F50E500028F8D12B6837
:10FA9000B3421DD001202021207702F045FCA06157
:10FAA00048B30446BEE7013304F11002314628464C
:10FAB0002B601CF80E30E360E3F78AF80028E2D1EF
:10FAC0002A68236962611344B3422B60A061E1D1CB
:10FAD00098450ED02021012002F026FCA06150B1F3
:10FAE000044694E7074802B0BDE8F081A0F50E5047
:10FAF000C6E70020C4E70448C2E700BF080058106A
:10FB00001EDCFFFF20DCFFFF80D7FFFF08B5E3F717
:10FB10004FFA00B908BDA0F50C5008BD08B5E3F7D1
:10FB2000EBF900B908BDA0F50C5008BD2DE9F04176
:10FB300004241E4614238EB00C70147033600368C6
:10FB4000302B40F0C280D0E901431C440193A34212
:10FB50003CD00F461546A023214602AA01A8E3F790
:10FB600083F8002836D010F1620F47D1DDF8048009
:10FB700044452BD0A12302AA214601A8E3F774F83B
:10FB8000002840D010F1620F38D1019FBC421DD037
:10FB9000A22302AA214601A8E3F766F8002800F094
:10FBA000818010F1620F29D1019DAC420ED0A323B8
:10FBB00002AA214601A8E3F757F8002800F0878041
:10FBC00010F1620F1AD1019B9C4269D100200EB046
:10FBD000BDE8F081DDE9012301A802EB030805AAD5
:10FBE0004146E3F7E5F9002838D1394605A8EFF793
:10FBF00067FE18B9019B4345BAD051E0A0F50C50FF
:10FC00000EB0BDE8F081DDE9017305AA01A81F442B
:10FC100008AB3946E3F770F9002852D1069A092A51
:10FC200068D10799354802F037FB002862D1089B5C
:10FC3000302B4AD10A9B099A039303EB02084345F0
:10FC40005AD21B780CAA414603A80B930623E3F76C
:10FC50000BF838B1A0F50C50F0B1B8E7B0F50C5086
:10FC6000C3D0B4E7039B29460C9A0BA80D93134409
:10FC70000393EFF725FE0028ECD1039B98450BD0AA
:10FC8000052303A804AA4146E2F7EEFF049B0343C1
:10FC9000E0D1039B984503D1019BBB423FF476AF73
:10FCA000174894E7019D3246029B01A81D4429464E
:10FCB000E3F71CF80028A1D1019BAB423FF475AFDC
:10FCC000EEE7B0F50C50A9D081E70E487FE7DDE9FB
:10FCD00001530BAA01A81D442946E3F707F80028A1
:10FCE0008CD1019BAB42DBD10B9A012A3FF46CAF64
:10FCF00005486CE705486AE7054868E7A85E002004
:10FD00009ADCFFFF9EDCFFFF00DDFFFF52DFFFFFFD
:10FD1000A0DCFFFF70B51546026882B08B1A002B7D
:10FD200013DD167801AA0446E3F742F848B92368C0
:10FD3000019AAB6023681344C5E90062236002B0F6
:10FD400070BDA0F5125002B070BD0148F7E700BFCA
:10FD500020DBFFFF2DE9F041DDF818801D46D8F8C3
:10FD6000003073BB17460E462A463946EFF73CFD76
:10FD7000044670B92B78062B10D03368052B00D0C1
:10FD80002BBB7268144B002A18BF1C462046BDE8E6
:10FD9000F081A0F518542046BDE8F081082101202B
:10FDA00002F0C2FA0546A0B1031D394630462A4684
:10FDB000FFF7BCFE044630B92046C8F80050BDE845
:10FDC000F081064CE2E7284602F0A6FADEE7024C94
:10FDD000DCE7034CDAE700BF00DDFFFF00D8FFFFE0
:10FDE00080D7FFFF03682DE9F0471446CA1A82B096
:10FDF000002A40F3FD801A780546172A00F0F480A7
:10FE0000182A40F0F3800426013301AA28462B600B
:10FE1000E2F7DEFE20B1A0F5105002B0BDE8F08799
:10FE2000019F06F108039F42C0F0DA802B68206032
:10FE300006EB030E1A789C460133303A092A00F289
:10FE4000CF8021689E4501EB81014FEA410121608D
:10FE50002B6013F8012CA2F130020A442260E9D190
:10FE6000022E05D1312AD8BF643202F26C722260B0
:10FE700000220CF1030C62601A7819460133303A03
:10FE8000092A00F2AD8062689C4502EB82024FEACB
:10FE9000420262602B6013F801ECAEF1300E724446
:10FEA0006260E9D101F103080021A16093F800C06C
:10FEB0009E460133ACF1300CBCF1090F00F290808A
:10FEC000A168984501EB81014FEA4101A1602B60D7
:10FED00013F801CCACF1300C6144A160E6D14FF0D5
:10FEE000000C0EF1030EC4F80CC093F800C0984645
:10FEF0000133ACF1300CBCF1090F71D8D4F80CC04F
:10FF00009E450CEB8C0C4FEA4C0CC4F80CC02B60DB
:10FF100013F8019CA9F13009CC44C4F80CC0E4D119
:10FF20004FF0000E08F10308C4F810E093F800E069
:10FF300099460133AEF1300EBEF1090F50D8D4F816
:10FF400010E098450EEB8E0E4FEA4E0EC4F810E00E
:10FF50002B6013F801ACAAF1300AD644C4F810E0C3
:10FF6000E4D1BF1BA7F10806012E39D9002609F1FB
:10FF7000030966619846013398F80060303E092E07
:10FF80002ED866694B4506EB86064FEA4606666143
:10FF90002B6013F801ACAAF1300A56446661E9D12E
:10FFA0000B2FA7F10A0325D0D3B9236842F20F74AF
:10FFB000A34215D8BCF1170F12D8BEF13B0F0FD8D2
:10FFC0003B2E0DD80C2A0BD8012441F2AA5594409F
:10FFD0002C4217D01F23994202DC00293FF71DAFA6
:10FFE000184802B0BDE8F08702260DE7164814E76E
:10FFF000164812E798F801305A2BF1D108F10203A4
:02000004600298
:100000002B60D2E714F4256F01D01E23E3E7022A08
:10001000E6D19A070BD10E4C0E4A04FB032204F1E1
:100020008044013CB4EBB20F01D21D23D3E7094A4F
:10003000074C04FB0323084AB2EB331F2CBF1D23DC
:100040001C23C8E700DCFFFF9EDBFFFFA0DBFFFFF8
:10005000295C8FC250B81E050AD7A30038B50368C3
:100060001546CA1A002A19DD1A7802F07F02022A00
:1000700012D15A1C044602602A461B7842F8043BFF
:10008000E2F7A6FD28B922686B68AA6013442360D2
:1000900038BDA0F50A5038BD014838BD014838BD0B
:1000A0001EDDFFFF20DDFFFF70B51546026882B040
:1000B0008A421BD016782A4643F0A003044642F831
:1000C000046BE2F7D1FD08B102B070BD22683023A5
:1000D0006E682046AA60164401AA3146E2F7C4FDC4
:1000E00038B92368019A13449E4206D1002002B019
:1000F00070BDA0F5145002B070BD0148E4E700BF28
:100100009ADAFFFF2DE9F04186B00746104600223B
:100110000D4605A91E469DF830800592EFF78EFB2F
:1001200088B1244A2946384602F0BAF80446002C21
:100130003DDBAC423BD2062EA5EB04050BD020469E
:1001400006B0BDE8F081059B29461B4A384602F0FF
:10015000A7F80446EBE74046EEF7F2FA0D9B80461F
:100160001878EEF7EDFA0646B8F1000F1BD04046BE
:10017000EEF780FB0346C6B130460393EEF77AFBF9
:10018000039B0D990090381949680C4A0191294642
:1001900002F086F800280ADBA84208D20444204670
:1001A00006B0BDE8F081034BE5E70248E9E7044CFF
:1001B000C5E700BFB45E00205C5E0020B85E002092
:1001C00080D6FFFF1346074A10B50C4602F068F8C8
:1001D000002805DBA04234BF0020012000B910BD7B
:1001E000014810BDD05E002080D6FFFF38B505461F
:1001F00008460C46F0F7D0F9012811D006280FD098
:10020000831EDBB2022B15D862680123A96812781D
:10021000013A93400B420CBF4FF0FF30002038BD35
:100220002046F0F77DF8EB6898424FF0FF3028BF8A
:10023000002038BD4FF0FF3038BD00BF70B5044618
:1002400096B090F828010E46EEF77AFA06AB05460E
:10025000D4E90421EEF730FB00BBD4F82C1128467A
:1002600094F8283194F8295105910493EEF7FAFA9D
:1002700006AB06F1BC020599CDE900302846D4F85A
:100280002051049B0395D4F824410294F0F786F89A
:10029000003818BF0120404216B070BD4FF0FF304B
:1002A000FAE700BF2DE9F04105460E462A6833689B
:1002B0009A4243D173686A689A423FD1B168A8688C
:1002C00001F0EAFF0746002838D1EC68D6F80C8028
:1002D000444538D00C2C01D0132C2FD1B8F10C0F81
:1002E00002D0B8F1130F29D132692B69934225D17D
:1002F00068697469B3B1013B00F1FF3C013C1844EB
:100300001CF8013F14F801EF23F02002734583EA43
:100310000E01A2F1410203D020290FD1192A0DD8D4
:100320006045EDD12A7F337F9A4207D1AD69B66926
:1003300055EA060304D00DB1002EB7D14FF0FF37B8
:100340003846BDE8F08133692A699A42C2D17169A1
:10035000686901F0A1FF0028BCD1E3E72DE9F0476F
:10036000002951D01546089A814600F14C079B1A86
:100370000C464FF0000848F2010A5E1C04F16C01C3
:100380003846FFF78FFFF8B935B3A369022B23DC9A
:10039000D4F80031002B01DDB34215D32146484685
:1003A000FFF74CFF80B904F1A400FFF7A1FA38B9B8
:1003B00004F18C00FFF79EFA10B92046BDE8F087E3
:1003C000B8F1000F08BFA046D4F83041002CD5D1B9
:1003D00044462046BDE8F087D4F8FC30002BF3D02B
:1003E000D4F8F830590706D5D4F804315A07EBD5BC
:1003F00013EA0A0FE8D1D4F80031002B01DDB34233
:10040000E2D3002DCFD0C9E70C46D6E7F8B5456852
:1004100006460C4695423AD0204601F04DFF022D8B
:1004200032D9B7683B782A2B2ED17B782E2B2BD153
:1004300050B3621EC4F1010E161801E0B24223D07F
:100440000EEB020112F8013F2E2BF7D1E1B1013D75
:10045000401AA84218D1BC4604EB010E384401E012
:100460001EF8013F1CF8012F22F020019A4282EA77
:100470000304A1F1410103D0202C05D1192903D88F
:100480008445EDD10020F8BD4FF0FF30F8BD836802
:10049000002DF7D06719013903F1FF3E013F11F834
:1004A000013F1EF801CF23F02002634583EA0C00D0
:1004B000A2F1410203D02028AED1192AACD88F4234
:1004C000EDD10020DFE700BF2DE9F0470F468EB0E9
:1004D000002B00F049811D469B691646804600931B
:1004E0001346A74A01F0DCFE041EC0F24481BC4260
:1004F00080F04181A0443C1B3346A24A214640463D
:1005000001F0CEFE0028C0F23681844240F23381F1
:10051000241A804405F11C0221464046FFF772F977
:100520000028C0F22881844240F22581241A8044A8
:100530003346954A2146404601F0B2FE0028C0F2FB
:100540001A81844240F21781241A804405F14C023A
:1005500021464046FFF7C0F80028C0F20C818442D3
:1005600040F20981241A80443346884A2146404695
:1005700001F096FE0028C0F2FE80844240F2FB802B
:10058000241A804405F16C0221464046FFF7A4F886
:100590000028C0F2F080844240F2ED80D5F8A0300F
:1005A000241A80447A4A05932146D5F89C30404667
:1005B0000493D5F898300393D5F894300293D5F886
:1005C00090300193D5F88C300093334601F068FEEB
:1005D0000028C0F2D080844240F2CD80D5F8B830F7
:1005E000241A80446B4A05932146D5F8B43040461E
:1005F0000493D5F8B0300393D5F8AC300293D5F816
:10060000A8300193D5F8A4300093334601F048FE9A
:100610000028C0F2B080844240F2AD80241A8044A9
:1006200033465D4A2146404601F03AFE0028C0F2BA
:10063000A280844240F29F80D5F82C31241A804455
:1006400005F128020193214695F828314046009390
:1006500095F82931FFF756FDB0F10009C0F28B8003
:100660004C4540F2888005F1BC0A5046EFF78AFFFE
:100670001221024609A8FFF7A5FD10B10EB0BDE892
:10068000F0875046A4EB0904EFF74AFEC84409ABD3
:10069000424A2146CDE900303346404601F000FE93
:1006A000002868DB844266D9D5F8F830241A8044E3
:1006B000DA051AD5D5F8FC104046394A394B0029DD
:1006C00008BF1346384A21460093334601F0E8FD3F
:1006D000002850DB84424ED9D5F80031241A8044DA
:1006E000002B00F32281D5F8F83098066CD4D9039A
:1006F00000F1A5805A0700F1D2801B0540F1058169
:1007000033462A4A2146404601F0CAFD002832DB22
:10071000A04230D2241A804405F58475244BDFF8BA
:1007200098A0244EDFF89C9012E0089A009221468F
:100730003246404601F0B4FD00281CDBA042804454
:10074000A4EB000417D2ED68002D00F0DE804B46CC
:1007500008A928460793EFF7F7F8079B0028E4D08D
:10076000154ACDF820A0E1E7144A01F099FD0028D0
:1007700001DBB84282D312480EB0BDE8F08700BF5B
:100780000C5F0020285F0020405F0020585F0020A1
:10079000705F0020A85F0020E05F0020F85F00206D
:1007A000E45E0020DC5E00200C60002098610020E8
:1007B000FC380020B0610020B45E0020EC5E002018
:1007C00080D6FFFF485E00203346B84A21464046A7
:1007D00001F066FD0028CEDBA04234BF00220122DA
:1007E000002AC8D1241A804405F1E809B049DFF88D
:1007F000D8A2D9F804309818A04280F08C81241A2D
:100800002AB14046904401F07BFDD9F8043053B141
:100810000020D9F808301B5C013008F8013BD9F8FA
:1008200004309842F5D3D9F80C9002225146B9F120
:10083000000FDED188F80090D5F8F83057E733463E
:100840009C4A2146404601F02BFD002893DBA04244
:1008500091D295F91831241A804495F81891002BFB
:10086000934BC0F28A8119F0400F40F0778119F064
:10087000200F40F0648119F0100F40F0518119F001
:10088000080F70D119F0040F5ED119F0020F79D161
:1008900019F0010F40F08580D5F8F8302AE733468B
:1008A000854A2146404601F0FBFC0028FFF663AF75
:1008B000A042BFF460AFD5F80491241A80447C4B69
:1008C00019F0800F7BD119F0400F40F0878019F0AC
:1008D000200F40F0AF8019F0100F40F09C8019F00D
:1008E000080F40F0098119F0040F40F0D08019F092
:1008F000020F40F0BD8019F0010F40F0AA8019F4FA
:10090000004F7AD1D5F8F830F7E66C4A21464046D8
:1009100001F0C6FC0028FFF62EAFA042BFF42BAFBB
:10092000001B38440EB0BDE8F087013B644A214605
:10093000404601F0B5FC0028FFF61DAF84427FF66B
:100940001AAF241A8044CEE65E4A2146404601F0A2
:10095000A7FC0028FFF60FAF84427FF60CAF241AE5
:100960008044594B91E7594A2146404601F098FC92
:100970000028FFF600AF84427FF6FDAE241A8044C3
:10098000514B7FE7524A2146404601F089FC00283E
:10099000FFF6F1AE84427FF6EEAE241A80444A4B55
:1009A00076E74C4A2146404601F07AFC0028FFF6E3
:1009B000E2AE84427FF6DFAE241A80446CE7464AFA
:1009C0002146404601F06CFC0028FFF6D4AE84427C
:1009D0007FF6D1AE241A80443B4B74E73F4A214650
:1009E000404601F05DFC0028FFF6C5AE84427FF66C
:1009F000C2AE241A8044344B69E7394A2146404646
:100A000001F04EFC0028FFF6B6AE84427FF6B3AE8E
:100A1000241A804476E7334A2146404601F040FCE0
:100A20000028FFF6A8AE84427FF6A5AE241A8044C3
:100A3000254B54E72C4A2146404601F031FC002862
:100A4000FFF699AE84427FF696AE241A80441E4B80
:100A500041E7264A2146404601F022FC0028FFF6E5
:100A60008AAE84427FF687AE241A8044164B46E74E
:100A70001F4A2146404601F013FC0028FFF67BAEDA
:100A800084427FF678AE241A80440F4B33E7194A2C
:100A90002146404601F004FC0028FFF66CAE84427B
:100AA0007FF669AE241A8044074B20E7406000209F
:100AB000FC38002058600020E4600020F83D002051
:100AC0002C600020B8600020485E0020AC60002050
:100AD000C4600020D0600020FC6000201061002075
:100AE00088610020386100202461002078610020A6
:100AF0006C6100205C610020274A2146404601F0DD
:100B0000CFFB0028FFF637AE84427FF634AE241ABE
:100B10008044224BE7E60023214888F80030ADE509
:100B2000204A2146404601F0BBFB0028FFF623AED9
:100B300084427FF620AE241A8044184B9FE61A4A5E
:100B40002146404601F0ACFB0028FFF614AE84427B
:100B50007FF611AE241A8044104B8CE6134A2146CE
:100B6000404601F09DFB0028FFF605AE84427FF66B
:100B700002AE241A8044094B79E60D4A21464046CC
:100B800001F08EFB0028FFF6F6AD84427FF6F3AD50
:100B9000241A8044014B66E64C610020485E002028
:100BA00080D6FFFF986000209060002080600020C9
:100BB000706000202DE9F047DFF88CC082B08A46D3
:100BC000064690461F461D4C0D464FF0010EDFF8BD
:100BD0007C9001E054F808EC1EEA070F29464346D2
:100BE0004A4630460ED0CDF800C001F059FBB0F1B6
:100BF000000C66441EDBAC45A5EB0C051AD254F87C
:100C0000083C5F40D4F804C00834BCF1000FE1D1C7
:100C100027B9AAEB050002B0BDE8F0874346084AB1
:100C20003046294601F03CFB002803DBA84201D2F4
:100C30002D1AEEE7034802B0BDE8F08798EC026099
:100C4000E861002080D6FFFFB8610020E06100204D
:100C5000D0F8F83013F004030DD0094BD0F804217C
:100C60000B40934309D122EA010248F20101054BEE
:100C70000A4208BF002318467047024BFBE700BF3B
:100C8000FE7FFFFF00D8FFFFF8B5D0F8F83004462C
:100C900013F4006012D00F46164604F5847403E086
:100CA000042D0CD0E468D4B16568B542F8D1A068D1
:100CB0003246394601F0F0FA0028F1D1F8BDA368B8
:100CC0001A78552AEED15A7801331D2AEAD113F841
:100CD000012F252AE6D158780028EFD0E2E7014815
:100CE000F8BD00BF00D8FFFF38B5054601F1840408
:100CF00001E0E46B94B1236983B12A6A9A42F8D186
:100D00006169686A01F0C8FA0028F2D104F118009C
:100D1000FEF7EEFD0028ECD0012038BD002038BDE4
:100D20002DE9F04F2DED028BB1B0984608EE101A68
:100D300000213D9B83460B921CA8502219603C9CCD
:100D400001F0FAFAB8F1000F00F0E981ACB12046E9
:100D500001F0B2FADBF8F83006469D0640F1BF819B
:100D60000BF1E805284632462146FFF74FFB20B13C
:100D7000ED68002DF6D104231D930BF1BC0108464C
:100D80000491EFF709FC01230138D8F804200499F5
:100D90008340134200F0C5814046FFF727FA002840
:100DA00040F0798100241CABA24607930A94079D6A
:100DB0000BF1A400C5F800B0FEF79AFD631C089380
:100DC00018B16B6843F001036B600BF18C00FEF708
:100DD00091FD20B1079A536843F400735360BAF150
:100DE000000F40F0FE809BF828310122013B02FAFF
:100DF00003F3D8F80020134200F058819BF8293102
:100E00000122013B02FA03F3D8F80420134200F058
:100E10004781631C012B00F0C6800A9B012218EE5B
:100E2000101A584600932346FFF798FA0546002803
:100E300000F0FF800BF16C010BF14C00FFF732FA70
:100E4000002840F0AD800A9B01330A9301230993E7
:100E500005F1BC0940464946FFF7C8F920B1079A99
:100E6000536843F4803353600B9C002C00F0558191
:100E70000CAFCDF818B0A369002B75D0E26A6B6C8B
:100E80009A4271D1A96C206B01F006FA00286BD14F
:100E9000D5F8F830580709D5D5F80431990740F14D
:100EA000F48048F20102134240F0EF8094F8E80029
:100EB0000121D8F80020431E01FA03F3134294F8ED
:100EC000E9304FF0010203F1FF3308BF4AF4003A62
:100ED00002FA03F3D8F80420134208BF4AF4802A28
:100EE000EDF72EFC3B460646D4E90421EDF7E4FC81
:100EF000002840F0CA8049464046FFF777F908B11C
:100F00004AF4803AD4F8EC10304694F8E83094F87B
:100F1000E9B005910493EDF7A5FCD4F8E02006466E
:100F200058460392D4F8E4200097CDE90162DDE948
:100F300004314A46EFF732FA002840F0A68004F167
:100F40006C00FEF7D5FC08B14AF0200A04F1540009
:100F5000FEF7D0FC08B14AF4806A21460698FFF7F4
:100F6000C3FE002840F09480D4F8F040002C82D1D9
:100F700052460799AB464B6813434B6001F1080397
:100F8000DDE9084A079312E70A9B012218EE101ABE
:100F9000584600930023FFF7E1F90546002848D0A2
:100FA0000123099354E70BF16C010BF14C00FFF79F
:100FB00079F90028E8D118EE105A002DE4D0DBF8BA
:100FC000046003E0D5F83051002DDDD06B689E42FF
:100FD000F8D1A9683246DBF8080001F05DF9002875
:100FE000F0D1089B1CAADDF8FC805D1E02EBC30457
:100FF000DDE93D6754F8041C2A460CAB013D404630
:101000000C912FB154F8081CB847002854D10C9902
:1010100033686A1CA4F1080443EA01033360E9D190
:10102000002B424808BF002031B0BDEC028BBDE868
:10103000F08F0A9A2346DBF83011584600920022BE
:10104000FFF78CF90546002843D0089B012B0CD0F4
:101050000BF16C010BF14C00FFF724F910B90A9B5E
:1010600001330A93089B082B29D829465846FFF7D5
:10107000E5F8099000283FF4EBAE079A536843F077
:101080000803536000230993E2E64AF0100270E778
:101090004AF002026DE71D9B43F480331D9381E605
:1010A000079A536843F400435360B2E6079A5368C3
:1010B00043F480435360A1E610F51C5F00D11C4847
:1010C0004FF0FF333D9A136031B0BDEC028BBDE8A9
:1010D000F08F079A536843F00803536081E70BF1E0
:1010E0006C0503E0AD69002D3FF445AE6B68032B42
:1010F000F8D1AB6818785528F4D159780133042910
:10110000F0D15B78032BEDD105F10C00324621467E
:10111000FFF77CF90028E5D12FE60B9A29E705486F
:10112000CEE71D9B43F400431D9335E600D9FFFF36
:1011300000D0FFFF00D8FFFF10B584B00093069BDE
:10114000089C0193079B03940293024BFFF7E8FD71
:1011500004B010BD38ED02604FF49A72002101F026
:10116000EBB800BF00286AD070B5064682B00546CD
:1011700005F1BC00EFF784F8D5F82C0101F0CCF8AC
:101180006C6E54B120462021A4690190F0F742FF13
:10119000019801F0C1F8002CF4D1D5F8844054B185
:1011A00020462021A4690190F0F734FF019801F056
:1011B000B3F8002CF4D1D5F8144154B120461021D5
:1011C000E4680190F0F726FF019801F0A5F8002CE3
:1011D000F4D1D5F8F44054B120461021E4680190D0
:1011E000F0F718FF019801F097F8002CF4D1A868E7
:1011F00028B16968F0F70EFFA86801F08DF8D5F8FE
:101200003051002DB4D14FF49A713046D6F83041A8
:10121000F0F700FF20464FF49A7174B1D4F83051C2
:10122000F0F7F8FEB44220462C46F3D001F074F8F3
:1012300020464FF49A71002CF0D102B070BD704777
:101240002DE9F04F9DB0002800F0AB81B1FA81F597
:1012500088466D09002900F0A4810746914604469E
:1012600005E0D4F830612546002E6ED03446A369DF
:10127000002BF6D10D930DF1340A10931393CDE9A1
:101280000E33CDE91133CDE9143310AB039313AB17
:101290000293302307AA08A8CDE90798C14449461C
:1012A000E1F7E2FC002840F07F81089A079EA9EB55
:1012B0000209B145C0F02F8132440120A2EB080B96
:1012C0005946C4F804B001F02FF881460890A06098
:1012D000002800F0FF8241465A4601F011F8ABEBBE
:1012E000060309EB0B0607AA4B4408A831466361C5
:1012F00008933023E1F7B8FC8046002840F01181C4
:1013000008A8DDE9073202EB0309636919AAA9EB12
:10131000030349462361A023E1F7A6FC8346002886
:1013200038D010F1620F00F00E812046FFF71AFF4F
:1013300015B10022C5F83021A74202D0204600F0A6
:10134000EBFF58461DB0BDE8F08F4FF49A710120B5
:1013500000F0EAFFC4F83001002800F0BE824FF42C
:101360009A72314600F0E8FF10ABD4F830410DF12D
:10137000340A039313AB0D96109613960293CDE99E
:101380000E66CDE91166CDE91466002C81D1DFF837
:10139000F4B5CEE7089A08A8199B02EB030804F1FC
:1013A00018024146E1F7A2FC002840F0C780089BE4
:1013B000984540F0988104F11C02494608A8FEF7C0
:1013C0004DFE83460028B0D104F128085346494613
:1013D00008A84246FEF7A2FB83460028A5D1A369D0
:1013E000022B00F28C8101335146404604F5947281
:1013F000A36104F59673009304F22913FEF7AAFC87
:101400008346002891D1089B07AA494608A8E363B0
:101410003023E1F729FC0346002840F0978004F1CF
:101420004C0208A8DDE907311944FEF7E9FA8346C2
:1014300000287FF47AAFE26B4946089B08A89B1A04
:1014400019AAA3633023E1F70FFC002800F087807E
:10145000B0F5105B7FF469AF089BA36407AA302343
:10146000494608A8E1F700FC034600286ED1079B17
:1014700053B1089904F16C0208A81944FEF7C0FAA8
:10148000834600287FF451AFA26C4946089B08A808
:101490009B1A04F1BC026364F0F786FA83460028C5
:1014A0007FF443AFA3699A1E012A089A40F2828012
:1014B000914530D1314608A8DDE90223FEF72EFB25
:1014C000834600287FF431AFE26A149B9A4240F0D1
:1014D000E6811599206B00F0DFFE002840F0DF81E7
:1014E0000E9A119B9A4240F0DA8132B112990F980C
:1014F00000F0D2FE002840F0D28108A804F58E72D8
:101500003146FEF707FC834600287FF40EAF089AA9
:1015100096423FF416AF2046DFF86CB4FFF722FE88
:1015200006E7A8F5065B2046FFF71CFEBBF1000F9F
:101530007FF4FEAE58461DB0BDE8F08FB0F5085BF5
:101540003FF439AFF1E6C4F8188034E7A3F5065B41
:101550002046FFF707FEBBF1000FEBD0E8E6089A44
:1015600008A8199B02EB030804F18C024146FEF720
:1015700039FC834600287FF4D8AE04F1A40241462A
:1015800008A8FEF72FFC834600287FF4CEAE089B08
:1015900098453FF462AF2046DFF8F0B3FFF7E2FD75
:1015A000C6E6DFF8E0B3CCE62046DFF8E4B3FFF7A9
:1015B000D9FDBDE6914500F034811378494604F128
:1015C000C80208A8C4F8C430A123E1F74DFB834644
:1015D000002800F02A8110F1620F7FF4A6AE089A6D
:1015E000A369991E01293FF663AF914500F0198167
:1015F0001378494604F1D40208A8C4F8D030A223D5
:10160000E1F732FB8346002800F0038110F1620FFE
:101610007FF48BAEA369032B6FD1032304F1DC02AB
:10162000494608A8FEF740FD8346002861D1089A84
:1016300091454FD90490049B09AA494608A81893DC
:10164000CDE91633CDE90A333023E1F70DFB00284D
:1016500040F09081494608A8DDE9083203EB020A10
:101660001B7817AA16930623E1F7FEFA002840F02C
:101670008181089B179A189313440893A9EB0303DD
:10168000002B40F31C810AAA514608A8E1F704FB8D
:1016900010F1620F02D0002840F06C81042309AAE7
:1016A000514608A8E1F7E0FA002840F06381DDE93F
:1016B000082302EB0308C24540F009810BA916A8D4
:1016C000EDF7CEFF20B30A9BCDF820A0EBB9524630
:1016D0009145B0D891453FF4EDAE2046DFF8B4B265
:1016E000FFF740FD24E62046DFF8ACB2FFF73AFDF5
:1016F0001EE610F1620F7FF418AE089AD8E6204675
:10170000DFF898B2FFF72EFD12E6DFF894B20CE690
:10171000D4F8F8100B9A11EA020340F02881114323
:10172000B2F5807FC4F8F81000F0E68056DC042A99
:1017300000F09280202A40F0DC803023514608A837
:101740000DEB0302E1F790FA002840F0CC80089AF4
:101750000C9BD1181346884540F0B980904504F1A0
:10176000E80A07D8AEE0089B199A134498450893F5
:1017700040F2A880A8EB0302002A40F3A08013F8EF
:1017800001BB19AA414608A80893E1F721FA0028ED
:1017900040F0A9800BF0C003802BB6D1BBF1820FC3
:1017A000E1D1DAF8083073B1DAF80C30002B40F0F0
:1017B000DE801021012000F0B7FDCAF80C000028DF
:1017C00000F08E8082468223CAF80030199A089B66
:1017D000CAF80420CAF808301344C7E7B2F5006F0E
:1017E0002BD0B2F5803F40F08480514619AA08A85A
:1017F00019938DF868301B93E1F7A8FA002859D1A6
:10180000199B012B25D11B9B1B7884F81831089A52
:101810005EE7089AD4F8D430C4F8D820134408936B
:10182000F8E6032B7FF446AEF7E6089AD4F8C83002
:10183000C4F8CC201A440892D2E65146062304F597
:10184000847208A8E1F7DCFAA0BBD4F81031002BB1
:10185000DDD1DFF850B168E5514619AA08A81993FF
:101860008DF868301B93E1F771FA0346E8B91998CF
:101870000028EED0DDF86CC01A46C4F804311CF81C
:1018800003104FEAC30E013301FA0EF1984242EA07
:101890000102C4F80421BAD0042BF0D1B7E72046E6
:1018A000DFF804B1FFF75EFC42E5B0F51450AED0AE
:1018B00083463AE5B0F51450A9D0834635E5DFF804
:1018C000ECB032E5049A4345CAF80C209FD0DFF80B
:1018D000C4B02AE5DFF8D8B02AE5DFF8D4B030E5A7
:1018E000DFF8D0B021E5A0F5145000288FD0834652
:1018F0001BE5DFF8C4B018E5C4E93F335146302397
:1019000019AA08A8E1F7B0F90028ECD1089A904587
:101910003FF4DEAE04F1FC02414608A80592E1F76F
:10192000BBF978B110F1620F059ADCD1414608A8E5
:10193000E1F7DCF90028D6D1D4F8FC3013B101234B
:10194000C4F8FC30089A90453FF4C2AE04F58072AA
:10195000414608A8E1F7CAF90028C4D1089A904581
:10196000B5D1D4F800310133C4F80031B0E6DFF866
:101970004CB0DAE4A0F5145BBBF1000F3FF4BDAE50
:10198000D3E400BF00D8FFFF1ADEFFFF9ADBFFFFA2
:1019900080DEFFFF9ADAFFFF9ADDFFFF80DAFFFFAC
:1019A0009EDAFFFF9CDAFFFF80D9FFFFA0DAFFFF7E
:1019B00080D7FFFF96DAFFFF80DFFFFF00DBFFFF2E
:1019C0002DE9F04F8BB0002872D00F4600296FD060
:1019D000054614468AB38A1812F8016C6EBB374963
:1019E000384600F079FC40B3012C5ED0B046B146D9
:1019F000DFF8CCB0DFF8C4A0049607A8EEF706F92C
:101A000006AB5A46514607A8CDF80090CDE90193A0
:101A10003B46EEF701F90246B8B110F5A45F42D09B
:101A200010F5845F2ED1049B002B37D1B8F1000F45
:101A300041D040460BB0BDE8F08F224639462846DB
:101A40000BB0BDE8F04FFFF7FBBB069B2846DDE976
:101A50000712E41A1F44FFF7F3FB059007A8EEF7FF
:101A600065FB059A4AB112F5225F06F101061AD00C
:101A7000B8F1000F08BF904601E001230493012C48
:101A8000BBD8D0E7B8F1000F08BF804607A8EEF733
:101A90004DFB069B0136E41A1F44F0E7B046404672
:101AA0000BB0BDE8F08F9046C3E7DFF81880C0E7C1
:101AB000DFF81480BDE7A8F51E58BAE714620020CD
:101AC0003062002080D8FFFF00D8FFFF104BA0201D
:101AD000104AD96E41F4403110B4D96640F23764EF
:101AE000D96E41F44071D96654649064936C1B06BE
:101AF000FCD4094A40F23761A02351649364936C8B
:101B000013F08003FBD1054A13705DF8044B704756
:101B100000C00F4000400C4000800C40E8E0002076
:101B2000704700BF704700BF704700BF00BF7047DD
:101B300010B44FF0E023002110243148C3F8941D65
:101B4000C3F89C4D1124C3F8A00D2E48C3F89C4D3A
:101B50001224C3F8A00D2C48C3F89C4D2B4AC3F89F
:101B6000A00D2B4C42F015022A48C3F89C4DC3F837
:101B7000A00D294C2948C3F89C4DC3F8A00D284C52
:101B8000C3F89C2D2748284AC3F8A04DC3F89C0DE4
:101B9000C3F8A02D02F5A022244C0C322448C3F82F
:101BA0009C4DC3F8A02D234AC3F89C0D224CC3F8CA
:101BB000A02D02F14062C3F89C4D2048C3F8A02D2F
:101BC0000C32C3F89C0DC3F8A02D00BF00BF00BFAE
:101BD00000BF00BF0122C3F8942DBFF34F8FBFF3A6
:101BE0006F8FC3F8501FBFF34F8FBFF36F8FD3F8C2
:101BF000142D5DF8044B42F44032C3F8142D7047A5
:101C00003F000010250008070900100020E1002017
:101C100013002000210002071400002025000813F3
:101C2000090000101600202027000B1317000040A9
:101C3000180000602F000B07190000701A000080C8
:101C4000F0B5B84B1822B84E0120B84F83B0C3F896
:101C50005C62B749C3F86072B64DC3F86462A6F51A
:101C60003046B54CC3F86862C3F86C52C3F8705282
:101C7000C3F87452C3F8785248F20C75DA661A67E2
:101C80005A679A67DA67C3F88020C3F88420C3F8DC
:101C90008820C1F82C03A94AC1F83003C1F83403E5
:101CA000C1F83803C1F83C03C1F85003A169A44B43
:101CB0000A40A448A4491343A44AA361D4F8843039
:101CC00043F00C03C4F884304FF0FF34036843F052
:101CD0000203036003682B404FF400551A439C4BEA
:101CE000026044608A689B4C13409B4A43F0005357
:101CF0008360C36823F07803C360036A13402343FF
:101D00000362036A1340954A2343954C43628262FF
:101D1000C2620022D1F8B83023F03F0343F0010340
:101D2000C0F8B830D1F8BC308E4923F03F0343F0FF
:101D30000103C0F8BC3040F2056302610566046728
:101D4000C0F88030456644670224C0F884300368D8
:101D500023F0020303608161834B8449C46143F82B
:101D6000042B8B42FBD1774A136843F001031360C5
:101D7000136813F00103FBD17A48022140F2F564A5
:101D8000906140F29940D16140F26641C2F8004250
:101D900042F20144C2F810127549C2F82002C2F89A
:101DA000301240F235417348C2F83442C2F8401252
:101DB000714CC2F8500242F201207049C2F854122C
:101DC0000121C2F86042C2F864025E48C2F8A03045
:101DD000C2F8A430C2F8B0104369DA07FCD5012379
:101DE00000244FF4803257494361C0F8A040C0F846
:101DF000A420C0F8B0304B69DB07FCD501230024D8
:101E00004FF400304F4A4B61C1F8A040C1F8A40024
:101E1000C1F8B0305369DF07FCD5012300245848CE
:101E200048495361C2F8A040C2F8A400C2F8B030DB
:101E30004B69DE07FCD5D1F8003145F60D52212063
:101E40009BB24861934265D100244FF48022012364
:101E50003C48C1F8A040C1F8A420C1F8B0304369A3
:101E6000DD07FCD501234FF400040021354A43610E
:101E7000C0F8A040C0F8A410C0F8B0305369DC0727
:101E8000FCD501234FF400044FF480302D495361F9
:101E9000C2F8A040C2F8A400C2F8B0304B69D8071D
:101EA000FCD501234FF400044FF40030254A4B6168
:101EB000C1F8A040C1F8A400C1F8B0305369D907F7
:101EC000FCD501234FF400042D481E495361C2F88C
:101ED000A040C2F8A400C2F8B0304B69DA07FCD5C4
:101EE000D1F8003145F60D5221209BB24861934252
:101EF00050D008254FF4000422490020224B234AE9
:101F0000009015705A1A01232148224400F0CCF9A0
:101F100003B0F0BD1E4B0022C3E90022C3E9022238
:101F200003B0F0BD00801F40F9B00100F9100100BE
:101F300000841F40F970010000C00F40FFFCFF1F2C
:101F4000000300A000402A4000802A401200FFFF4A
:101F5000FF37F7004000008000FFF07CFF000F8398
:101F600063000200F05AF05A00422A4000432A401F
:101F70009F041830EB06180A3806180A06320126A4
:101F8000040003000000007000000070EAE0002080
:101F900078D800204FF400044FF480220123084831
:101FA000C1F8A040C1F8A420C1F8B0304369DB07F4
:101FB000FCD5012310254FF0807443619CE700BFDE
:101FC00000402A40F0B4154A40274FF480314FF4C6
:101FD00080564FF400554FF4404443F242001369D9
:101FE00013F0020F0ED113F4005F0FD013F4805FD3
:101FF0000ED0002BF3DA13F4803F0BD15B060BD528
:10200000F0BC7047946151619061E8E75561E6E783
:102010005661E4E79161E2E75761E0E700800D4037
:102020003F4A03203F49F3EE095AD2F880304FF07F
:10203000000C9FED3D6A23F001039FED3C5A30B444
:10204000C2F88030C2F89000D1F8E010384DCBB221
:10205000384C39482B6007EE903A0B0DC1F30B2139
:10206000F8EEE77A06EE903A07EE101A334BB8EE28
:10207000C77A2160F8EEE66A314937EEC66A37EE74
:10208000C55A76EEC76A77EEE57A26EE266AC3ED84
:10209000006A25EE265AD2F8803067EEA64AC0EDD7
:1020A000007AC6EE275A274885EE276AC4EEA76A4B
:1020B00075EE875AFCEEE55A36EE076A15EE904A41
:1020C000BCEEC66A43EA045376EE877AC2F88030E3
:1020D00016EE103AD2F89041FCEEE77A01EA03419D
:1020E000214317EE903AC2F89011C3F30B03D2F8D4
:1020F00090110B431449C2F89031D2F8803043F06C
:102100000203C2F88030114B80F840C0C1F8403162
:102110004FF0E023012230BCC3F80821704700BF14
:1021200000810D4000441F400000AA420000B4425C
:10213000F4DD0020F0DD0020F8DD0020FCDD0020D3
:102140000000FF0F00E400E0007800208506010099
:10215000314B40F6617210B5C3F8202140F20444BF
:1021600000F0DEF82D4A2E49D2F880302D4843F099
:102170000303C2F880302C4BC1F8604102681A4258
:1021800003D1D1F8A8319A071BD0254A4FF000415E
:10219000244B5963D2F8403143F00203C2F8403176
:1021A000D2F840319B07FBD44FF400304FF0E021D0
:1021B0001C4B4FF00042C1F88C0219209A6300F0CA
:1021C00083F8184A4FF08040154C002190630A2094
:1021D000164B11604FF42072C4F8A801184600F0A5
:1021E000ABF84FF4800203464FF4810040F24311F4
:1021F0001860C4F858311A640D4B0E4AC4F84811DF
:10220000C3F804224FF0E0224FF400310123C2F85A
:102210000C11C4F8403110BD00800D4000C00F40CB
:1022200000002E4000900D40001C1E000000002009
:10223000007800206D08010008B50E4B1B6E9B074F
:1022400000D4FBBE72B60C4B00200C4AC3F8400110
:1022500003F160430A49A3F55F2311649D46BFF370
:102260004F8F4FF400130748074ADB6902609B68F1
:10227000984700BF00441F4000002E4000C00A40A5
:102280000300200000802020000012EBF8B500BF02
:10229000F8BC08BC9E4670475FF800F0F1390100B9
:1022A0005FF800F0113801005FF800F03D200100F8
:1022B0005FF800F0013801005FF800F041460100CE
:1022C0005FF800F0513701005FF800F0B5F800004A
:1022D0005FF800F08D1A01005FF800F0DD3F0100AB
:1022E0005FF800F0293701005FF800F0513A010073
:1022F0005FF800F08D0301005FF800F08530010009
:102300005FF800F081F300005FF800F0294201005F
:102310005FF800F0352701005FF800F0FD2A0100AA
:102320005FF800F0DD0F01005FF800F0312A0100D6
:102330005FF800F0894201005FF800F0493B0100BE
:102340005FF800F0C5F50000A5010000E14A0000BB
:08235000F1670000191A0100F9
:1023580080C00F40000000031900000010000000BA
:10236800E8841F4001000000FF000000FF0000009B
:10237800000000000000000018000000100000002D
:10238800E4841F4001000000FF000000FF0000007F
:1023980000000000000000001F0000003163000082
:1023A80070C00F40000C0000110000001100000078
:1023B800E0841F40020000002C0000001200000012
:1023C800E0841F4001000000100000001100000020
:1023D800DC841F40020000002D00000012000000F5
:1023E800DC841F40010000001E000000256300007F
:1023F80070C00F40C0000000120000001300000071
:10240800D0841F4001000000FF000000FF00000012
:10241800000000000000000013000000130000008E
:10242800CC841F4001000000FF000000FF000000F6
:1024380000000000000000001C00000019630000FC
:102448000100000002000000040000000800000075
:102458001000000020000000400000008000000084
:102468001B00000036000000637C777BF26B6FC5B1
:102478003001672BFED7AB76CA82C97DFA5947F07F
:10248800ADD4A2AF9CA472C0B7FD9326363FF7CC5B
:1024980034A5E5F171D8311504C723C31896059AF8
:1024A800071280E2EB27B27509832C1A1B6E5AA01B
:1024B800523BD6B329E32F8453D100ED20FCB15B06
:1024C8006ACBBE394A4C58CFD0EFAAFB434D33856F
:1024D80045F9027F503C9FA851A3408F929D38F543
:1024E800BCB6DA2110FFF3D2CD0C13EC5F9744177A
:1024F800C4A77E3D645D197360814FDC222A9088F1
:1025080046EEB814DE5E0BDBE0323A0A4906245C7C
:10251800C2D3AC629195E479E7C8376D8DD54EA9E1
:102528006C56F4EA657AAE08BA78252E1CA6B4C6AD
:10253800E8DD741F4BBD8B8A703EB5664803F60E06
:10254800613557B986C11D9EE1F8981169D98E94F5
:102558009B1E87E9CE5528DF8CA1890DBFE642680E
:1025680041992D0FB054BB1651F4A7507E416553C5
:102578001A17A4C33A275E963BAB6BCB1F9D45F158
:10258800ACFA58AB4BE303932030FA55AD766DF6B1
:1025980088CC7691F5024C254FE5D7FCC52ACBD7D8
:1025A80026354480B562A38FDEB15A4925BA1B6728
:1025B80045EA0E985DFEC0E1C32F7502814CF0120A
:1025C8008D4697A36BD3F9C6038F5FE715929C9549
:1025D800BF6D7AEB955259DAD4BE832D587421D346
:1025E80049E069298EC9C84475C2896AF48E797828
:1025F80099583E6B27B971DDBEE14FB6F088AD172B
:10260800C920AC667DCE3AB463DF4A18E51A318238
:102618009751336062537F45B16477E0BB6BAE84FA
:10262800FE81A01CF9082B94704868588F45FD1945
:1026380094DE6C87527BF8B7AB73D323724B02E2FC
:10264800E31F8F576655AB2AB2EB28072FB5C20395
:1026580086C57B9AD33708A5302887F223BFA5B251
:1026680002036ABAED16825C8ACF1C2BA779B49252
:10267800F307F2F04E69E2A165DAF4CD0605BED59E
:10268800D134621FC4A6FE8A342E539DA2F355A0EE
:10269800058AE132A4F6EB750B83EC394060EFAAAA
:1026A8005E719F06BD6E10513E218AF996DD063D8A
:1026B800DD3E05AE4DE6BD4691548DB571C45D0550
:1026C8000406D46F605015FF1998FB24D6BDE9970E
:1026D800894043CC67D99E77B0E842BD07898B888B
:1026E800E7195B3879C8EEDBA17C0A477C420FE921
:1026F800F8841EC90000000009808683322BED484B
:102708001E1170AC6C5A724EFD0EFFFB0F853856C9
:102718003DAED51E362D39270A0FD964685CA6212F
:102728009B5B54D124362E3A0C0A67B19357E70FB6
:10273800B4EE96D21B9B919E80C0C54F61DC20A24F
:102748005A774B691C121A16E293BA0AC0A02AE5F6
:102758003C22E043121B171D0E090D0BF28BC7AD6F
:102768002DB6A8B9141EA9C857F11985AF75074C1D
:10277800EE99DDBBA37F60FDF701269F5C72F5BC77
:1027880044663BC55BFB7E348B432976CB23C6DC92
:10279800B6EDFC68B8E4F163D731DCCA4263851052
:1027A8001397224084C61120854A247DD2BB3DF868
:1027B800AEF93211C729A16D1D9E2F4BDCB230F343
:1027C8000D8652EC77C1E3D02BB3166CA970B9997A
:1027D800119448FA47E96422A8FC8CC4A0F03F1A77
:1027E800567D2CD8223390EF87494EC7D938D1C1AE
:1027F8008CCAA2FE98D40B36A6F581CFA57ADE281E
:10280800DAB78E263FADBFA42C3A9DE45078920DDE
:102818006A5FCC9B547E4662F68D13C290D8B8E8A6
:102828002E39F75E82C3AFF59F5D80BE69D0937C79
:102838006FD52DA9CF2512B3C8AC993B10187DA729
:10284800E89C636EDB3BBB7BCD2678096E5918F498
:10285800EC9AB701834F9AA8E6956E65AAFFE67EC3
:1028680021BCCF08EF15E8E6BAE79BD94A6F36CE08
:10287800EA9F09D429B07CD631A4B2AF2A3F2331CC
:10288800C6A5943035A266C0744EBC37FC82CAA671
:10289800E090D0B033A7D815F104984A41ECDAF7A4
:1028A8007FCD500E1791F62F764DD68D43EFB04D54
:1028B800CCAA4D54E49604DF9ED1B5E34C6A881B3C
:1028C800C12C1FB84665517F9D5EEA04018C355DB9
:1028D800FA877473FB0B412EB3671D5A92DBD252F1
:1028E800E91056336DD647139AD7618C37A10C7A05
:1028F80059F8148EEB133C89CEA927EEB761C93578
:10290800E11CE5ED7A47B13C9CD2DF5955F2733FA3
:102918001814CE7973C737BF53F7CDEA5FFDAA5BAA
:10292800DF3D6F147844DB86CAAFF381B968C43ED3
:102938003824342CC2A3405F161DC372BCE2250C98
:10294800283C498BFF0D954139A80171080CB3DE6D
:10295800D8B4E49C6456C1907BCB8461D532B67000
:10296800486C5C74D0B85742F4A750514165537E07
:1029780017A4C31A275E963AAB6BCB3B9D45F11F54
:10298800FA58ABACE303934B30FA5520766DF6ADAD
:10299800CC769188024C25F5E5D7FC4F2ACBD7C5D4
:1029A8003544802662A38FB5B15A49DEBA1B672524
:1029B800EA0E9845FEC0E15D2F7502C34CF0128106
:1029C8004697A38DD3F9C66B8F5FE703929C951545
:1029D8006D7AEBBF5259DA95BE832DD47421D35842
:1029E800E0692949C9C8448EC2896A758E7978F424
:1029F800583E6B99B971DD27E14FB6BE88AD17F027
:102A080020AC66C9CE3AB47DDF4A18631A3182E534
:102A180051336097537F45626477E0B16BAE84BBF6
:102A280081A01CFE082B94F94868587045FD198F41
:102A3800DE6C87947BF8B75273D323AB4B02E272F8
:102A48001F8F57E355AB2A66EB2807B2B5C2032F91
:102A5800C57B9A863708A5D32887F230BFA5B2234D
:102A6800036ABA0216825CEDCF1C2B8A79B492A74E
:102A780007F2F0F369E2A14EDAF4CD6505BED5069A
:102A880034621FD1A6FE8AC42E539D34F355A0A2EA
:102A98008AE13205F6EB75A483EC390B60EFAA40A6
:102AA800719F065E6E1051BD218AF93EDD063D9686
:102AB8003E05AEDDE6BD464D548DB591C45D05714C
:102AC80006D46F045015FF6098FB2419BDE997D60A
:102AD8004043CC89D99E7767E842BDB0898B880787
:102AE800195B38E7C8EEDB797C0A47A1420FE97C1D
:102AF800841EC9F800000000808683092BED483247
:102B08001170AC1E5A724E6C0EFFFBFD8538560FC5
:102B1800AED51E3D2D3927360FD9640A5CA621682B
:102B28005B54D19B362E3A240A67B10C57E70F93B2
:102B3800EE96D2B49B919E1BC0C54F80DC20A2614B
:102B4800774B695A121A161C93BA0AE2A02AE5C0F2
:102B580022E0433C1B171D12090D0B0E8BC7ADF26B
:102B6800B6A8B92D1EA9C814F119855775074CAF19
:102B780099DDBBEE7F60FDA301269FF772F5BC5C73
:102B8800663BC544FB7E345B4329768B23C6DCCB8E
:102B9800EDFC68B6E4F163B831DCCAD7638510424E
:102BA80097224013C61120844A247D85BB3DF8D264
:102BB800F93211AE29A16DC79E2F4B1DB230F3DC3F
:102BC8008652EC0DC1E3D077B3166C2B70B999A976
:102BD8009448FA11E9642247FC8CC4A8F03F1AA073
:102BE8007D2CD8563390EF22494EC78738D1C1D9AA
:102BF800CAA2FE8CD40B3698F581CFA67ADE28A51A
:102C0800B78E26DAADBFA43F3A9DE42C78920D50DA
:102C18005FCC9B6A7E4662548D13C2F6D8B8E890A2
:102C280039F75E2EC3AFF5825D80BE9FD0937C6975
:102C3800D52DA96F2512B3CFAC993BC8187DA71025
:102C48009C636EE83BBB7BDB267809CD5918F46E94
:102C58009AB701EC4F9AA883956E65E6FFE67EAABF
:102C6800BCCF082115E8E6EFE79BD9BA6F36CE4A04
:102C78009F09D4EAB07CD629A4B2AF313F23312AC8
:102C8800A59430C6A266C0354EBC377482CAA6FC6D
:102C980090D0B0E0A7D8153304984AF1ECDAF741A0
:102CA800CD500E7F91F62F174DD68D76EFB04D4350
:102CB800AA4D54CC9604DFE4D1B5E39E6A881B4C38
:102CC8002C1FB8C165517F465EEA049D8C355D01B5
:102CD800877473FA0B412EFB671D5AB3DBD25292ED
:102CE800105633E9D647136DD7618C9AA10C7A3701
:102CF800F8148E59133C89EBA927EECE61C935B774
:102D08001CE5EDE147B13C7AD2DF599CF2733F559F
:102D180014CE7918C737BF73F7CDEA53FDAA5B5FA6
:102D28003D6F14DF44DB8678AFF381CA68C43EB9CF
:102D380024342C38A3405FC21DC37216E2250CBC94
:102D48003C498B280D9541FFA80171390CB3DE0869
:102D5800B4E49CD856C19064CB84617B32B670D5FC
:102D68006C5C7448B85742D05051F4A7537E416503
:102D7800C31A17A4963A275ECB3BAB6BF11F9D4550
:102D8800ABACFA58934BE303552030FAF6AD766DA9
:102D98009188CC7625F5024CFC4FE5D7D7C52ACBD0
:102DA800802635448FB562A349DEB15A6725BA1B20
:102DB8009845EA0EE15DFEC002C32F7512814CF002
:102DC800A38D4697C66BD3F9E7038F5F9515929C41
:102DD800EBBF6D7ADA9552592DD4BE83D35874213E
:102DE8002949E069448EC9C86A75C28978F48E7920
:102DF8006B99583EDD27B971B6BEE14F17F088AD23
:102E080066C920ACB47DCE3A1863DF4A82E51A3130
:102E1800609751334562537FE0B1647784BB6BAEF2
:102E28001CFE81A094F9082B58704868198F45FD3D
:102E38008794DE6CB7527BF823AB73D3E2724B02F4
:102E480057E31F8F2A6655AB07B2EB28032FB5C28D
:102E58009A86C57BA5D33708F2302887B223BFA549
:102E6800BA02036A5CED16822B8ACF1C92A779B44A
:102E7800F0F307F2A14E69E2CD65DAF4D50605BE96
:102E88001FD134628AC4A6FE9D342E53A0A2F355E6
:102E980032058AE175A4F6EB390B83ECAA4060EFA2
:102EA800065E719F51BD6E10F93E218A3D96DD0682
:102EB800AEDD3E05464DE6BDB591548D0571C45D48
:102EC8006F0406D4FF605015241998FB97D6BDE906
:102ED800CC8940437767D99EBDB0E8428807898B83
:102EE80038E7195BDB79C8EE47A17C0AE97C420F19
:102EF800C9F8841E000000008309808648322BED43
:102F0800AC1E11704E6C5A72FBFD0EFF560F8538C1
:102F18001E3DAED527362D39640A0FD921685CA627
:102F2800D19B5B543A24362EB10C0A670F9357E7AE
:102F3800D2B4EE969E1B9B914F80C0C5A261DC2047
:102F4800695A774B161C121A0AE293BAE5C0A02AEE
:102F5800433C22E01D121B170B0E090DADF28BC767
:102F6800B92DB6A8C8141EA98557F1194CAF750715
:102F7800BBEE99DDFDA37F609FF70126BC5C72F56F
:102F8800C544663B345BFB7E768B4329DCCB23C68A
:102F980068B6EDFC63B8E4F1CAD731DC104263854A
:102FA800401397222084C6117D854A24F8D2BB3D60
:102FB80011AEF9326DC729A14B1D9E2FF3DCB2303B
:102FC800EC0D8652D077C1E36C2BB31699A970B972
:102FD800FA1194482247E964C4A8FC8C1AA0F03F6F
:102FE800D8567D2CEF223390C787494EC1D938D1A6
:102FF800FE8CCAA23698D40BCFA6F58128A57ADE16
:1030080026DAB78EA43FADBFE42C3A9D0D507892D6
:103018009B6A5FCC62547E46C2F68D13E890D8B89E
:103028005E2E39F7F582C3AFBE9F5D807C69D09371
:10303800A96FD52DB3CF25123BC8AC99A710187D21
:103048006EE89C637BDB3BBB09CD2678F46E591890
:1030580001EC9AB7A8834F9A65E6956E7EAAFFE6BB
:103068000821BCCFE6EF15E8D9BAE79BCE4A6F3600
:10307800D4EA9F09D629B07CAF31A4B2312A3F23C4
:1030880030C6A594C035A26637744EBCA6FC82CA69
:10309800B0E090D01533A7D84AF10498F741ECDA9C
:1030A8000E7FCD502F1791F68D764DD64D43EFB04C
:1030B80054CCAA4DDFE49604E39ED1B51B4C6A8834
:1030C800B8C12C1F7F466551049D5EEA5D018C35B1
:1030D80073FA87742EFB0B415AB3671D5292DBD2E9
:1030E80033E91056136DD6478C9AD7617A37A10CFD
:1030F8008E59F81489EB133CEECEA92735B761C970
:10310800EDE11CE53C7A47B1599CD2DF3F55F2739B
:10311800791814CEBF73C737EA53F7CD5B5FFDAAA2
:1031280014DF3D6F867844DB81CAAFF33EB968C4CB
:103138002C3824345FC2A34072161DC30CBCE22590
:103148008B283C4941FF0D957139A801DE080CB365
:103158009CD8B4E4906456C1617BCB8470D532B6F8
:1031680074486C5C42D0B857A75051F465537E41FF
:10317800A4C31A175E963A276BCB3BAB45F11F9D4C
:1031880058ABACFA03934BE3FA5520306DF6AD76A5
:10319800769188CC4C25F502D7FC4FE5CBD7C52ACC
:1031A80044802635A38FB5625A49DEB11B6725BA1C
:1031B8000E9845EAC0E15DFE7502C32FF012814CFE
:1031C80097A38D46F9C66BD35FE7038F9C9515923D
:1031D8007AEBBF6D59DA9552832DD4BE21D358743A
:1031E800692949E0C8448EC9896A75C27978F48E1C
:1031F8003E6B995871DD27B94FB6BEE1AD17F0881F
:10320800AC66C9203AB47DCE4A1863DF3182E51A2C
:10321800336097517F45625377E0B164AE84BB6BEE
:10322800A01CFE812B94F90868587048FD198F4539
:103238006C8794DEF8B7527BD323AB7302E2724BF0
:103248008F57E31FAB2A66552807B2EBC2032FB589
:103258007B9A86C508A5D33787F23028A5B223BF45
:103268006ABA0203825CED161C2B8ACFB492A77946
:10327800F2F0F307E2A14E69F4CD65DABED5060592
:10328800621FD134FE8AC4A6539D342E55A0A2F3E2
:10329800E132058AEB75A4F6EC390B83EFAA40609E
:1032A8009F065E711051BD6E8AF93E21063D96DD7E
:1032B80005AEDD3EBD464DE68DB591545D0571C444
:1032C800D46F040615FF6050FB241998E997D6BD02
:1032D80043CC89409E7767D942BDB0E88B8807897F
:1032E8005B38E719EEDB79C80A47A17C0FE97C4215
:1032F8001EC9F8840000000086830980ED48322B3F
:1033080070AC1E11724E6C5AFFFBFD0E38560F85BD
:10331800D51E3DAE3927362DD9640A0FA621685C23
:1033280054D19B5B2E3A243667B10C0AE70F9357AA
:1033380096D2B4EE919E1B9BC54F80C020A261DC43
:103348004B695A771A161C12BA0AE2932AE5C0A0EA
:10335800E0433C22171D121B0D0B0E09C7ADF28B63
:10336800A8B92DB6A9C8141E198557F1074CAF7511
:10337800DDBBEE9960FDA37F269FF701F5BC5C726B
:103388003BC544667E345BFB29768B43C6DCCB2386
:10339800FC68B6EDF163B8E4DCCAD7318510426346
:1033A80022401397112084C6247D854A3DF8D2BB5C
:1033B8003211AEF9A16DC7292F4B1D9E30F3DCB237
:1033C80052EC0D86E3D077C1166C2BB3B999A9706E
:1033D80048FA1194642247E98CC4A8FC3F1AA0F06B
:1033E8002CD8567D90EF22334EC78749D1C1D938A2
:1033F800A2FE8CCA0B3698D481CFA6F5DE28A57A12
:103408008E26DAB7BFA43FAD9DE42C3A920D5078D2
:10341800CC9B6A5F4662547E13C2F68DB8E890D89A
:10342800F75E2E39AFF582C380BE9F5D937C69D06D
:103438002DA96FD512B3CF25993BC8AC7DA710181D
:10344800636EE89CBB7BDB3B7809CD2618F46E598C
:10345800B701EC9A9AA8834F6E65E695E67EAAFFB7
:10346800CF0821BCE8E6EF159BD9BAE736CE4A6FFC
:1034780009D4EA9F7CD629B0B2AF31A423312A3FC0
:103488009430C6A566C035A2BC37744ECAA6FC8265
:10349800D0B0E090D81533A7984AF104DAF741EC98
:1034A800500E7FCDF62F1791D68D764DB04D43EF48
:1034B8004D54CCAA04DFE496B5E39ED1881B4C6A30
:1034C8001FB8C12C517F4665EA049D5E355D018CAD
:1034D8007473FA87412EFB0B1D5AB367D25292DBE5
:1034E8005633E91047136DD6618C9AD70C7A37A1F9
:1034F800148E59F83C89EB1327EECEA9C935B7616C
:10350800E5EDE11CB13C7A47DF599CD2733F55F297
:10351800CE79181437BF73C7CDEA53F7AA5B5FFD9E
:103528006F14DF3DDB867844F381CAAFC43EB968C7
:10353800342C3824405FC2A3C372161D250CBCE28C
:10354800498B283C9541FF0D017139A8B3DE080C61
:10355800E49CD8B4C190645684617BCBB670D532F4
:103568005C74486C5742D0B8C66363A5F87C7C8409
:10357800EE777799F67B7B8DFFF2F20DD66B6BBDFC
:10358800DE6F6FB191C5C554603030500201010340
:10359800CE6767A9562B2B7DE7FEFE19B5D7D762F4
:1035A8004DABABE6EC76769A8FCACA451F82829DF0
:1035B80089C9C940FA7D7D87EFFAFA15B25959EBE6
:1035C8008E4747C9FBF0F00B41ADADECB3D4D467DF
:1035D8005FA2A2FD45AFAFEA239C9CBF53A4A4F70A
:1035E800E47272969BC0C05B75B7B7C2E1FDFD1C63
:1035F8003D9393AE4C26266A6C36365A7E3F3F4141
:10360800F5F7F70283CCCC4F6834345C51A5A5F4A8
:10361800D1E5E534F9F1F108E2717193ABD8D873CB
:10362800623131532A15153F0804040C95C7C75257
:10363800462323659DC3C35E30181828379696A184
:103648000A05050F2F9A9AB50E0707092412123694
:103658001B80809BDFE2E23DCDEBEB264E272769FE
:103668007FB2B2CDEA75759F1209091B1D83839E2F
:10367800582C2C74341A1A2E361B1B2DDC6E6EB285
:10368800B45A5AEE5BA0A0FBA45252F6763B3B4DCF
:10369800B7D6D6617DB3B3CE5229297BDDE3E33EAD
:1036A8005E2F2F7113848497A65353F5B9D1D1682F
:1036B80000000000C1EDED2C40202060E3FCFC1F61
:1036C80079B1B1C8B65B5BEDD46A6ABE8DCBCB4627
:1036D80067BEBED97239394B944A4ADE984C4CD4ED
:1036E800B05858E885CFCF4ABBD0D06BC5EFEF2A8A
:1036F8004FAAAAE5EDFBFB16864343C59A4D4DD765
:1037080066333355118585948A4545CFE9F9F91013
:1037180004020206FE7F7F81A05050F0783C3C44B2
:10372800259F9FBA4BA8A8E3A25151F35DA3A3FE1E
:10373800804040C0058F8F8A3F9292AD219D9DBCED
:1037480070383848F1F5F50463BCBCDF77B6B6C10C
:10375800AFDADA754221216320101030E5FFFF1A35
:10376800FDF3F30EBFD2D26D81CDCD4C180C0C14E5
:1037780026131335C3ECEC2FBE5F5FE1359797A294
:10378800884444CC2E17173993C4C45755A7A7F2B9
:10379800FC7E7E827A3D3D47C86464ACBA5D5DE7D5
:1037A8003219192BE6737395C06060A0198181984E
:1037B8009E4F4FD1A3DCDC7F44222266542A2A7E06
:1037C8003B9090AB0B8888838C4646CAC7EEEE299F
:1037D8006BB8B8D32814143CA7DEDE79BC5E5EE271
:1037E800160B0B1DADDBDB76DBE0E03B64323256BB
:1037F800743A3A4E140A0A1E924949DB0C06060A24
:103808004824246CB85C5CE49FC2C25DBDD3D36E0F
:1038180043ACACEFC46262A6399191A8319595A4E6
:10382800D3E4E437F279798BD5E7E7328BC8C8431C
:103838006E373759DA6D6DB7018D8D8CB1D5D5647A
:103848009C4E4ED249A9A9E0D86C6CB4AC5656FA35
:10385800F3F4F407CFEAEA25CA6565AFF47A7A8EFD
:1038680047AEAEE9100808186FBABAD5F07878886C
:103878004A25256F5C2E2E72381C1C2457A6A6F1EB
:1038880073B4B4C797C6C651CBE8E823A1DDDD7C85
:10389800E874749C3E1F1F21964B4BDD61BDBDDC57
:1038A8000D8B8B860F8A8A85E07070907C3E3E4235
:1038B80071B5B5C4CC6666AA904848D80603030516
:1038C800F7F6F6011C0E0E12C26161A36A35355F68
:1038D800AE5757F969B9B9D01786869199C1C158B9
:1038E8003A1D1D27279E9EB9D9E1E138EBF8F81358
:1038F8002B9898B322111133D26969BBA9D9D97011
:10390800078E8E89339494A72D9B9BB63C1E1E224E
:1039180015878792C9E9E92087CECE49AA5555FF70
:1039280050282878A5DFDF7A038C8C8F59A1A1F85D
:10393800098989801A0D0D1765BFBFDAD7E6E63108
:10394800844242C6D06868B8824141C3299999B077
:103958005A2D2D771E0F0F117BB0B0CBA85454FCF5
:103968006DBBBBD62C16163A6363A5C67C7C84F85F
:10397800777799EE7B7B8DF6F2F20DFF6B6BBDD6F8
:103988006F6FB1DEC5C5549130305060010103023C
:103998006767A9CE2B2B7D56FEFE19E7D7D762B5F0
:1039A800ABABE64D76769AECCACA458F82829D1FEC
:1039B800C9C940897D7D87FAFAFA15EF5959EBB2E2
:1039C8004747C98EF0F00BFBADADEC41D4D467B3DB
:1039D800A2A2FD5FAFAFEA459C9CBF23A4A4F75306
:1039E800727296E4C0C05B9BB7B7C275FDFD1CE15F
:1039F8009393AE3D26266A4C36365A6C3F3F417E3D
:103A0800F7F702F5CCCC4F8334345C68A5A5F451A4
:103A1800E5E534D1F1F108F9717193E2D8D873ABC7
:103A28003131536215153F2A04040C08C7C7529553
:103A380023236546C3C35E9D181828309696A13780
:103A480005050F0A9A9AB52F0707090E1212362490
:103A580080809B1BE2E23DDFEBEB26CD2727694EFA
:103A6800B2B2CD7F75759FEA09091B1283839E1D2B
:103A78002C2C74581A1A2E341B1B2D366E6EB2DC81
:103A88005A5AEEB4A0A0FB5B5252F6A43B3B4D76CB
:103A9800D6D661B7B3B3CE7D29297B52E3E33EDDA9
:103AA8002F2F715E848497135353F5A6D1D168B92B
:103AB80000000000EDED2CC120206040FCFC1FE35D
:103AC800B1B1C8795B5BEDB66A6ABED4CBCB468D23
:103AD800BEBED96739394B724A4ADE944C4CD498E9
:103AE8005858E8B0CFCF4A85D0D06BBBEFEF2AC586
:103AF800AAAAE54FFBFB16ED4343C5864D4DD79A61
:103B080033335566858594114545CF8AF9F910E90F
:103B1800020206047F7F81FE5050F0A03C3C4478AE
:103B28009F9FBA25A8A8E34B5151F3A2A3A3FE5D1A
:103B38004040C0808F8F8A059292AD3F9D9DBC21E9
:103B480038384870F5F504F1BCBCDF63B6B6C17708
:103B5800DADA75AF2121634210103020FFFF1AE531
:103B6800F3F30EFDD2D26DBFCDCD4C810C0C1418E1
:103B780013133526ECEC2FC35F5FE1BE9797A23590
:103B88004444CC881717392EC4C45793A7A7F255B5
:103B98007E7E82FC3D3D477A6464ACC85D5DE7BAD1
:103BA80019192B32737395E66060A0C0818198194A
:103BB8004F4FD19EDCDC7FA3222266442A2A7E5402
:103BC8009090AB3B8888830B4646CA8CEEEE29C79B
:103BD800B8B8D36B14143C28DEDE79A75E5EE2BC6D
:103BE8000B0B1D16DBDB76ADE0E03BDB32325664B7
:103BF8003A3A4E740A0A1E144949DB9206060A0C20
:103C080024246C485C5CE4B8C2C25D9FD3D36EBD0B
:103C1800ACACEF436262A6C49191A8399595A431E2
:103C2800E4E437D379798BF2E7E732D5C8C8438B18
:103C38003737596E6D6DB7DA8D8D8C01D5D564B176
:103C48004E4ED29CA9A9E0496C6CB4D85656FAAC31
:103C5800F4F407F3EAEA25CF6565AFCA7A7A8EF4F9
:103C6800AEAEE94708081810BABAD56F787888F068
:103C780025256F4A2E2E725C1C1C2438A6A6F157E7
:103C8800B4B4C773C6C65197E8E823CBDDDD7CA181
:103C980074749CE81F1F213E4B4BDD96BDBDDC6153
:103CA8008B8B860D8A8A850F707090E03E3E427C31
:103CB800B5B5C4716666AACC4848D8900303050612
:103CC800F6F601F70E0E121C6161A3C235355F6A64
:103CD8005757F9AEB9B9D06986869117C1C15899B5
:103CE8001D1D273A9E9EB927E1E138D9F8F813EB54
:103CF8009898B32B111133226969BBD2D9D970A90D
:103D08008E8E89079494A7339B9BB62D1E1E223C4A
:103D180087879215E9E920C9CECE49875555FFAA6C
:103D280028287850DFDF7AA58C8C8F03A1A1F85959
:103D3800898980090D0D171ABFBFDA65E6E631D704
:103D48004242C6846868B8D04141C3829999B02973
:103D58002D2D775A0F0F111EB0B0CB7B5454FCA8F1
:103D6800BBBBD66D16163A2CA5C6636384F87C7C5B
:103D780099EE77778DF67B7B0DFFF2F2BDD66B6BF4
:103D8800B1DE6F6F5491C5C5506030300302010138
:103D9800A9CE67677D562B2B19E7FEFE62B5D7D7EC
:103DA800E64DABAB9AEC7676458FCACA9D1F8282E8
:103DB8004089C9C987FA7D7D15EFFAFAEBB25959DE
:103DC800C98E47470BFBF0F0EC41ADAD67B3D4D4D7
:103DD800FD5FA2A2EA45AFAFBF239C9CF753A4A402
:103DE80096E472725B9BC0C0C275B7B71CE1FDFD5B
:103DF800AE3D93936A4C26265A6C3636417E3F3F39
:103E080002F5F7F74F83CCCC5C683434F451A5A5A0
:103E180034D1E5E508F9F1F193E2717173ABD8D8C3
:103E2800536231313F2A15150C0804045295C7C74F
:103E3800654623235E9DC3C328301818A13796967C
:103E48000F0A0505B52F9A9A090E0707362412128C
:103E58009B1B80803DDFE2E226CDEBEB694E2727F6
:103E6800CD7FB2B29FEA75751B1209099E1D838327
:103E780074582C2C2E341A1A2D361B1BB2DC6E6E7D
:103E8800EEB45A5AFB5BA0A0F6A452524D763B3BC7
:103E980061B7D6D6CE7DB3B37B5229293EDDE3E3A5
:103EA800715E2F2F97138484F5A6535368B9D1D127
:103EB800000000002CC1EDED604020201FE3FCFC59
:103EC800C879B1B1EDB65B5BBED46A6A468DCBCB1F
:103ED800D967BEBE4B723939DE944A4AD4984C4CE5
:103EE800E8B058584A85CFCF6BBBD0D02AC5EFEF82
:103EF800E54FAAAA16EDFBFBC5864343D79A4D4D5D
:103F08005566333394118585CF8A454510E9F9F90B
:103F18000604020281FE7F7FF0A0505044783C3CAA
:103F2800BA259F9FE34BA8A8F3A25151FE5DA3A316
:103F3800C08040408A058F8FAD3F9292BC219D9DE5
:103F48004870383804F1F5F5DF63BCBCC177B6B604
:103F580075AFDADA63422121302010101AE5FFFF2D
:103F68000EFDF3F36DBFD2D24C81CDCD14180C0CDD
:103F7800352613132FC3ECECE1BE5F5FA23597978C
:103F8800CC884444392E17175793C4C4F255A7A7B1
:103F980082FC7E7E477A3D3DACC86464E7BA5D5DCD
:103FA8002B32191995E67373A0C060609819818146
:103FB800D19E4F4F7FA3DCDC664422227E542A2AFE
:103FC800AB3B9090830B8888CA8C464629C7EEEE97
:103FD800D36BB8B83C28141479A7DEDEE2BC5E5E69
:103FE8001D160B0B76ADDBDB3BDBE0E056643232B3
:103FF8004E743A3A1E140A0ADB9249490A0C06061C
:104008006C482424E4B85C5C5D9FC2C26EBDD3D307
:10401800EF43ACACA6C46262A8399191A4319595DE
:1040280037D3E4E48BF2797932D5E7E7438BC8C814
:10403800596E3737B7DA6D6D8C018D8D64B1D5D572
:10404800D29C4E4EE049A9A9B4D86C6CFAAC56562D
:1040580007F3F4F425CFEAEAAFCA65658EF47A7AF5
:10406800E947AEAE18100808D56FBABA88F0787864
:104078006F4A2525725C2E2E24381C1CF157A6A6E3
:10408800C773B4B45197C6C623CBE8E87CA1DDDD7D
:104098009CE87474213E1F1FDD964B4BDC61BDBD4F
:1040A800860D8B8B850F8A8A90E07070427C3E3E2D
:1040B800C471B5B5AACC6666D8904848050603030E
:1040C80001F7F6F6121C0E0EA3C261615F6A353560
:1040D800F9AE5757D069B9B9911786865899C1C1B1
:1040E800273A1D1DB9279E9E38D9E1E113EBF8F850
:1040F800B32B989833221111BBD2696970A9D9D909
:1041080089078E8EA7339494B62D9B9B223C1E1E46
:104118009215878720C9E9E94987CECEFFAA555568
:10412800785028287AA5DFDF8F038C8CF859A1A155
:1041380080098989171A0D0DDA65BFBF31D7E6E600
:10414800C6844242B8D06868C3824141B02999996F
:10415800775A2D2D111E0F0FCB7BB0B0FCA85454ED
:10416800D66DBBBB3A2C161663A5C6637C84F87C57
:104178007799EE777B8DF67BF20DFFF26BBDD66BF0
:104188006FB1DE6FC55491C5305060300103020134
:1041980067A9CE672B7D562BFE19E7FED762B5D7E8
:1041A800ABE64DAB769AEC76CA458FCA829D1F82E4
:1041B800C94089C97D87FA7DFA15EFFA59EBB259DA
:1041C80047C98E47F00BFBF0ADEC41ADD467B3D4D3
:1041D800A2FD5FA2AFEA45AF9CBF239CA4F753A4FE
:1041E8007296E472C05B9BC0B7C275B7FD1CE1FD57
:1041F80093AE3D93266A4C26365A6C363F417E3F35
:10420800F702F5F7CC4F83CC345C6834A5F451A59C
:10421800E534D1E5F108F9F17193E271D873ABD8BF
:1042280031536231153F2A15040C0804C75295C74B
:1042380023654623C35E9DC31828301896A1379678
:10424800050F0A059AB52F9A07090E071236241288
:10425800809B1B80E23DDFE2EB26CDEB27694E27F2
:10426800B2CD7FB2759FEA75091B1209839E1D8323
:104278002C74582C1A2E341A1B2D361B6EB2DC6E79
:104288005AEEB45AA0FB5BA052F6A4523B4D763BC3
:10429800D661B7D6B3CE7DB3297B5229E33EDDE3A1
:1042A8002F715E2F8497138453F5A653D168B9D123
:1042B80000000000ED2CC1ED20604020FC1FE3FC55
:1042C800B1C879B15BEDB65B6ABED46ACB468DCB1B
:1042D800BED967BE394B72394ADE944A4CD4984CE1
:1042E80058E8B058CF4A85CFD06BBBD0EF2AC5EF7E
:1042F800AAE54FAAFB16EDFB43C586434DD79A4D59
:10430800335566338594118545CF8A45F910E9F907
:10431800020604027F81FE7F50F0A0503C44783CA6
:104328009FBA259FA8E34BA851F3A251A3FE5DA312
:1043380040C080408F8A058F92AD3F929DBC219DE1
:1043480038487038F504F1F5BCDF63BCB6C177B600
:10435800DA75AFDA2163422110302010FF1AE5FF29
:10436800F30EFDF3D26DBFD2CD4C81CD0C14180CD9
:1043780013352613EC2FC3EC5FE1BE5F97A2359788
:1043880044CC884417392E17C45793C4A7F255A7AD
:104398007E82FC7E3D477A3D64ACC8645DE7BA5DC9
:1043A800192B32197395E67360A0C0608198198142
:1043B8004FD19E4FDC7FA3DC226644222A7E542AFA
:1043C80090AB3B9088830B8846CA8C46EE29C7EE93
:1043D800B8D36BB8143C2814DE79A7DE5EE2BC5E65
:1043E8000B1D160BDB76ADDBE03BDBE032566432AF
:1043F8003A4E743A0A1E140A49DB9249060A0C0618
:10440800246C48245CE4B85CC25D9FC2D36EBDD303
:10441800ACEF43AC62A6C46291A8399195A43195DA
:10442800E437D3E4798BF279E732D5E7C8438BC810
:1044380037596E376DB7DA6D8D8C018DD564B1D56E
:104448004ED29C4EA9E049A96CB4D86C56FAAC5629
:10445800F407F3F4EA25CFEA65AFCA657A8EF47AF1
:10446800AEE947AE08181008BAD56FBA7888F07860
:10447800256F4A252E725C2E1C24381CA6F157A6DF
:10448800B4C773B4C65197C6E823CBE8DD7CA1DD79
:10449800749CE8741F213E1F4BDD964BBDDC61BD4B
:1044A8008B860D8B8A850F8A7090E0703E427C3E29
:1044B800B5C471B566AACC6648D89048030506030A
:1044C800F601F7F60E121C0E61A3C261355F6A355C
:1044D80057F9AE57B9D069B986911786C15899C1AD
:1044E8001D273A1D9EB9279EE138D9E1F813EBF84C
:1044F80098B32B981133221169BBD269D970A9D905
:104508008E89078E94A733949BB62D9B1E223C1E42
:1045180087921587E920C9E9CE4987CE55FFAA5564
:1045280028785028DF7AA5DF8C8F038CA1F859A151
:10453800898009890D171A0DBFDA65BFE631D7E6FC
:1045480042C6844268B8D06841C3824199B029996B
:104558002D775A2D0F111E0FB0CB7BB054FCA854E9
:10456800BBD66DBB163A2C1652096AD53036A5381B
:10457800BF40A39E81F3D7FB7CE339829B2FFF8743
:10458800348E4344C4DEE9CB547B9432A6C2233D27
:10459800EE4C950B42FAC34E082EA16628D924B2D8
:1045A800765BA2496D8BD12572F8F66486689816F9
:1045B800D4A45CCC5D65B6926C704850FDEDB9DA58
:1045C8005E154657A78D9D8490D8AB008CBCD30A46
:1045D800F7E45805B8B34506D02C1E8FCA3F0F0222
:1045E800C1AFBD0301138A6B3A9111414F67DCEAF1
:1045F80097F2CFCEF0B4E67396AC7422E7AD35856A
:10460800E2F937E81C75DF6E47F11A711D29C58973
:104618006FB7620EAA18BE1BFC563E4BC6D2792055
:104628009ADBC0FE78CD5AF41FDDA8338807C7315E
:10463800B11210592780EC5F60517FA919B54A0D56
:104648002DE57A9F93C99CEFA0E03B4DAE2AF5B0CB
:10465800C8EBBB3C83539961172B047EBA77D626E7
:10466800E169146355210C7D6BC1BEE22E409F9613
:10467800E93D7E117393172AAE2D8A571E03AC9C11
:104688009EB76FAC45AF8E5130C81C46A35CE41191
:10469800E5FBC1191A0A52EFF69F2445DF4F9B1715
:1046A800AD2B417BE66C371044416AC2D1F53C58CA
:1046B8003303917E6BE9EBE048E31E9E256718F211
:1046C8009229319C19F15BA4058CCFFDBBCB382D09
:1046D8001F6F56585D8A4ADEC34C052CC0DA8D73AD
:1046E800451AFE5F03BE297FF3F6752AE8D78311C2
:1046F80038F041560631B1148B79EECC93A0EE5DBB
:10470800FF30B4EA21636DA4FACA37E0B0C8537326
:10471800DF706E73F7C9AF865DF678DD17BA4E7530
:10472800B61768C6ADEF7C7B4804E1818FE6297532
:1047380019A3E88C573104138A05FC5E095AF484DE
:104748008A08D328D3688E3D7BD966D53AD8C1BBB1
:1047580085D2ADFAE87BB104FE3C53653E2F45B5E2
:104768006FCD88B2CC898FF02B7E151628AED2A6D5
:10477800ABF7158809CF4F3C00000000000000008F
:1047880000000000000000008E73B0F7DA0E6452DB
:10479800C810F32B809079E562F8EAD2522C6B7B33
:1047A8000000000000000000603DEB1015CA71BE5B
:1047B8002B73AEF0857D77811F352C073B6108D7B9
:1047C8002D9810A30914DFF43B3FD92EB72DAD2047
:1047D800333449F8E83CFB4AC8A64537A0B3A93F9B
:1047E800CDE3CDAD9F1CE58B26751F67A3CBB140EC
:1047F800B1808CF187A4F4DFC04B05357C5D1C0EBD
:10480800EAC4C66F9FF7F2E6CDC80D6FDDF18CAB39
:1048180034C25909C99A417467CE7F7F81173621FE
:10482800961A2B70171D3D7A2E1E8A1DD59B88B1AE
:10483800C8E60FED1EFAC4C9C05F9F9CA9834FA0AC
:1048480042AE8FBA584B09FFDC7E84BFDA79164B2B
:104858007ECD8486985D386039FFED143B28B1C859
:1048680032113C6331E5407BDF10132415E54B9290
:10487800A13ED0A8267AE2F975A385741AB9CEF8B4
:104888002031623D55B1E4710000003000000000A5
:104898000000000000000001006CB6DBC0543B596A
:1048A800DA48D90B0000000100E0017B27777F3F41
:1048B8004A1786F000000001AE6852F8121067CC63
:1048C8004BF7A5765577F39E7E24067817FAE0D73E
:1048D80043D6CE1F325391637691BE035E5020A813
:1048E800AC6E618529F9A0DC1000000020000000F2
:1048F80024000000E4095D4FB7A7B3792D6175A3C3
:10490800261311B80000000000000000000000009D
:10491800000000000000000000000000000000008F
:10492800000000005104A106168A72D9790D41EEE3
:104938008EDAD388EB2E1EFC46DA57C8FCE630DF49
:104948009141BE28000000000000000000000000A7
:1049580000000000C1CF48A89F2FFDD9CF4652E9DB
:10496800EFDB72D74540A42BDE6D7836D59A5CEA2A
:10497800AEF3105325B2072F00000000000000001E
:104988000000000053696E676C6520626C6F636B92
:10499800206D7367000000000000000000000000A8
:1049A80000000000000000000000000000000000FF
:1049B80000000000000102030405060708090A0BAD
:1049C8000C0D0E0F101112131415161718191A1BA7
:1049D8001C1D1E1F00000000000000000000000059
:1049E80000000000000102030405060708090A0B7D
:1049F8000C0D0E0F101112131415161718191A1B77
:104A08001C1D1E1F202122230000000000000000A2
:104A1800000000004142434445464748494A4B4C40
:104A28004D4E4F505152535455565758595A61622A
:104A3800636465666768696A6B6C6D6E6F707172C6
:104A4800737475767778797A30313233343536370E
:104A580038392B2F7F7F7F7F7F7F7F7F7F7F7F7F8F
:104A68007F7F7F7F7F7F7F7F7F7F7F7F7F7F7F7F4E
:104A78007F7F7F7F7F7F7F7F7F7F7F7F7F7F7F3E7F
:104A88007F7F7F3F3435363738393A3B3C3D7F7F2F
:104A98007F407F7F7F000102030405060708090A9B
:104AA8000B0C0D0E0F101112131415161718197F71
:104AB8007F7F7F7F7F1A1B1C1D1E1F20212223241E
:104AC80025262728292A2B2C2D2E2F303132337FCB
:104AD8007F7F7F7F24486E5687625ABDBF17D9A251
:104AE800C4171A0194ED8F1E11B3D7090CB6E9103B
:104AF8006F22EE13CAB3070576C9FA316C0834FF82
:104B08008DC26C380043E95497AF504BD141BA95E8
:104B1800315A0B974A456875566F64695772322F38
:104B280046396D6978426361415A54746A783452DF
:104B38007339634A444C6270454738693768504B4B
:104B48007377634664736E364D5777494E502B4ED4
:104B5800776D773441455070564A6576554576529B
:104B6800516271564D566F4C6C773D3D0000000008
:104B78000300000005000000070000000B00000013
:104B88000D000000110000001300000017000000D5
:104B98001D0000001F000000250000002900000083
:104BA8002B0000002F000000350000003B00000033
:104BB8003D000000430000004700000049000000DD
:104BC8004F00000053000000590000006100000081
:104BD80065000000670000006B0000006D00000029
:104BE800710000007F0000008300000089000000C1
:104BF8008B00000095000000970000009D00000059
:104C0800A3000000A7000000AD000000B3000000F2
:104C1800B5000000BF000000C1000000C500000092
:104C2800C7000000D3000000DF000000E300000020
:104C3800E5000000E9000000EF000000F1000000BE
:104C4800FB00000001010000070100000D01000049
:104C58000F01000015010000190100001B010000F0
:104C68002501000033010000370100003901000070
:104C78003D0100004B010000510100005B010000F4
:104C88005D01000061010000670100006F01000084
:104C9800750100007B0100007F0100008501000014
:104CA8008D0100009101000099010000A30100009E
:104CB800A5010000AF010000B1010000B70100002C
:104CC800BB010000C1010000C9010000CD010000C6
:104CD800CF010000D3010000DF010000E701000060
:104CE800EB010000F3010000F7010000FD010000E6
:104CF800090200000B0200001D0200002302000050
:104D08002D02000033020000390200003B020000BF
:104D1800410200004B02000051020000570200004F
:104D2800590200005F0200006502000069020000ED
:104D38006B0200007702000081020000830200007D
:104D4800870200008D020000930200009502000017
:104D5800A1020000A5020000AB020000B30200009F
:104D6800BD020000C5020000CF020000D70200000B
:104D7800DD020000E3020000E7020000EF0200008D
:104D8800F5020000F902000001030000050300001D
:104D9800130300001D030000290300002B0300007B
:104DA80035030000370300003B0300003D0300000B
:104DB8004703000055030000590300005B0300008F
:104DC8005F0300006D03000071030000730300001F
:104DD800770300008B0300008F0300009703000097
:104DE800A1030000A9030000AD030000B303000005
:104DF800B9030000C7030000CB030000D103000083
:104E0800D7030000DF030000E503000099FFFFFF60
:104E1800B50200006102000015000000E406000071
:104E2800640300001C0000000BB1CD2D06D35020F8
:104E38000100000038411676D99360F272C2AB9A2D
:104E4800750657A091F7B5C9A28CD290F607A72787
:104E58008EB249DE435CD7C73EF58F671F186EAF29
:104E68002FE2850D53F09C65EAA3AE9EEC802D6B76
:104E7800A82B36A6C5864D33FD6658963A09951077
:104E880078D842CCEF26E5611A3F3B82B6DBD4984E
:104E9800E88B02EB0A2C1DB06F8D880E19874E0B1C
:104EA800A90C79117F22E759E1DA3DC8120474543C
:104EB800307EB428556850BED0C431CB2AAD0FCA55
:104EC80070FF326908620024D1FBBAED4581736D29
:104ED800849FEE4AC32EC101E6254899B9B37BF9F0
:104EE800CEBFDF7129CD6C13649B639DC04BB7A502
:104EF800895FB117F4BCD346CF375E4794FAFC5BA1
:104F080097FE5AAC3C4C0335F323B85D6A92D52121
:104F18004451C67D3983DCAA7C7756051BA4153419
:104F28001E1CF8522014E9BDDDE4A1E08AF1D67A0E
:104F3800BBE3404F70822CECB327C0E5E4855735BE
:104F4800EA0CAE4123EF6B934519A521ED0E4F4EA8
:104F58001D6592BD86B8AF8F7CEB1FCE3E30DC5FFF
:104F68005EC50B1AA6E139CAD5475D3DD9015AD6A7
:104F780051566C4D8B0D9A66FBCCB02D74122B20BC
:104F8800F0B18499DF4CCBC2347E76056DB7A93178
:104F9800D11704D714583A61DE1B111C320F9C1626
:104FA8005318F222FE44CFB2C3B57A912408E8A878
:104FB80060FC6950AAD0A07DA1896297545B1E95B8
:104FC800E0FF64D210C40048A3F775DB8A03E6DA71
:104FD800093FDD94875C8302CD4A90337367F6F30B
:104FE8009D7FBFE2529BD826C837C63B81966F4B40
:104FF80013BE632EE979A78C9F6EBC8E29F5F9B68E
:105008002FFDB4597898066AE74671BAD425AB42A1
:1050180088A28DFA7207B955F8EEAC0A36492A68A3
:105028003C38F1A44028D37BBBC943C115E3ADF498
:1050380077C7809E702CB3C0E457EAAE236B45A5B2
:10504800ED4F1D9286AF7C1F3EDC5E0BA639D55D09
:10505800D95A516C8B9AFBB0742BF084DFCB347621
:105068006DA9D104143ADE11329C53F2FECFC37AF3
:1050780024E86069AAA0A162541EE0641000A37528
:105088008AE609DD8783CD9073F69DBF52D8C8C6DE
:10509800816F1363E9A79FBC29F92FB47806E771DC
:1050A800D4AB888D72B9F8AC362A3CF140D3BB43F7
:1050B80015AD778082EC27E585350C41EF931921F2
:1050C8000E4E65BDB88FEBCE305FC51AE1CA473DBD
:1050D80001D6564D0D66CC2D1220B1994CC27E05D5
:1050E800B73117D758611B1C0F16182244B2B59157
:1050F80008A8FC50D07D89975B95FFD2C448F7DBA0
:1051080003DA3F945C024A3367F37FE29B26373B1E
:10511800964BBE2E798C6E8EF5B6FD59986A46BAB6
:105128002542A2FA0755EE0A496838A4287BC9C166
:10513800E3F4C79EE00558D9674E81CBC90BAE6A28
:10514800D5185D8246DFD6278A324B42DB1C9E9CEF
:105158003ACA257B0D715F1FF8D73E9D7C60B9BEAA
:10516800BC8B16344DC37295AB8EBA7AB302B4AD0C
:10517800A2ACD89A171A35CCF799615AE824564048
:10518800E1630933BF98978568FCEC0ADA6F5362CC
:10519800A32E08AF28B074C2BD362238641E392C3D
:1051A800A630E544FD889F65876BF4234810D151EC
:1051B800C0F9D2A055A141FA4313C42FA8B63C2B7D
:1051C800C1FFC8A52089009047EFEAB71506CDB5FD
:1051D800127EBB290FB807049B942166E6CEEDE743
:1051E8003BFE7FC5A437B14C916E8D76032DDE96BC
:1051F800267DC65CD3F24F193FDC791D52EBF36D67
:105208005EFB69B2F0310CD4CF8CE275A94A5784A1
:1052180011451BF5E40E73AAF1DD59146C9254D0B4
:105228007870E3498050A7F6779386832AC75BE9AD
:10523800EE8F013DA09E667F3BCC908BB67AE858F6
:105248004CAA73B2C6EF372FE94F82BE54FF53A55D
:10525800F1D36F1C10E527FADE682D1DB05688C201
:10526800B3E6C1FD010101010000000001010101D7
:10527800000000000100010101010001010101001D
:10528800010100010001020308090A0B2627242551
:10529800171415161BFFFF1AFFFFFFFFFFFFFFFF85
:1052A800FFFFFFFFFFFFFFFFFFFFFFFF04050607EC
:1052B8000C0D0E0F10111213FF1819FF1F1C1D1EC5
:1052C800FFFFFFFFFFFFFFFFFFFFFFFFFFFFFFFFE6
:1052D800FFFFFFFF000102033D3E3F3CFFFFFFFFD2
:1052E8001B18191A23202122FFFFFFFF08090A0BA8
:1052F80010111213FFFFFFFF27242526FFFFFFFFD2
:105308000C0D0E0F3A3B38391F1C1D1EFFFFFFFF07
:10531800040506074142434014151617FFFFFFFF17
:105328002B28292A15161714FFFFFFFF1213101137
:105338000B08090A0F0C0D0E191A1B181D1E1F1C2D
:1053480012131011FFFFFFFFFFFFFFFF0123456747
:1053580089ABCDEFFEDCBA9876543210000000001D
:105368000000000000000000000000000000000035
:105378000000000000000000000000000000000025
:105388000000000000000000000000000123456745
:1053980089ABCDEFFEDCBA98765432100011223377
:1053A800445566770000000000000000000000007F
:1053B80000000000000000000000000000000000E5
:1053C8000000000000000000000000000123456705
:1053D80089ABCDEFFEDCBA98765432100011223337
:1053E800445566778899AABBCCDDEEFF0000000023
:1053F80000000000000000000000000000000000A5
:10540800000000000000000000000000676731385D
:10541800549669730857065648EABE43383C6C2AC6
:10542800ABEF7FDE25CD470BF774A331B499340178
:10543800B3E996F84EE5CEE7D79B09B9D1763FC0D8
:1054480019D77CC930BFF2A56F7C93649ACC237DB1
:10545800FF16D76C20EF7C919E3A75090503FB1067
:10546800AB241E7CF45D8CDEEE4743350123456793
:1054780089ABCDEFFEDCBA987654321000000000FC
:105488000200000000000000000000002B7E15163E
:1054980028AED2A6ABF7158809CF4F3C0000000014
:1054A8000000000000000000000000008E73B0F74C
:1054B800DA0E6452C810F32B809079E562F8EAD2CC
:1054C800522C6B7B0000000000000000603DEB10D8
:1054D80015CA71BE2B73AEF0857D77811F352C07F9
:1054E8003B6108D72D9810A30914DFF41607CF499C
:1054F8004B36BBF00DAEB0B503C831ABA2F2CF67E7
:105508001629EF7840C5A5DFB50748870F0616505E
:1055180008CF8B8B5A63586362543E542A4830AB89
:105528005AC4A1A2405955FD2195CF935D5A869B37
:10553800D14CE54264F892A6DD2EC3D537D359C3C2
:10554800349836D884E310ADDF68C449E6CFA35F4A
:10555800C02B134A4D2C0B6737AC3EDA36CBEB73B6
:10556800BD504B4070B1B7DE2B21EB50E31A6055AC
:10557800297D96CA3330CDF1B1860A836BC1BEE26C
:105588002E409F96E93D7E117393172AAE2D8A57B8
:105598001E03AC9C9EB76FAC45AF8E5130C81C46FD
:1055A800A35CE411E5FBC1191A0A52EF00000030B0
:1055B800000000000000000000000001006CB6DBE5
:1055C800C0543B59DA48D90B0000000100E0017BC8
:1055D80027777F3F4A1786F000000001AE6852F82F
:1055E800121067CC4BF7A5765577F39E7E24067884
:1055F80017FAE0D743D6CE1F325391637691BE0394
:105608005E5020A8AC6E618529F9A0DC100000006E
:105618002000000024000000D09DC29A8214619AE4
:1056280020877C76DB1F0B3F000000000000000095
:105638000000000000000000000000000000000062
:105648000000000000000000DBF3C78DC08396D483
:10565800DA7C907765BBCB442B8E8E0F31F0DCA7BC
:105668002C7417E35360E0480000000000000000BD
:105678000000000000000000B19D1FCDCB75EB8835
:105688002F849CE24D85CF739CE64B2B5C9D73F178
:105698004F2D5D9DCE9889CDDF5086960000000085
:1056A800000000000000000053696E676C6520620E
:1056B8006C6F636B206D73670000000000000000D2
:1056C80000000000000000000000000000000000D2
:1056D80000000000000000000001020304050607A6
:1056E80008090A0B0C0D0E0F1011121314151617BA
:1056F80018191A1B1C1D1E1F0000000000000000C6
:105708000000000000000000000102030405060775
:1057180008090A0B0C0D0E0F101112131415161789
:1057280018191A1B1C1D1E1F20212223000000000F
:105738000000000000000000404142434445464745
:1057480048494A4B4C4D4E4F7162015B4DAC255D4B
:105758000000000000000000000000000000000041
:105768000000000000000000D2A1F0E051EA5F62F2
:10577800081A7792073D593D1FC64FBFACCD0000B0
:105788000000000000000000E3B201A9F5B71A7A92
:105798009B1CEAECCD97E70B6176AAD9A4428AA5AF
:1057A800484392FBC1B0995104000000100000006A
:1057B8001800000007000000080000000C000000AE
:1057C80008000000100000001400000004000000A1
:1057D8000600000008000000101112131415161717
:1057E80018191A1B202122232425262728292A2B89
:1057F8002C2D2E2F30313233343536370001020349
:105808000405060708090A0B0C0D0E0F10111213D8
:10581800A70D00002D2D2D2D2D424547494E204323
:10582800455254494649434154452D2D2D2D2D0DA2
:105838000A4D494944687A4343416D2B674177498A
:1058480042416749424144414E42676B71686B6906
:10585800473977304241515546414441374D51739C
:1058680077435159445651514745774A4F54444517
:10587800520D0A4D4138474131554543684D495508
:1058880047397359584A54553077784754415842E4
:10589800674E5642414D54454642766247467955D1
:1058A800314E4D4946526C63335167513045774804
:1058B80068634E0D0A4D5445774D6A45794D5451EC
:1058C800304E4441775768634E4D6A45774D6A4577
:1058D800794D5451304E444177576A41374D517391
:1058E80077435159445651514745774A4F54444597
:1058F800524D4138470D0A4131554543684D495588
:1059080047397359584A5455307778475441584263
:10591800674E5642414D5445464276624746795550
:10592800314E4D4946526C63335167513045776764
:105938006745694D4130470D0A43537147534962E2
:1059480033445145424151554141344942447741DC
:10595800776767454B416F494241514441337A6605
:1059680038463776676C70302F687436574D6E310D
:1059780045705261677A5348780D0A6D64547336DE
:10598800737438474667496C4B58736D38574C33B6
:10599800786F656D54695A6878353777493035338B
:1059A8007A6864634867483035375A6B2B693563C2
:1059B8006C48467A714D7755716E790D0A353042CB
:1059C80077464D74456F6E494C777556412B543761
:1059D8006C7067367A2B65784B593843344B514293
:1059E800306E466337714B55456B48487876595049
:1059F8005A5039616C346A77716A2B386E0D0A59BE
:105A08004D50476E38753637474239742B61454DCE
:105A18007235502B31676D49674E62314C54562BA5
:105A28002F586A6C693577774F5175766677753771
:105A3800754A42566341304C6E306B636D6E4C0D47
:105A48000A5237455551494E395A2F5347396A47F3
:105A58007238586D6B7372557545766D45462F4291
:105A6800696279632B45316978564130686D6E4DAE
:105A7800336F54445062354C6339756E38724E73C7
:105A8800750D0A4B4E462B416B736A6F4258794F1E
:105A980047566B43656F4D626F346246364278797C
:105AA8004C4F6279617670772F4C5068356150673A
:105AB8004149796E706C5962364C5641674D424186
:105AC80041476A0D0A675A5577675A4977444159D9
:105AD800445652305442415577417745422F7A41D6
:105AE8006442674E5648513445466751557446726C
:105AF8006B70625065306C4C327564576D6C512F09
:105B08007250727A480D0A2F663877597759445679
:105B180052306A42467777576F41557446726B70B8
:105B2800625065306C4C327564576D6C512F7250F1
:105B3800727A482F662B68503651394D4473784332
:105B48007A414A42674E560D0A42415954416B35D3
:105B58004D4D524577447759445651514B457768D6
:105B68005162327868636C4E545444455A4D4263CE
:105B7800474131554541784D515547397359584A30
:105B880054553077675647567A0D0A644342445154
:105B98005949424144414E42676B71686B694739C4
:105BA8007730424151554641414F43415145417536
:105BB800503155324142556B49736C734366646C7E
:105BC800633269393451484859654A0D0A5373524A
:105BD8003445646748746463695549354936324ABF
:105BE800364D6F6D2B593064542F37612B3853362F
:105BF8004D564D435A503643354E794E7958773184
:105C08004757592F5952383258544A38480D0A4480
:105C1800424A6943546F6B3544625A36537A614F2E
:105C28004E427A645748587757776D6935766731A9
:105C380064786E375978724D396430496A784D32D4
:105C480037574E4B7334734451685A42516B460D63
:105C58000A706A6D6673326362346F506C345939F6
:105C680054396D6554782F6C76646B525945756755
:105C780036314A666E3663412B71487079505964E3
:105C880054482B55736849546E6D70352F5A746B90
:105C9800660D0A6D2F5554534C424E464E48657357
:105CA80069545A654833314E637859476448536D8F
:105CB80065394E632F67666964526130464C4F43BD
:105CC800665778526C4671414934377A47396A4188
:105CD80051435A0D0A375A326D4347444E4D686A4C
:105CE80051632B425963646E6C306C50586A64443B
:105CF8004B36563071436731645665776855426351
:105D08005735675A4B7A563765392B447056413D9B
:105D18003D0D0A2D2D2D2D2D454E44204345525421
:105D2800494649434154452D2D2D2D2D0D0A2D2D24
:105D38002D2D2D424547494E204345525449464949
:105D4800434154452D2D2D2D2D0D0A4D49494468AB
:105D58007A4343416D2B6741774942416749424144
:105D680044414E42676B71686B69473977304241ED
:105D7800517346414441374D517377435159445605
:105D880051514745774A4F544445520D0A4D4138C1
:105D98004741315545436777495547397359584AFB
:105DA80054553077784754415842674E5642414DD2
:105DB8004D454642766247467955314E4D494652E1
:105DC8006C63335167513045774868634E0D0A4D0F
:105DD8005463774E5441304D5459314E7A41785777
:105DE80068634E4D6A63774E5441314D5459314E74
:105DF8007A4178576A41374D517377435159445620
:105E080051514745774A4F544445524D4138470D03
:105E18000A41315545436777495547397359584AB7
:105E280054553077784754415842674E5642414D51
:105E38004D454642766247467955314E4D49465260
:105E48006C6333516751304577676745694D413019
:105E5800470D0A4353714753496233445145424100
:105E680051554141344942447741776767454B4131
:105E78006F494241514441337A6638463776676CF8
:105E880070302F687436574D6E3145705261677A9D
:105E98005348780D0A6D64547336737438474667EF
:105EA800496C4B58736D38574C33786F656D54692E
:105EB8005A6878353777493035337A686463486784
:105EC800483035375A6B2B6935636C48467A714DC3
:105ED8007755716E790D0A35304277464D74456FA6
:105EE8006E494C777556412B54376C7067367A2B50
:105EF80065784B593843344B5142306E466337719D
:105F08004B55456B4848787659505A5039616C342E
:105F18006A77716A2B386E0D0A594D50476E38757D
:105F28003637474239742B61454D7235502B3167EE
:105F38006D49674E62314C54562B2F586A6C69353F
:105F480077774F51757666777537754A425663414C
:105F5800304C6E306B636D6E4C0D0A52374555519F
:105F6800494E395A2F5347396A477238586D6B73FF
:105F780072557545766D45462F42696279632B45A2
:105F8800316978564130686D6E4D336F54445062B4
:105F9800354C6339756E38724E73750D0A4B4E4623
:105FA8002B416B736A6F4258794F47566B43656F45
:105FB8004D626F346246364278794C4F6279617629
:105FC80070772F4C5068356150674149796E706C15
:105FD8005962364C5641674D424141476A0D0A673E
:105FE8005A5577675A4977485159445652304F4263
:105FF800425945464C5261354B577A33744A5339A6
:10600800726E5670705550367A3638782F332F4D59
:10601800474D4741315564497752634D4671410DAB
:106028000A464C5261354B577A33744A5339726E6B
:106038005670705550367A3638782F332F6F542B68
:106048006B505441374D5173774351594456515110
:106058004745774A4F544445524D41384741315599
:10606800450D0A436777495547397359584A545576
:106078003077784754415842674E5642414D4D4516
:106088004642766247467955314E4D4946526C63D1
:106098003351675130474341514177444159445640
:1060A8005230540D0A42415577417745422F7A4183
:1060B8004E42676B71686B6947397730424151735B
:1060C8004641414F4341514541484B2F484872543E
:1060D8005A4D6E6E564D70646531696F2B766F41FF
:1060E80074716C376A0D0A347352684C726A44379B
:1060F8006F335448747752624461326469437670EE
:106108007130537132334E67324C4D596F58734F5B
:10611800786F4C2F52514B33694E37554B78563365
:106128004D4B50457230770D0A5851532B6B4B51DC
:1061380071695432627366726A6E574D56485A7462
:10614800554F4D706D36464E716364476D2F5273CF
:106158007333764B6461326C634B6C386B556E717C
:106168002F796C63312B5162420D0A4736413674E0
:106178005576516372325A79576656672B6D4D358D
:10618800586B6854724F4F587573324F4C696B6235
:1061980034577745744A544A524E4530662B7950E5
:1061A8004F4453557A302F765435370D0A4170488D
:1061B80030436E42383062594A73685948504848EB
:1061C800796D4F746C654142384B535974716D3712
:1061D80035672F594E6F626A6E6A4236636D34486E
:1061E8006B57334F5A5256496C366659590D0A6ED9
:1061F80032304E52564131566A73364741524F72C9
:10620800344E7157346B2F2B4C6F66593979304C9B
:106218004C44452B70306F49454B58497349766853
:106228005072333973777853413D3D0D0A2D2D2D2A
:106238002D2D454E44204345525449464943415427
:10624800452D2D2D2D2D0D0A2D2D2D2D2D4245475A
:10625800494E2043455254494649434154452D2D02
:106268002D2D2D0D0A4D494943556A434341646517
:1062780067417749424167494A414D4644346E3542
:106288006951387A6F4D416F4743437147534D34D5
:106298003942414D434D443478437A414A42674E2E
:1062A80056424159540D0A416B354D4D524577447C
:1062B8007759445651514B45776851623278686333
:1062C8006C4E54544445634D426F474131554541E6
:1062D800784D545547397359584A7A633277675617
:1062E80047567A644342460D0A5179424451544113
:1062F80065467730784D7A41354D6A51784E54511C
:10630800354E446861467730794D7A41354D6A4952
:10631800784E5451354E4468614D443478437A413F
:106328004A42674E56424159540D0A416B354D4D0C
:10633800524577447759445651514B4577685162D5
:10634800327868636C4E54544445634D426F4741FC
:1063580031554541784D545547397359584A7A63F0
:106368003277675647567A644342460D0A51794256
:1063780044515442324D42414742797147534D345A
:106388003941674547425375424241416941324963
:1063980041424D50614B7A52424E316776683162C4
:1063A8002B2F496D364B554E4C547542750D0A7757
:1063B800773558557A4D35574E5253744A47564F8C
:1063C80051736A333138584A474A492F4271564BFC
:1063D8006334734C59664369464B4172395A71713B
:1063E800794864754E4D63626C6934797569790DC5
:1063F8000A6159377A51613070773752666461643F
:10640800486239555A4B5656706D6C4D37494C5247
:106418006D466D417A48714F426F4443426E544114
:106428006442674E5648513445466751556E573059
:10643800670D0A4A456B425079764C654C555A7639
:1064480048346B796476374E6E777762675944566D
:1064580052306A424763775A5941556E5730674AF6
:10646800456B425079764C654C555A7648346B7971
:106478006476370D0A4E6E7968517152414D443435
:1064880078437A414A42674E5642415954416B35E6
:106498004D4D524577447759445651514B4577688D
:1064A8005162327868636C4E54544445634D426F70
:1064B80047413155450D0A41784D5455473973596F
:1064C800584A7A633277675647567A644342465148
:1064D8007942445159494A414D4644346E356951CF
:1064E800387A6F4D41774741315564457751464D6C
:1064F800414D42416638770D0A436759494B6F5AF7
:10650800497A6A304541774944615141775A674928
:1065180078414D4F30596E4E574B4A554166586732
:10652800534A744A7865786E346970672B6B763491
:106538007A6E755235307635360D0A7434643050BB
:1065480043753431326D5543364E6E6437697A7609
:106558007445324D6749784150316E6E4A516A5AD6
:10656800384257756B737A465144473438777843C5
:106578004379636939717064534D760D0A75436ABE
:106588006E387077554F6B4142584B384D7373399D
:1065980030667A436643454F7449413D3D0D0A2DA7
:1065A8002D2D2D2D454E44204345525449464943EF
:1065B8004154452D2D2D2D2D0D0A0000AB06000050
:1065C8002D2D2D2D2D424547494E20525341205007
:1065D800524956415445204B45592D2D2D2D2D0DF1
:1065E8000A4D4949457041494241414B4341514552
:1065F80041794854457A4C6E3574586E7052646BC4
:1066080055594C423975355079617836664D363072
:106618004E6A346F38566D586C3345545A7A476110
:10662800460D0A423958344A37424B4E64426A6E24
:106638006770754737666138483672376777516BC8
:10664800345A4A4744547A71437253562F55753118
:106658004339334B59526854594A516A366556532F
:106668004844310D0A626B327931525044306872B5
:1066780074356B507151685472644F724137522FA0
:10668800555630367038366A74307544424D484530
:10669800774D6A4456302F594930465A50526F3711
:1066A80079582F6B390D0A5A3547494D433543738D
:1066B8007439392B2B554D642F2F734D6342346A2F
:1066C800372F4366387174624348576A646D4C616A
:1066D8006F3576344A76344546624D7334345446C1
:1066E800655930424762480D0A37766B32446D71FE
:1066F8005639676D61426D66305A5848347971531E
:10670800784A65442B5049733142476536344539D8
:10671800326866782F2F445A7274656E4E4C514E0B
:106728006954724D39414D2B760D0A647142705689
:106738006F4E7130716A5535314278357255324233
:1067480058634662587649354D5439544E55685801
:1067580077494441514142416F49424147644E742F
:1067680066594469617036627A73740D0A796843B0
:106778006949386D39547472685A77344D69736150
:1067880045614E2F6C6C3358536A614F47326476BB
:106798005636784D5A434D562B3554655844484F14
:1067A800415A6E59313859693138767A7A0D0A3436
:1067B800557432546E4E467A697A434543594E6150
:1067C8004132665354335767496E6E78556B56336A
:1067D800595841795036434E784A61436D76326153
:1067E8004130794672326B46565365614B47740D9A
:1067F8000A796D766C6A4E70324E566B766D3754E8
:106808006838664251424F3749374158687A3433BD
:106818006B306D5237586D50676577653841705ADF
:106828004F47336873746B4F614D766257417657A3
:10683800410D0A7A435A757064446A5A596A4F4A34
:10684800716C41346545413448382F7737463833C1
:106858007235437567654245384C674552456A4C01
:10686800506979656A725535483166756245592BA4
:106878006830640D0A6C35485A424A363879625491
:106888005866513555396F2F514B41336464307414
:106898006F4245686864525544477A57746A7677F8
:1068A8006B455166714631726547576A2F746F643C
:1068B8002F674370660D0A4446693658304543676A
:1068C80059454134774F762F706A5343337479367C
:1068D80054754F764B5832724F556942724C58581E
:1068E80076324A53785A6E4D6F4D695749356970FB
:1068F8004C51742B5259540D0A565061664C2F6DE9
:1069080037446E364D62776A61794F6B635A6842D5
:10691800776B35434E7A35413651346C4A36344DAF
:10692800712F6C71487A6E52435151324D63314721
:1069380038657944462F66594C0D0A5A6532704CB1
:10694800767750395644356A5463326D69446677B0
:106958002B4D6E764A68797752524C63656D444682
:1069680050386B34685156746D38504D70335A6DC9
:106978004E45436759454134677A370D0A777A4F50
:10698800625234676E386962653631377551505ACC
:106998006A577A556A3964554859642B696E316764
:1069A8007742434972744E6E61526E394939552F98
:1069B800513674656752597069693479730D0A6381
:1069C8003137364E6D552B756D7936586D75534B7D
:1069D80056357144396253705A5747326E4C466E79
:1069E800736C724E31354C6D3366685A786F654DED
:1069F8004E6842614544546E4C543236796F690D85
:106A08000A33336770306D5353577939345A4571A7
:106A180069706D732B554C46367359315A74465705
:106A280036747047466F7938436759415148686EE4
:106A38006E764A666C4973326B79347131304236FE
:106A4800300D0A5A6378467033727444706B703034
:106A58004A7868464C6869697A4672756A4D745A0C
:106A6800536A594E6D3555374B6B67505648684CCD
:106A7800454C455576436D4F6E4B54743461702FB9
:106A8800765A300D0A42784A4E6531475A48337073
:106A98005736534176474451706C3973473775758B
:106AA8002F765446502B6C4378756B6D7A7842304C
:106AB8004472724463766F72456B4B4D6F6D375AF3
:106AC80043435276570D0A4B5A735A365965483222
:106AD8005A3831426175526A3231386B514B4267CC
:106AE800514355562F44674B503239383578445402
:106AF8005437394E30386A556F33685450354D56CF
:106B0800594343756A2F2B0D0A55654577315476DD
:106B18005A6378334C4A6279375036586164366123
:106B2800312F42717665614779464B49664546493A
:106B38006142554249746B38303173444470446142
:106B4800596334674C303058630D0A376C467542C8
:106B5800484F5A6B784A596C737335517247707540
:106B68004F456C395A775574354972464C426459C9
:106B7800614B714E487A4E56433170435066622FCE
:106B88004A794836447232485578710D0A67785503
:106B98007741514B4267514363553647324C384130
:106BA80047396439633055704F794C31744D7646A6
:106BB8006535547477304B6A6C5156647368314D3F
:106BC8005036796967596F3944597577750D0A6276
:106BD8004846565732723064425471656750322FB6
:106BE8004B544F784B7A614866433171663052474F
:106BF8004473556F4A434E4A72643163776F434C0E
:106C08004738503245463477334F42724B71760DD0
:106C18000A38753479745930462B566C616E6A356A
:106C28006C6D3354616F48535646312B4E5750792B
:106C38004F5469776576494543474B775378766C67
:106C48006B6934664441413D3D0D0A2D2D2D2D2D96
:106C5800454E4420525341205052495641544520F4
:106C68004B45592D2D2D2D2D0D0A0000170500001F
:106C78002D2D2D2D2D424547494E2043455254492F
:106C88004649434154452D2D2D2D2D0D0A4D494979
:106C98004468544343416D326741774942416749EB
:106CA800424244414E42676B71686B69473977309D
:106CB8004241517346414441374D517377435159CD
:106CC800445651514745774A4F544445520D0A4D51
:106CD80041384741315545436777495547397359D5
:106CE800584A54553077784754415842674E56426F
:106CF800414D4D454642766247467955314E4D499C
:106D080046526C63335167513045774868634E0D7E
:106D18000A4D5463774E5441314D544D774E7A5550
:106D2800355768634E4D6A63774E5441324D544D22
:106D3800774E7A5535576A41384D517377435159D3
:106D4800445651514745774A4F544445524D41386E
:106D5800470D0A41315545436777495547397359B6
:106D6800584A5455307778476A415942674E5642D7
:106D7800414D4D455642766247467955314E4D490B
:106D8800454E7361575675644341794D49494249A7
:106D98006A414E0D0A42676B71686B6947397730F3
:106DA800424151454641414F43415138414D49497E
:106DB8004243674B4341514541794854457A4C6EAB
:106DC8003574586E7052646B55594C42397535504C
:106DD80079617836660D0A4D36304E6A346F38560A
:106DE8006D586C3345545A7A476146423958344A8B
:106DF80037424B4E64426A6E677075473766613832
:106E0800483672376777516B345A4A4744547A7117
:106E1800437253562F55750D0A314339334B595226
:106E28006854594A516A36655653484431626B3240
:106E3800793152504430687274356B5071516854CE
:106E480072644F724137522F555630367038366A51
:106E580074307544424D4845770D0A4D6A445630A2
:106E68002F594930465A50526F3779582F6B395A33
:106E78003547494D433543737439392B2B554D6488
:106E88002F2F734D6342346A372F4366387174620B
:106E98004348576A646D4C616F35760D0A344A76FB
:106EA800344546624D73343454466559304247621E
:106EB8004837766B32446D715639676D61426D663D
:106EC800305A584834797153784A65442B5049737D
:106ED8003142476536344539326866782F0D0A2FB6
:106EE800445A7274656E4E4C514E6954724D394114
:106EF8004D2B7664714270566F4E7130716A5535FC
:106F0800314278357255324258634662587649356F
:106F18004D5439544E556858774944415141420DB2
:106F28000A6F3447534D4947504D42304741315518
:106F38006444675157424252786F51427A636B41B9
:106F48007656485A654D2F78536A377A783357748E
:106F5800474954426A42674E5648534D4558444241
:106F6800610D0A674253305775536C73393753555F
:106F780076613531616156442B732B764D66392F16
:106F880036452F704430774F7A454C4D416B474119
:106F980031554542684D43546B77784554415042CA
:106FA800674E560D0A42416F4D4346427662474648
:106FB8007955314E4D4D526B77467759445651515C
:106FC800444442425162327868636C4E545443429E
:106FD800555A584E3049454E42676745414D416BB9
:106FE80047413155640D0A457751434D4141774436
:106FF80051594A4B6F5A496876634E4151454C4244
:1070080051414467674542414337794F3738364ED7
:10701800766348704B38556F764B4947396342332E
:10702800326F5351516F6D0D0A4C6F5230654844A1
:10703800527A6471456B6F713779475A756648465D
:10704800695241417A624D714A666F675274786C31
:10705800725741654234792F6A47614D425632353D
:107068004962464F49634832570D0A694345614DA5
:107078004D62472B56514C4B4E76754336336B6DEC
:10708800772F5A6577633954684D365061314863B4
:1070980079306178543066616631422F5530316AF3
:1070A80030464963772F366D54664B0D0A4438775E
:1070B80034384F497763317972304A74757443565E
:1070C8006A696735444330797A6E474D7433325272
:1070D8007973654F4C6355652B6C66713030357626
:1070E80032504169436F7A7235583872450D0A6FCC
:1070F80066475A70694D324E7152506550675979DA
:107108002B566337355A6B3238786B525171316E62
:107118006370726751623353347654735A6453639D
:10712800704D39684C662B654D6C7267716C6A0DD1
:107138000A6335504C536B5842654C45352B666590
:10714800646B796654614C7878516C674370756FDD
:107158004F684B426D30342F523170574E7A554834
:10716800797161676A4F39513D0D0A2D2D2D2D2DED
:10717800454E442043455254494649434154452DC0
:107188002D2D2D2D0D0A0000AB0600002D2D2D2DC7
:107198002D424547494E20525341205052495641AD
:1071A8005445204B45592D2D2D2D2D0D0A4D49495E
:1071B800457041494241414B434151454177553220
:1071C8006A3365664E4864454531306C79754A6D59
:1071D80073446E6A6B4F6A784B7A7A6F544674427E
:1071E80061354D326A4149696E376835720D0A6CEE
:1071F800716453744A44764C584A36506953612F27
:107208004C593072435431642B416D5A4979637338
:107218004368396F6472716A4F624A484A61382F0D
:1072280073454555724D32314B5036346246320DF6
:107238000A324A44425962526D556A61694A6C4F32
:1072480071713352654233305A6774737132422B0D
:1072580067325130634C556C6D3931736C633062F1
:107268006F4334705061517931414A4468326F49F3
:10727800510D0A5A6E32755643754C5A586D526FF5
:10728800654A687738314153516A7561417A78693E
:1072980034625352722F51754B6F524178352F56C5
:1072A800716761486B515944772B466939714C5263
:1072B8004637690D0A474D5A694C38646D6A6670DD
:1072C800643248337A4A346B7041635751446A38A0
:1072D8006E3854444953673776317437487879643F
:1072E800727877553965735143504A6F6450672FE8
:1072F8006F4E4A68620D0A79334E4C557062594593
:10730800614973674968704F5672544437446557EA
:10731800533852782F6671456745776C77494441F1
:10732800514142416F4942415143585230533845C7
:10733800494846474F525A0D0A2B2B41744F67361E
:1073480065454E78442B7856733066314965477ADF
:107358003537546A6F33516E58583756425A4E640F
:107368006A2B70314543766843452F4737586E6B13
:10737800675535684C5A582B470D0A5A306A6B7A4C
:107388002F74714A4F4930765253644C4262697087
:10739800486E576F7579425134652F413179494AA2
:1073A800646C42747158784A314B452F697475483A
:1073B80052624E63346A346B4C385A0D0A2F723657
:1073C8007076776E54493050537832457173303443
:1073D8003859645339324C543671417634666C628C
:1073E8004E44784D6E32755937733479635334513E
:1073F8003877314A586E436561416E596D0D0A57A9
:1074080059493577784F2B627652454C52324D6345
:107418007A35446D566E4C386A52796D6C366C36D6
:10742800353832625376356F7566526546496279EA
:10743800505A6251576C5867596E70753648650DC9
:107448000A4754633745317A4B595147472F392BEF
:107458004451556C2F3176517543507151776E797F
:107468003074516F5832773574645970644D64566E
:107478006D2B7A6B4C7462616A7A645476694A4AF5
:10748800610D0A54577A4C366C7435416F47424146
:107498004E38362B5356654A44636D514A637634E9
:1074A80045713655687452723451474D69514D7A59
:1074B80030536F64366574745978597A4D677874A7
:1074C8007732380D0A43497267706F7A43632B55D8
:1074D800615A4A4C6F375578764336616E38357243
:1074E8003162326E4B50434C51466167674A3048AF
:1074F8003451304A2F735A4F68424958616F427A63
:10750800577876654B0D0A6E757063654B645678CF
:107518004773466938434479383644426669794640
:10752800697666426A2B3437426261517A50426A00
:10753800374334724B37556C4C6A6162327244413E
:107548006F4742414E32750D0A414D326763686F8D
:1075580046697534763148464C3844376C7765450A
:107568007069365A6E4D4A6A6E45752F644567478D
:10757800514A466A7764704C6E5062736A34633756
:10758800356F645134477A38670D0A7377396C61FF
:107598006F3956567A6275736F52452F4A47493488
:1075A8006154644F307041545879473765473151B9
:1075B800752B355963315947586343726C694132A9
:1075C800784D3978782B6437662B730D0A6D507AAD
:1075D8004E2B5749456735474A44595A446A417AB8
:1075E800484735424E76692F46664D314339644FD8
:1075F800746A763264416F4741463074354B6D7713
:10760800626A574842686356714F3449630D0A42AB
:1076180056764E3342496C63317565325952584536
:10762800446C785935623072384E345863654D670A
:107638004B6D5731384F4841705A78666C387550E1
:10764800446175575A4C584F676C34756570760DA0
:107658000A77685A43334575577253797949434EC7
:10766800684C59323141683768624945425046335F
:107678004C335A734F77432B5545724C2B645857EC
:107688004C644235364A677933675A6142655737E1
:10769800620D0A764472456E6F634A6271436D37B4
:1076A80049756B6858484F424B384367594541778D
:1076B80071644842306871794E537A494F47593757
:1076C800763961627A42367055644133425A69515B
:1076D8007645730D0A334C6A4856643448504A322A
:1076E80078304E384367724249574F453071382BCE
:1076F8003068534D6D6545393657572F376A4433CF
:10770800665057774352357A6C586B6E784251738E
:1077180066763067500D0A33424335505230516413
:1077280079707A2B642B397A664D663632356B79E7
:10773800697434542F687A77684476655A557A485C
:107748006E6B3143662B494737512B544F456E4C6E
:107758006E5741574245440D0A49534F576D72556C
:107768004367594146456D5278677741632F752BBA
:10777800443674307379437741596836504F74737F
:10778800637139593069394779576B38394E7A6797
:1077980043344E6477776242480D0A344167616822
:1077A8004F78497858783267784A6E713379666BC2
:1077B8004A66496A7766307332447950306B593279
:1077C80079365561314F656F6D506559396D72491C
:1077D80053347443754451364C72450D0A5442363D
:1077E8006C3956476F784A4C346679486E5A623815
:1077F8004C356747766E423162624438634C36597D
:10780800506144694F6863527365433976426945EC
:107818007556673D3D0D0A2D2D2D2D2D454E4420C5
:107828005253412050524956415445204B45592DF9
:107838002D2D2D2D0D0A0000AD0400002D2D2D2D10
:107848002D424547494E20434552544946494341F4
:1078580054452D2D2D2D2D0D0A4D4949444E7A4361
:107868004341682B674177494241674942416A4130
:107878004E42676B71686B694739773042415155A1
:1078880046414441374D51737743515944565151FC
:107898004745774A4F544445520D0A4D41384741B0
:1078A80031554543684D495547397359584A5455D8
:1078B8003077784754415842674E5642414D5445B7
:1078C8004642766247467955314E4D4946526C6379
:1078D800335167513045774868634E0D0A4D54451A
:1078E800774D6A45794D5451304E4441325768635B
:1078F8004E4D6A45774D6A45794D5451304E444155
:1079080032576A41304D517377435159445651515A
:107918004745774A4F544445524D4138470D0A412F
:1079280031554543684D495547397359584A545557
:10793800307778456A415142674E5642414D54432B
:10794800577876593246736147397A6444434341DC
:107958005349774451594A4B6F5A496876634E0DDB
:107968000A415145424251414467674550414443A9
:107978004341516F4367674542414D464E6F393326
:107988006E7A523352424E644A6372695A72413572
:107998003435446F385373383645786251577554C7
:1079A8004E0D0A6F774349702B34656135616E550A
:1079B80072535137793179656A346B6D7679324E05
:1079C8004B776B395866674A6D534D6E4C416F66FD
:1079D800614861366F7A6D795279577650374242ED
:1079E800464B7A0D0A4E74536A2B7547786474694E
:1079F80051775747305A6C49326F695A54717174CC
:107A0800305867643947594C624B7467666F4E6BE0
:107A18004E4843314A5A7664624A584E4736417551
:107A28004B54326B4D0D0A745143513464714345C4
:107A3800475A39726C5172693256356B61486959C7
:107A480063504E51456B49376D674D38597547300E
:107A58006B612F304C697145514D656631616F47D7
:107A6800683545474138500D0A6859766169305282
:107A78006534686A4759692F485A6F3336586468BD
:107A8800393879654A4B5148466B41342F4A2F455E
:107A98007779456F4F373962657838636E61386337
:107AA8004650587245416A79610D0A485434503637
:107AB8004453595738747A53314B57324247694CBB
:107AC80049434961546C6130772B77336C6B764549
:107AD800636633366849424D4A63434177454141BD
:107AE800614E4E4D457377435159440D0A565230F5
:107AF80054424149774144416442674E56485134A3
:107B080045466751557051586F5A4C6A6333324134
:107B18005055424A4E594B686B7230324C51354D74
:107B280077487759445652306A424267770D0A4679
:107B38006F41557446726B70625065306C4C32758B
:107B480064576D6C512F7250727A482F663877449B
:107B580051594A4B6F5A496876634E4151454642DE
:107B680051414467674542414A786E58436C590D04
:107B78000A6F486B62703730637142727347584CB2
:107B88007962413734637A624F3552644C456746AF
:107B980073377248565339722B633239336C7553C5
:107BA8002F4B646C694C53635A71417A5956796CFE
:107BB800770D0A55665257764B4D6F576848594BA3
:107BC800703364454953347854586B362F357A5896
:107BD8007868763952773853476338716E36764904
:107BE80054486B3153316D50657674656B676173BA
:107BF8005935590D0A695751754D33683459566CC2
:107C08005248334848454D414431546E4165786681
:107C180058484844465147652B4264316941627A65
:107C2800312F73483948386C345374775836656740
:107C380076544B334D0D0A775852776B4B6B766AF7
:107C48004B61454441394154625A78306D49384C4A
:107C5800477378537543716539723964796A6D74FD
:107C6800746434374A31703152756C7A33434C7AC4
:107C7800615263564975530D0A5252516661443830
:107C88006E654D396331532F694A2F616D545671B2
:107C98004A7841314B4F644F533537383057685025
:107CA80066534172412B673471416D536A656C6349
:107CB8003370347757706861380D0A7A6875597768
:107CC8006A567558364A484730633D0D0A2D2D2DA2
:107CD8002D2D454E4420434552544946494341546D
:107CE800452D2D2D2D2D0D0A000000000C00000043
:107CF800506F6C617253534C5465737400000000EC
:107D0800F60600002D2D2D2D2D424547494E2052B7
:107D180053412050524956415445204B45592D2D29
:107D28002D2D2D0D0A50726F632D547970653A20F0
:107D3800342C454E435259505445440D0A44454B42
:107D48002D496E666F3A204445532D454445332DE1
:107D58004342432C41384139354230354435423766
:107D6800323036420D0A0D0A39516439476541727D
:107D7800656A6C3147445668326C4C5631624874B7
:107D88003063507466626835682F357A567041568C
:107D9800614670717453504D72456C703530526E37
:107DA800746E3965742B4A410D0A37564F79626FE4
:107DB800522B497932742F48553457764136383723
:107DC8006B33427070653947774B486A4868746C02
:107DD8002F2F3878464B775A7233586235794F359A
:107DE8004A5550384155637451710D0A4E623843F3
:107DF8004C6C5A797555432B35325245414174685C
:107E080064576773582B37644A4F347961627A55DF
:107E1800635132325470394A53443068694C3433B0
:107E2800426C6B5759554E4B3364416F0D0A505A8B
:107E38006C6D6970746A6E7A56546A67314D7873DE
:107E4800425379645A696E574F4C4256382F4A51FB
:107E5800677853506F3279443475456669673238AC
:107E68007162765132774E496E30706E41620D0AFA
:107E780047786E53414F617A6B6F6E6745476676F8
:107E8800636A4949732B4C5A4E3967584668786378
:107E98004F68366B6334512F633939423751574530
:107EA80054774C4C6B59675A2B7A3161395659398A
:107EB8000D0A67455537437743785943442B68394A
:107EC80068593646506D734B302F6C43344F3761C9
:107ED80065524B705971303072505078733669372B
:107EE8007068696578673661783679544D6D417286
:107EF80051710D0A516D4B335441734A6D38562FE9
:107F08004A354157704C4556366A4146675247795B
:107F18006D4747486E6F663044587A56575A6964B9
:107F280072635A4A57544E7547455839306E423332
:107F3800656532770D0A50584A4546574B6F4433AA
:107F48004B33614663534C64485972336D4C4778E0
:107F58005037483954685161693956737963785A8A
:107F68004B53356B7776424B512F2F594D726D46D7
:107F78006677506B38780D0A76546559344B5A4DEC
:107F8800615572766545656C3574575A4339345274
:107F9800534D4B67785236637945316E4258795460
:107FA800516E444F476266704E4E67424B78794B2C
:107FB80062494E576F4F4A550D0A574A5A41776CD6
:107FC80073516E2B517A434477707269372B73560D
:107FD800316D53336742453655593761516D6E6D72
:107FE80069696143325633486270687863742F65F3
:107FF8006E35517366444F7431580D0A4A637A538B
:10800800667052574C6C62507A6E5A67384F516896
:108018002F5667434D4135384E35446A4F7A544997
:108028004B37734A4A35722B39345A425443706776
:10803800414D624635383866304E54520D0A4B432E
:108048006534797278474A52375830324D346E76F3
:10805800443449774F6C707351387851785A744F5B
:1080680053675876344C6B7876645539584A4A4B7E
:10807800575A2F584E4B4A65577A747853650D0AEC
:108088005A317664546332596673444241325345D7
:108098007633337678487832673176717477385327
:1080A8006A44525432526151535330517553614DA1
:1080B8004A696D644F58366D544F43424B6B314A91
:1080C8000D0A3951356D58547245522B2F4C6E4B51
:1080D800306A456D58734258574135627171565A26
:1080E800497961685853783456595A376C37772F1D
:1080F80050486955447444677952684D4D4B69340A
:108108006E320D0A6951765163575351546A727031
:108118006E6C4A626361312F446B705274335977C5
:1081280072764A776471623861735A553256724E64
:108138004554683578305156656644524C46695600
:108148007069662F0D0A7455616541652F50314677
:10815800384F6B53374F495A447331535562762F12
:10816800734432764D62684E6B556F436D73332F8F
:1081780050764E74646E76674C3446307A68614443
:10818800704B436D6C540D0A503876783439453746
:1081980076354379524E6D4544397A5A67346F3390
:1081A800776D4D7172514F3933507454756733453B
:1081B80075396F5678317A50514D314E564D794256
:1081C80061322B663239444C0D0A316E7554436561
:1081D80058646F392B6E69343578782B6A41493485
:1081E800444377725264684A39757A5A7943363902
:1081F80036324833374836442B356E614E76436CF9
:1082080046523173366C693147620D0A6E71506F90
:1082180069792F4F427345783943614447637151F7
:10822800427035576D652F3358572B367A3149537D
:108238004F782B6967774E5456435431346D4864F0
:10824800424D6279613065494B6674350D0A582B89
:10825800476E777467454D794359797957755563F2
:1082680074386734527A45726359392B7957394FC4
:108278006D35487A7078347A4F7557344E505A674E
:10828800504454674B2B743252534C2F59710D0A7A
:108298007245316E6A72676547596356654733663A
:1082A8002B4F6674483473366650627137743141A7
:1082B800355A67557363624C4D42717239744B2B52
:1082C8004F717967523445674B4250734836437A49
:1082D8000D0A4C367A6C762F3252563071414876F8
:1082E8005675444A6349444967775935724A74490F
:1082F8004E456D333272684F65464E4A775A53354C
:108308004D4E494331637A585A78352F2F7567583F
:10831800376C0D0A49347379356E62566877536A3B
:1083280074416B38586735645A6264545A366D49DB
:108338007262377871482B6664616B5A6F72316B61
:108348006847376243327549776962443363536CCF
:1083580032586B520D0A774E34386C736C62486E23
:10836800717161677236586D316E4E4F53566C3865
:10837800432F366B624A45734D704C6841657A6687
:1083880052744777764F75636F61452B5762655511
:108398004E6F6C4764650D0A502F655169646453CC
:1083A800663062726E70694C4A526837715A726CE4
:1083B8003958757159647055716E6F45644D4166D1
:1083C8006F74444F4944384F745637677438613472
:1083D80038616438565057320D0A2D2D2D2D2D45F4
:1083E8004E44205253412050524956415445204B47
:1083F80045592D2D2D2D2D0D0A0000002D2D2D2D2B
:108408002D424547494E2043455254494649434128
:1084180054452D2D2D2D2D0D0A4D494944687A437B
:1084280043416D2B67417749424167494241444185
:108438004E42676B71686B694739773042415155D5
:1084480046414441374D5173774351594456515130
:108458004745774A4F544445520D0A4D41384741E4
:1084680031554543684D495547397359584A54550C
:108478003077784754415842674E5642414D5445EB
:108488004642766247467955314E4D4946526C63AD
:10849800335167513045774868634E0D0A4D54454E
:1084A800774D6A45794D5451304E4441775768634A
:1084B8004E4D6A45774D6A45794D5451304E444189
:1084C80077576A41374D5173774351594456515143
:1084D8004745774A4F544445524D4138470D0A4164
:1084E80031554543684D495547397359584A54558C
:1084F8003077784754415842674E5642414D54456B
:108508004642766247467955314E4D4946526C632C
:1085180033516751304577676745694D4130470D9D
:108528000A435371475349623344514542415155B7
:108538004141344942447741776767454B416F4928
:108548004241514441337A6638463776676C703019
:108558002F687436574D6E3145705261677A5348AB
:10856800780D0A6D64547336737438474667496CDE
:108578004B58736D38574C33786F656D54695A682A
:1085880078353777493035337A68646348674830D7
:1085980035375A6B2B6935636C48467A714D775578
:1085A800716E790D0A35304277464D74456F6E49C4
:1085B8004C777556412B54376C7067367A2B657833
:1085C8004B593843344B5142306E466337714B55E3
:1085D800456B4848787659505A5039616C346A77F7
:1085E800716A2B386E0D0A594D50476E38753637FB
:1085F800474239742B61454D7235502B31676D49AF
:10860800674E62314C54562B2F586A6C6935777710
:108618004F51757666777537754A42566341304CC7
:108628006E306B636D6E4C0D0A5237455551494E8D
:10863800395A2F5347396A477238586D6B737255D8
:108648007545766D45462F42696279632B453169D8
:1086580078564130686D6E4D336F54445062354CD6
:108668006339756E38724E73750D0A4B4E462B4141
:108678006B736A6F4258794F47566B43656F4D620B
:108688006F346246364278794C4F627961767077FA
:108698002F4C5068356150674149796E706C59624A
:1086A800364C5641674D424141476A0D0A675A5553
:1086B80077675A4977444159445652305442415594
:1086C80077417745422F7A416442674E5648513484
:1086D80045466751557446726B70625065306C4CF4
:1086E800327564576D6C512F7250727A480D0A2F8B
:1086F800663877597759445652306A4246777757E1
:108708006F41557446726B70625065306C4C3275AF
:1087180064576D6C512F7250727A482F662B6850CF
:108728003651394D447378437A414A42674E560D63
:108738000A42415954416B354D4D5245774477595A
:10874800445651514B4577685162327868636C4E94
:10875800545444455A4D4263474131554541784D3B
:10876800515547397359584A5455307767564756C3
:108778007A0D0A64434244515949424144414E42A8
:10878800676B71686B69473977304241515546418B
:10879800414F434151454175503155324142556B26
:1087A80049736C734366646C633269393451484861
:1087B80059654A0D0A5373523445646748746463B3
:1087C800695549354936324A364D6F6D2B593064F3
:1087D800542F37612B3853364D564D435A50364334
:1087E800354E794E795877314757592F5952383283
:1087F80058544A38480D0A44424A6943546F6B3505
:1088080044625A36537A614F4E427A6457485877D1
:1088180057776D693576673164786E375978724D58
:10882800396430496A784D3237574E4B7334734444
:1088380051685A42516B460D0A706A6D667332630D
:1088480062346F506C34593954396D6554782F6CD3
:1088580076646B525945756736314A666E366341A0
:108868002B7148707950596454482B557368495492
:108878006E6D70352F5A746B660D0A6D2F555453F3
:108888004C424E464E48657369545A654833314EDA
:10889800637859476448536D65394E632F67666935
:1088A80064526130464C4F43665778526C4671416A
:1088B8004934377A47396A4151435A0D0A375A328F
:1088C8006D4347444E4D686A51632B425963646E49
:1088D8006C306C50586A64444B365630714367317B
:1088E80064566577685542635735675A4B7A5637E9
:1088F80065392B447056413D3D0D0A2D2D2D2D2DEA
:10890800454E442043455254494649434154452D18
:108918002D2D2D2D0D0A00002D2D2D2D2D424547D5
:10892800494E2043455254494649434154452D2D0B
:108938002D2D2D0D0A4D494944687A4343416D2B2D
:108948006741774942416749424144414E42676B1A
:1089580071686B69473977304241517346414441E8
:10896800374D517377435159445651514745774ACA
:108978004F544445520D0A4D4138474131554543FE
:108988006777495547397359584A54553077784766
:1089980054415842674E5642414D4D4546427662D3
:1089A80047467955314E4D4946526C6333516751AC
:1089B8003045774868634E0D0A4D5463774E5441ED
:1089C800304D5459314E7A41785768634E4D6A6339
:1089D800774E5441314D5459314E7A4178576A4156
:1089E800374D517377435159445651514745774A4A
:1089F8004F544445524D4138470D0A41315545437E
:108A08006777495547397359584A545530777847E5
:108A180054415842674E5642414D4D454642766252
:108A280047467955314E4D4946526C63335167512B
:108A3800304577676745694D4130470D0A435371A3
:108A480047534962334451454241515541413449A4
:108A580042447741776767454B416F4942415144EA
:108A680041337A6638463776676C70302F687436CB
:108A7800574D6E3145705261677A5348780D0A6DCB
:108A880064547336737438474667496C4B58736D32
:108A980038574C33786F656D54695A68783537772D
:108AA800493035337A6864634867483035375A6BDC
:108AB8002B6935636C48467A714D7755716E790D1F
:108AC8000A35304277464D74456F6E494C77755676
:108AD800412B54376C7067367A2B65784B5938437D
:108AE800344B5142306E466337714B55456B48489D
:108AF800787659505A5039616C346A77716A2B38D4
:108B08006E0D0A594D50476E3875363747423974DD
:108B18002B61454D7235502B31676D49674E623177
:108B28004C54562B2F586A6C693577774F517576A8
:108B380066777537754A42566341304C6E306B63C1
:108B48006D6E4C0D0A5237455551494E395A2F53BF
:108B580047396A477238586D6B7372557545766D2B
:108B680045462F42696279632B4531697856413011
:108B7800686D6E4D336F54445062354C6339756E71
:108B880038724E73750D0A4B4E462B416B736A6FE4
:108B98004258794F47566B43656F4D626F34624652
:108BA800364278794C4F6279617670772F4C5068ED
:108BB800356150674149796E706C5962364C56413F
:108BC800674D424141476A0D0A675A5577675A49C6
:108BD80077485159445652304F42425945464C52B3
:108BE80061354B577A33744A5339726E56707055E3
:108BF80050367A3638782F332F4D474D4741315507
:108C080064497752634D4671410D0A464C526135AD
:108C18004B577A33744A5339726E567070555036C2
:108C28007A3638782F332F6F542B6B505441374D89
:108C3800517377435159445651514745774A4F54D8
:108C48004445524D413847413155450D0A436777F0
:108C5800495547397359584A5455307778475441DC
:108C68005842674E5642414D4D4546427662474608
:108C78007955314E4D4946526C63335167513047EF
:108C8800434151417744415944565230540D0A42A8
:108C9800415577417745422F7A414E42676B71685B
:108CA8006B6947397730424151734641414F4341DF
:108CB800514541484B2F484872545A4D6E6E564D97
:108CC80070646531696F2B766F4174716C376A0D0A
:108CD8000A347352684C726A44376F335448747755
:108CE8005262446132646943767071305371323331
:108CF8004E67324C4D596F58734F786F4C2F525105
:108D08004B33694E37554B7856334D4B504572307F
:108D1800770D0A5851532B6B4B517169543262735A
:108D280066726A6E574D56485A74554F4D706D3677
:108D3800464E716364476D2F52737333764B64618B
:108D4800326C634B6C386B556E712F796C63312BB9
:108D58005162420D0A473641367455765163723274
:108D68005A79576656672B6D4D35586B6854724F54
:108D78004F587573324F4C696B6234577745744A54
:108D8800544A524E4530662B79504F4453557A30E9
:108D98002F765435370D0A41704830436E423830CB
:108DA80062594A73685948504848796D4F746C65E0
:108DB8004142384B535974716D3735672F594E6F8F
:108DC800626A6E6A4236636D34486B57334F5A5243
:108DD80056496C366659590D0A6E32304E52564114
:108DE80031566A73364741524F72344E7157346B5D
:108DF8002F2B4C6F66593979304C4C44452B7030C9
:108E08006F49454B584973497668507233397377BF
:108E18007853413D3D0D0A2D2D2D2D2D454E4420D5
:108E280043455254494649434154452D2D2D2D2D36
:108E38000D0A00001B0500002D2D2D2D2D42454744
:108E4800494E2043455254494649434154452D2DE6
:108E58002D2D2D0D0A4D494944687A4343416D2B08
:108E68006741774942416749424144414E42676BF5
:108E780071686B69473977304241517346414441C3
:108E8800374D517377435159445651514745774AA5
:108E98004F544445520D0A4D4138474131554543D9
:108EA8006777495547397359584A54553077784741
:108EB80054415842674E5642414D4D4546427662AE
:108EC80047467955314E4D4946526C633351675187
:108ED8003045774868634E0D0A4D5463774E5441C8
:108EE800304D5459314E7A41785768634E4D6A6314
:108EF800774E5441314D5459314E7A4178576A4131
:108F0800374D517377435159445651514745774A24
:108F18004F544445524D4138470D0A413155454358
:108F28006777495547397359584A545530777847C0
:108F380054415842674E5642414D4D45464276622D
:108F480047467955314E4D4946526C633351675106
:108F5800304577676745694D4130470D0A4353717E
:108F6800475349623344514542415155414134497F
:108F780042447741776767454B416F4942415144C5
:108F880041337A6638463776676C70302F687436A6
:108F9800574D6E3145705261677A5348780D0A6DA6
:108FA80064547336737438474667496C4B58736D0D
:108FB80038574C33786F656D54695A687835377708
:108FC800493035337A6864634867483035375A6BB7
:108FD8002B6935636C48467A714D7755716E790DFA
:108FE8000A35304277464D74456F6E494C77755651
:108FF800412B54376C7067367A2B65784B59384358
:10900800344B5142306E466337714B55456B484877
:10901800787659505A5039616C346A77716A2B38AE
:109028006E0D0A594D50476E3875363747423974B8
:109038002B61454D7235502B31676D49674E623152
:109048004C54562B2F586A6C693577774F51757683
:1090580066777537754A42566341304C6E306B639C
:109068006D6E4C0D0A5237455551494E395A2F539A
:1090780047396A477238586D6B7372557545766D06
:1090880045462F42696279632B45316978564130EC
:10909800686D6E4D336F54445062354C6339756E4C
:1090A80038724E73750D0A4B4E462B416B736A6FBF
:1090B8004258794F47566B43656F4D626F3462462D
:1090C800364278794C4F6279617670772F4C5068C8
:1090D800356150674149796E706C5962364C56411A
:1090E800674D424141476A0D0A675A5577675A49A1
:1090F80077485159445652304F42425945464C528E
:1091080061354B577A33744A5339726E56707055BD
:1091180050367A3638782F332F4D474D47413155E1
:1091280064497752634D4671410D0A464C52613588
:109138004B577A33744A5339726E5670705550369D
:109148007A3638782F332F6F542B6B505441374D64
:10915800517377435159445651514745774A4F54B3
:109168004445524D413847413155450D0A436777CB
:10917800495547397359584A5455307778475441B7
:109188005842674E5642414D4D45464276624746E3
:109198007955314E4D4946526C63335167513047CA
:1091A800434151417744415944565230540D0A4283
:1091B800415577417745422F7A414E42676B716836
:1091C8006B6947397730424151734641414F4341BA
:1091D800514541484B2F484872545A4D6E6E564D72
:1091E80070646531696F2B766F4174716C376A0DE5
:1091F8000A347352684C726A44376F335448747730
:10920800526244613264694376707130537132330B
:109218004E67324C4D596F58734F786F4C2F5251DF
:109228004B33694E37554B7856334D4B504572305A
:10923800770D0A5851532B6B4B5171695432627335
:1092480066726A6E574D56485A74554F4D706D3652
:10925800464E716364476D2F52737333764B646166
:10926800326C634B6C386B556E712F796C63312B94
:109278005162420D0A47364136745576516372324F
:109288005A79576656672B6D4D35586B6854724F2F
:109298004F587573324F4C696B6234577745744A2F
:1092A800544A524E4530662B79504F4453557A30C4
:1092B8002F765435370D0A41704830436E423830A6
:1092C80062594A73685948504848796D4F746C65BB
:1092D8004142384B535974716D3735672F594E6F6A
:1092E800626A6E6A4236636D34486B57334F5A521E
:1092F80056496C366659590D0A6E32304E525641EF
:1093080031566A73364741524F72344E7157346B37
:109318002F2B4C6F66593979304C4C44452B7030A3
:109328006F49454B5849734976685072333973779A
:109338007853413D3D0D0A2D2D2D2D2D454E4420B0
:1093480043455254494649434154452D2D2D2D2D11
:109358000D0A0000E90000002D2D2D2D2D42454756
:10936800494E2045432050524956415445204B45CB
:10937800592D2D2D2D2D0D0A4D486343415145453D
:1093880049506233686D54785A332F6D5A49337691
:10939800796B37703355337742662B57496F703680
:1093A8006844686B467A4A686D4C63716F416F47D1
:1093B80043437147534D34390D0A417745486F553A
:1093C800514451674145562B57757358506630368E
:1093D80079376B3769422F784B7537755A54724D08
:1093E8003556552F59304473777534324D6C43399F
:1093F8002B5934764E63594461570D0A774E5559A7
:109408004648446C66352F56533055593562427379
:1094180031567A346C6F2B48634B506B78773D3DEF
:109428000D0A2D2D2D2D2D454E44204543205052FB
:109438004956415445204B45592D2D2D2D2D0D0AAA
:10944800000000003D0300002D2D2D2D2D42454725
:10945800494E2043455254494649434154452D2DD0
:109468002D2D2D0D0A4D4949434C44434341624B30
:109478006741774942416749424454414B426767D3
:1094880071686B6A4F50515144416A412B4D517379
:1094980077435159445651514745774A4F544445AB
:1094A800524D4138470D0A4131554543684D49559C
:1094B80047397359584A545530777848444161427E
:1094C800674E5642414D544531427662474679636C
:1094D800334E734946526C6333516752554D675149
:1094E8003045774868634E0D0A4D544D774F5449BF
:1094F800304D5455314D6A41305768634E4D6A4D71
:10950800774F5449794D5455314D6A4130576A4225
:10951800424D517377435159445651514745774A03
:109528004F544445524D4138470D0A413155454342
:10953800684D495547397359584A545530777848D2
:109548007A416442674E5642414D54466C427662B7
:1095580047467955314E4D4946526C6333516751F0
:109568003278705A573530494449770D0A57544173
:109578005442676371686B6A4F505149424267674A
:1095880071686B6A4F50514D4242774E4341415288
:10959800583561367863392F54724C75547549487B
:1095A8002F45713775356C4F737A6C56540D0A39DF
:1095B8006A514F7A43376A5979554C33356A693855
:1095C8003178674E70624131526755634F562F6E3E
:1095D80039564C52526A6C73477A56585069576AD2
:1095E8003464776F2B54486F3447644D4947610D95
:1095F8000A4D416B4741315564457751434D4141CF
:1096080077485159445652304F4242594546486F5F
:109618004158345A6B2F4F4264355245514F374C9D
:109628006D4F38516D50382F694D4734474131558A
:10963800640D0A4977526E4D475741464A3174497D
:1096480043524A41543872793369314762782B4A18
:109658004D6E622B7A5A386F554B6B5144412B4DE6
:10966800517377435159445651514745774A4F549E
:109678004445520D0A4D4138474131554543684DDF
:10968800495547397359584A5455307778484441B1
:109698006142674E5642414D5445314276624746D3
:1096A8007963334E734946526C6333516752554D53
:1096B80067513047430D0A43514442512B4A2B59B5
:1096C8006B504D3644414B42676771686B6A4F5027
:1096D80051514441674E6F4144426C416A424B5A72
:1096E80051313749494F696D626D6F442F794E3753
:1096F8006F38397533424D0D0A6C674F736A6E685F
:10970800773366494F6F4C49577932574F47736BD8
:109718002F4C47462B2B447A7672527A754E694104
:10972800434D5143643869656D315853344A4B375A
:1097380068616A38786F6370550D0A4C776A516AA8
:109748006535504447486664336839745033385136
:109758006B6E7535624A717773306D64324B4F4B5F
:109768004879655630553D0D0A2D2D2D2D2D454E28
:10977800442043455254494649434154452D2D2DD3
:109788002D2D0D0A00000000E90000002D2D2D2DC3
:109798002D424547494E2045432050524956415491
:1097A80045204B45592D2D2D2D2D0D0A4D48634330
:1097B800415145454950457145794232416E436FA3
:1097C800504C2F39552F594448766471585962497D
:1097D8006F67547977777970362F55664477366E88
:1097E8006F416F4743437147534D34390D0A4177F1
:1097F80045486F555144516741454E38785732585E
:10980800594A486C70795073645A4C663867627567
:1098180035382B516152644E4374464C583361437A
:109828004A5A59704A4F355144594978482F0D0AB8
:1098380036692F534E4631644672324B694D4A722F
:10984800647731567A596F7144766F42794C547403
:109858002F773D3D0D0A2D2D2D2D2D454E442045AC
:10986800432050524956415445204B45592D2D2DE2
:109878002D2D0D0A000000002D0300002D2D2D2D8B
:109888002D424547494E2043455254494649434194
:1098980054452D2D2D2D2D0D0A4D494943487A4308
:1098A80043416157674177494241674942435441BF
:1098B8004B42676771686B6A4F50515144416A4126
:1098C8002B4D517377435159445651514745774A67
:1098D8004F544445524D4138470D0A41315545438F
:1098E800684D495547397359584A5455307778481F
:1098F80044416142674E5642414D54453142766279
:1099080047467963334E734946526C633351675205
:10991800554D67513045774868634E0D0A4D544D93
:10992800774F5449304D5455314D6A41305768632B
:109938004E4D6A4D774F5449794D5455314D6A41D2
:1099480030576A41304D51737743515944565151FC
:109958004745774A4F544445524D4138470D0A41CF
:1099680031554543684D495547397359584A5455F7
:10997800307778456A415142674E5642414D5443CB
:10998800577876593246736147397A6444425A4D5A
:10999800424D4742797147534D3439416745470D28
:1099A8000A43437147534D3439417745484130495B
:1099B800414244664D56746C3243523561636A378E
:1099C800485753332F4947377566506B476B585480
:1099D80051725253313932676957574B5354755541
:1099E800410D0A32434D522F2B6F76306A5264581C
:1099F800526139696F6A436133634E5663324B4B28
:109A08006737364163693037662B6A675A3077673C
:109A18005A6F77435159445652305442414977411D
:109A28004441640D0A42674E5648513445466751D1
:109A3800555547476C6A3951483264654341517AF4
:109A48006C5A582B4D5930616E45373477626759D7
:109A5800445652306A424763775A5941556E5730D7
:109A6800674A456B420D0A5079764C654C555A76D3
:109A780048346B796476374E6E7968517152414D2E
:109A8800443478437A414A42674E564241595441D8
:109A98006B354D4D524577447759445651514B4596
:109AA800776851623278680D0A636C4E54544445A5
:109AB800634D426F474131554541784D54554739BB
:109AC8007359584A7A633277675647567A644342DD
:109AD80046517942445159494A414D4644346E35BC
:109AE8006951387A6F4D416F470D0A4343714753A7
:109AF8004D343942414D43413267414D4755434DFD
:109B08005143614C467A58707475693557514E38CF
:109B18004C6C4F3364646831684D787836747A6772
:109B28004C765430334D54564B32530D0A43313230
:109B380072304C7A3372692F6D6F5345704E5A5795
:109B480071506A6B434D4345326635334758635904
:109B58004C717966794A52303738632F784E5355AD
:109B680055352B58786C37565A343134560D0A66A9
:109B78004761356B487648415242506338594149EC
:109B88005649714476484831513D3D0D0A2D2D2DD9
:109B98002D2D454E4420434552544946494341548E
:109BA800452D2D2D2D2D0D0A000000000C00000064
:109BB800506F6C617253534C54657374000000000D
:109BC8006A0100002D2D2D2D2D424547494E204577
:109BD800432050524956415445204B45592D2D2D6F
:109BE8002D2D0D0A50726F632D547970653A20340B
:109BF8002C454E435259505445440D0A44454B2D6B
:109C0800496E666F3A204445532D454445332D43EC
:109C180042432C33303745414234363939333344A3
:109C28003634450D0A0D0A49786272526D4B63410C
:109C38007A63744A71506454514C41345357794291
:109C4800595947594A566B59456E612B46375061E9
:109C580035743559672F674B414472464B636D36EF
:109C6800423732653744470D0A69684578745A495E
:109C780036343873307A6459773671534A373476C4
:109C88007250537557446535716D39334271736637
:109C9800564839737674437A57485730706D317027
:109CA800304B544243466655710D0A5573755754E7
:109CB8004954774A496D636E6C4173316761525AF2
:109CC800337341576D37634F5569644C30666F3253
:109CD8004730665955464E63596F43534C66664341
:109CE800465445484275506E6167620D0A613737C0
:109CF800782F735931427669693853392F58684437
:109D080054623670544D783036777A726D0D0A2D5C
:109D18002D2D2D2D454E4420454320505249564166
:109D28005445204B45592D2D2D2D2D0D0A00000091
:109D3800730300002D2D2D2D2D424547494E2043FC
:109D4800455254494649434154452D2D2D2D2D0D3D
:109D58000A4D494943556A43434164656741774918
:109D6800424167494A414D4644346E356951387A13
:109D78006F4D416F4743437147534D343942414D0D
:109D8800434D443478437A414A42674E56424159DA
:109D9800540D0A416B354D4D524577447759445619
:109DA80051514B4577685162327868636C4E545410
:109DB8004445634D426F474131554541784D5455AF
:109DC80047397359584A7A633277675647567A64DF
:109DD8004342460D0A517942445154416546773011
:109DE800784D7A41354D6A51784E5451354E446814
:109DF80061467730794D7A41354D6A49784E5451EC
:109E0800354E4468614D443478437A414A42674E3E
:109E180056424159540D0A416B354D4D52457744D0
:109E28007759445651514B45776851623278686387
:109E38006C4E54544445634D426F4741315545413A
:109E4800784D545547397359584A7A63327767566B
:109E580047567A644342460D0A5179424451544266
:109E6800324D42414742797147534D343941674534
:109E780047425375424241416941324941424D503E
:109E8800614B7A52424E3167766831622B2F496DA9
:109E9800364B554E4C547542750D0A7777355855E3
:109EA8007A4D35574E5253744A47564F51736A3359
:109EB8003138584A474A492F4271564B6334734CDC
:109EC80059664369464B4172395A717179486475CC
:109ED8004E4D63626C6934797569790D0A61593739
:109EE8007A516130707737526664616448623955D7
:109EF8005A4B5656706D6C4D37494C526D466D41F4
:109F08007A48714F426F4443426E54416442674EEF
:109F18005648513445466751556E5730670D0A4AC1
:109F2800456B425079764C654C555A7648346B7976
:109F38006476374E6E7777626759445652306A4274
:109F48004763775A5941556E5730674A456B4250B7
:109F580079764C654C555A7648346B796476370D6A
:109F68000A4E6E7968517152414D443478437A41B2
:109F78004A42674E5642415954416B354D4D524500
:109F880077447759445651514B4577685162327836
:109F980068636C4E54544445634D426F4741315594
:109FA800450D0A41784D545547397359584A7A63D3
:109FB8003277675647567A6443424651794244514C
:109FC80059494A414D4644346E356951387A6F4D86
:109FD80041774741315564457751464D414D42419E
:109FE8006638770D0A436759494B6F5A497A6A3080
:109FF8004541774944615141775A674978414D4F06
:10A0080030596E4E574B4A5541665867534A744A01
:10A018007865786E346970672B6B76347A6E755212
:10A0280035307635360D0A74346430504375343122
:10A03800326D5543364E6E6437697A767445324DC3
:10A048006749784150316E6E4A516A5A384257759D
:10A058006B737A4651444734387778434379636958
:10A0680039717064534D760D0A75436A6E3870778E
:10A07800554F6B4142584B384D73733930667A43AC
:10A088006643454F7449413D3D0D0A2D2D2D2D2D1B
:10A09800454E442043455254494649434154452D71
:10A0A8002D2D2D2D0D0A000002000000A4A702602E
:10A0B8000300000088A70260040000006CA702608B
:10A0C8000500000050A702600600000034A70260E7
:10A0D8000700000018A7026008000000FCA6026044
:10A0E80009000000E0A602600A000000C4A60260A1
:10A0F8000B000000A8A602600C0000008CA60260FD
:10A108000D00000070A602600E00000030A602607C
:10A118000F00000014A6026010000000F8A50260FD
:10A128002B000000B8A502602C0000009CA502606E
:10A138002D00000080A502601100000040A502600B
:10A148001200000024A502601300000008A50260A8
:10A1580014000000ECA4026015000000D0A4026006
:10A1680016000000B4A402601700000098A4026062
:10A17800180000007CA402601900000060A40260BE
:10A188001A00000044A402601B00000028A402601A
:10A198001C0000000CA402601D000000CCA302609B
:10A1A8001E000000B0A302601F00000094A302601C
:10A1B8002E00000054A302602F00000038A30260A4
:10A1C800300000001CA3026020000000DCA2026036
:10A1D8002200000080A202602400000024A2026085
:10A1E80021000000C0A202602300000064A20260F7
:10A1F8002500000008A20260000000000000000026
:10A2080025020000C00000004033002008000000C4
:10A21800000000000800000040A2026024010000C5
:10A22800C0000000503300200800000000000000BB
:10A238000800000040A202600400000019850060C8
:10A248002585006000000000000000003D850060DA
:10A2580039850060B98500604185006023020000EF
:10A2680080000000603300200800000000000000AB
:10A27800080000009CA2026022010000800000008B
:10A288006C330020080000000000000008000000F7
:10A298009CA202600300000019850060258500600B
:10A2A8000000000000000000358500603185006076
:10A2B800B98500604185006021020000400000006F
:10A2C800A839002008000000000000000800000075
:10A2D800F8A202602001000040000000783300204E
:10A2E800080000000000000008000000F8A202605A
:10A2F8000300000011850060218500600000000057
:10A30800000000002D85006029850060D18500606F
:10A3180055850060300800000001000080330020EF
:10A328000C000000010000001000000070A3026093
:10A338002F080000C0000000943300200C0000002B
:10A34800010000001000000070A302602E08000049
:10A3580080000000A83300200C000000010000006D
:10A368001000000070A3026005000000000000005B
:10A3780000000000000000000000000005850060EB
:10A3880005850060E9850060698500601F0600009A
:10A3980000010000BC3300200C0000000100000098
:10A3A80010000000E8A302601E060000C0000000C4
:10A3B800D03300200C000000010000001000000055
:10A3C800E8A302601D06000080000000E4330020BE
:10A3D8000C0000000100000010000000E8A302606B
:10A3E8000500000000000000000000000000000060
:10A3F80000000000F9840060F984006001860060B4
:10A408007D8500601C05000000010000F833002075
:10A418001000000000000000100000005CA50260B1
:10A428001B050000C00000000C34002010000000D4
:10A4380000000000100000005CA502601A05000082
:10A448008000000020340020100000000000000000
:10A45800100000005CA50260190300000001000064
:10A46800343400201000000000000000100000003C
:10A478005CA5026018030000C000000048340020FA
:10A488001000000000000000100000005CA5026041
:10A4980017030000800000005C340020100000005A
:10A4A80000000000100000005CA502601602000019
:10A4B80000010000703400201000000000000000BF
:10A4C800100000005CA5026015020000C00000003A
:10A4D800843400201000000000000000100000007C
:10A4E8005CA502601402000080000000983400207F
:10A4F8001000000000000000100000005CA50260D1
:10A508001301000000010000AC340020100000001E
:10A5180000000000100000005CA5026012010000AD
:10A52800C0000000C034002010000000000000003F
:10A53800100000005CA5026011010000800000000E
:10A54800D4340020100000000000000010000000BB
:10A558005CA5026005000000E1840060E5840060FD
:10A56800E9840060ED840060F5840060F184006097
:10A5780019860060918500602D0800000001000028
:10A58800E83400200C00000001000000100000006A
:10A59800D4A502602C080000C0000000F43400209C
:10A5A8000C0000000100000010000000D4A50260AB
:10A5B8002B08000080000000003500200C0000007F
:10A5C8000100000010000000D4A502600200000095
:10A5D8000000000000000000000000000000000073
:10A5E800D5840060D5840060E985006069850060D5
:10A5F80010060000000100000C3500200C000000CF
:10A6080001000000100000004CA602600F060000C8
:10A61800C0000000183500200C00000001000000F8
:10A62800100000004CA602600E060000800000002A
:10A63800243500200C00000001000000100000007C
:10A648004CA60260020000000000000000000000AC
:10A658000000000000000000C9840060C984006098
:10A66800018600607D8500600D0500000001000086
:10A67800303500201000000000000000100000002D
:10A68800C0A702600C050000C00000003C35002097
:10A69800100000000000000010000000C0A70260C9
:10A6A8000B05000080000000483500201000000065
:10A6B8000000000010000000C0A702600A030000AC
:10A6C80000010000543500201000000000000000C8
:10A6D80010000000C0A7026009030000C0000000CD
:10A6E8006435002010000000000000001000000089
:10A6F800C0A7026008030000800000007435002035
:10A70800100000000000000010000000C0A7026058
:10A71800070200000001000084350020100000003E
:10A728000000000010000000C0A702600602000040
:10A73800C00000009035002010000000000000005C
:10A7480010000000C0A702600502000080000000A1
:10A758009C350020100000000000000010000000E0
:10A76800C0A702600401000000010000A835002015
:10A77800100000000000000010000000C0A70260E8
:10A7880003010000C0000000B435002010000000E4
:10A798000000000010000000C0A7026002010000D5
:10A7A80080000000C03500201000000000000000FC
:10A7B80010000000C0A7026002000000B184006021
:10A7C800B5840060B9840060BD840060C584006001
:10A7D800C184006031860060A5850060010204071D
:10A7E800080B0D0E10131516191A1C1F20232526E9
:10A7F800292A2C2F31323437383B3D3E40434546D9
:10A80800494A4C4F51525457585B5D5E61626467C8
:10A81800686B6D6E70737576797A7C7F80838586B8
:10A82800898A8C8F91929497989B9D9EA1A2A4A7A8
:10A83800A8ABADAEB0B3B5B6B9BABCBFC1C2C4C798
:10A84800C8CBCDCED0D3D5D6D9DADCDFE0E3E5E688
:10A85800E9EAECEFF1F2F4F7F8FBFDFE0101010182
:10A8680001010101FEFEFEFEFEFEFEFE1F1F1F1F70
:10A878000E0E0E0EE0E0E0E0F1F1F1F1011F011F14
:10A88800010E010E1F011F010E010E0101E001E082
:10A8980001F101F1E001E001F101F10101FE01FE28
:10A8A80001FE01FEFE01FE01FE01FE011FE01FE0A8
:10A8B8000EF10EF1E01FE01FF10EF10E1FFE1FFE5C
:10A8C8000EFE0EFEFE1FFE1FFE0EFE0EE0FEE0FE5A
:10A8D800F1FEF1FEFEE0FEE0FEF1FEF14010001098
:10A8E80000100000000004004010041000000010D8
:10A8F800401000104000000000000010400004005C
:10A90800000004104010041000100400001004108F
:10A918004010040000100000400000000000041077
:10A92800400000100010001040100000001004004B
:10A938004000040040000410001004104010000003
:10A94800000000000000000040000410400000105B
:10A958000010001040100400000004004010040023
:10A968000000040000100410001000004000000067
:10A9780040000410001000004010040000100010F7
:10A9880040000000400000100000041040000410C7
:10A99800000000100000040040100010000000003B
:10A9A8004010041040000400400000100000041093
:10A9B80000100010401000100000000040100410AB
:10A9C80000100400001004004010000040100000B7
:10A9D80040000400000000100010041000002000D7
:10A9E8000200200402080004000000000008000023
:10A9F80002080004020820000008200402082004BD
:10AA08000000200000000000020000040200000016
:10AA180000000004020020040208000000080004EE
:10AA280002082000020020000008000402000004C0
:10AA38000000200400082004020020000000200478
:10AA48000008000002080000020820040008200096
:10AA580002000000000000040008200000000004BC
:10AA6800000820000000200002080004020800047A
:10AA7800020020040200200402000000020020005E
:10AA88000000000400080004000020000008200462
:10AA98000208000002082000000820040208000044
:10AAA800020000040208200400002004000820001E
:10AAB800000000000200000002082004000000005E
:10AAC8000208200000002004000800000200000422
:10AAD8000008000400080000020020001000002008
:10AAE80000004020004000001040402000004020AE
:10AAF80010000000104040200000400000400020EE
:10AB080010404000000040001000002010004000ED
:10AB1800004000200000002010400000000000005D
:10AB2800100040001040002000400000004040009D
:10AB380010400020100000001000402010004020AD
:10AB4800000000001040400000404020104000007D
:10AB5800004040000040402000000020004000204D
:10AB6800100000001000402000404000104040202D
:10AB780000004000104000001000002000004000CD
:10AB880000400020000000201040000010000020BD
:10AB9800104040200040400000004020104040008D
:10ABA800004040200000000010004020100000007D
:10ABB800004000000000402010404000004000001D
:10ABC800100040001040002000000000004040201D
:10ABD80000000020100040001040002001208000EC
:10ABE800812000008120000080000000802080007B
:10ABF80081008000010080000120000000000000AA
:10AC0800002080000020800081208000810000005A
:10AC180000000000800080000100800001000000AA
:10AC2800002000000000800001208000800000005B
:10AC380000008000012000008020000081008000CA
:10AC4800010000008020000080008000002000003B
:10AC5800802080008120800081000000800080002A
:10AC68000100800000208000812080008100000019
:10AC7800000000000000000000208000802000008C
:10AC88008000800081008000010000000120800019
:10AC980081200000812000008000000081208000C9
:10ACA8008100000001000000002000000100800079
:10ACB8000120000080208000810080000120000029
:10ACC800802000000000800001208000800000003B
:10ACD800000080000020000080208000208010807C
:10ACE800008000800080000020801000000010001C
:10ACF80020000000200010802080008020000080BC
:10AD0800208010800080108000000080008000807B
:10AD180000001000200000002000108000801000BB
:10AD2800200010002080008000000000000000804B
:10AD3800008000002080100000001080200010001B
:10AD4800200000800000000000801000208000002B
:10AD580000801080000010802080000000000000AB
:10AD6800208010002000108000001000208000804B
:10AD7800000010800080108000800000000010801B
:10AD880000800080200000002080108020801000BB
:10AD980020000000008000000000008020800000EB
:10ADA80000801080000010002000008020001000AB
:10ADB800208000802000008020001000008010000B
:10ADC800000000000080008020800000000000805B
:10ADD80020001080208010800080100000010000FA
:10ADE80000010802000008020001004200000800FB
:10ADF80000010000000000400000080200010840B7
:10AE080000000800000100020001084000010042A3
:10AE18000000084200010800000000400000000295
:10AE28000000084000000840000000000001004049
:10AE38000001084200010842000100020000084227
:10AE4800000100400000000000000042000108026C
:10AE58000000000200000042000108000000080095
:10AE68000001004200010000000000020000004054
:10AE78000000080200010042000108400001000231
:10AE880000000040000008420001080200010840DC
:10AE98000001000000000002000008420001084212
:10AEA80000010800000000420001084200000802FA
:10AEB80000000000000008400000004200010800F7
:10AEC800000100020001004000000800000000002E
:10AED80000000840000108020001004008020000CC
:10AEE8000002020800000000080002080002000832
:10AEF800000000000802020000020008080002002A
:10AF08000800000808000008000002000802020803
:10AF18000800020000000208080200000000000803
:10AF280008000000000202080002000000020200FF
:10AF380000000208080002080802020008020008CF
:10AF480000020200000002000802000808000000D9
:10AF580008020208000200000000000800020208BF
:10AF680000000008080002000802000000000200BB
:10AF780000020208000200080000000000020000B1
:10AF88000800020008020208000200080800000881
:10AF98000002000000000000080002080802000883
:10AFA8000000020000000008080202080800000073
:10AFB800080202000002020008000008000002085F
:10AFC8000802000808020000000002080802020047
:10AFD8000800000008000208000202000004010145
:10AFE8000000000000000100040401010400010148
:10AFF8000404010004000000000001000004000037
:10B00800000401010404010100040000040400011B
:10B018000400010100000001040000000404000015
:10B028000004000100040001000401000004010004
:10B0380000000101000001010404000104000100F6
:10B0480004000001040000010400010000000000E9
:10B0580004040000040401000000000100000100D5
:10B0680004040101040000000000010100040101C2
:10B0780000000001000000010004000004000101BC
:10B0880000000100000401000400000100040000A9
:10B098000400000004040001040401000404010188
:10B0A8000400010000000101040400010400000183
:10B0B8000404000004040100000401010404000069
:10B0C8000004000100040001000000000400010069
:10B0D800000401000000000004000101000000005D
:10B0E8000100000000010000010100000000010053
:10B0F8000100010000010100010101000000000140
:10B10800010000010001000101010001000001012E
:10B11800010001010001010101010101000000001D
:10B128000000000100000100000001010001000012
:10B1380000010001000101000001010101000000FF
:10B1480001000001010001000100010101010000EE
:10B15800010100010101010001010101012345670D
:10B1680089ABCDEF23456789ABCDEF01456789AB47
:10B17800CDEF0123CDD64F2F9427C15D6996C8FA2C
:10B1880047A2ABEB8325397644091A0A6A2A19F4CF
:10B198001ECA854B03E69F5BFA58EB42DD17E8B8F9
:10B1A800B437D23254F15AF6EBE3A4B435761156DB
:10B1B8005FA18E4DCB191F85D1ED8439129F40B9FF
:10B1C800D20056B3470EFC9A6B8EE393C5CECF637D
:10B1D800ECEC514C2D2D2D2D2D424547494E204448
:10B1E8004820504152414D45544552532D2D2D2D47
:10B1F8002D0D0A4D494748416F4742414A3431397C
:10B208004442454F676D51547A6F3571586C3566B5
:10B2180051634E39544E343535776B4F4C37303592
:10B2280032487A787852564D7968596D7751636704
:10B238004A76680D0A317361313866796652394F3A
:10B248006956454D59676C4F706B71566F474C4E38
:10B258003771643561514E4E693557372F432B5638
:10B2680042644854424A63475A4A797950354233CE
:10B2780071637A33320D0A396D4C4A4B75646C56DA
:10B288007564563051786B3571554A61505A2F782C
:10B2980075707A304E796F567076697569424F4984
:10B2A80031674E69386F765358577A416745430D71
:10B2B8000A2D2D2D2D2D454E442044482050415215
:10B2C800414D45544552532D2D2D2D2D0D0A00006D
:10B2D80004001800800100006836002003001700F1
:10B2E800000100002438002002001500E0000000E2
:10B2F8003038002001001300C00000003C38002056
:10B30800000000000000000000000000FFFFFFFF39
:10B31800FFFFFFFFFEFFFFFFFFFFFFFFFFFFFFFF36
:10B32800FFFFFFFFB1B946C1ECDEB8FE4930247219
:10B33800ABE9A70FE7809CE5190521643128D2B451
:10B34800B1C96B1436F8DE99FFFFFFFFFFFFFFFF5F
:10B35800FFFFFFFF1210FF82FD0AFFF40088A143E0
:10B36800EB20BF7CF69030B00EA88D181148791EDE
:10B37800A177F973D5CD246BED11106378DAC8FF86
:10B38800952B1907010000000000000000000000D4
:10B39800FFFFFFFFFFFFFFFFFFFFFFFFFFFFFFFFB5
:10B3A80000000000B4FF552343390B27BAD8BFD794
:10B3B800B7B04450563241F5ABB3040C850A05B416
:10B3C8003D2A5C5C4529DD133EF0B8E0A216FFFF7C
:10B3D800FFFFFFFFFFFFFFFFFFFFFFFF211D5C11C6
:10B3E800D68032342211C256D3C1034AB9901332DF
:10B3F8007FBFB46BBD0C0EB7347E00859981D544F0
:10B408006447075AA07543CDE6DF224CFB23F7B506
:10B41800886337BDFFFFFFFFFFFFFFFFFFFFFFFF51
:10B428000000000000000000000000000100000013
:10B43800FFFFFFFF4B60D2273E3CCE3BF6B053CC1C
:10B44800B0061D65BC86987655BDEBB3E7933AAA5E
:10B45800D835C65A512563FCC2CAB9F3849E17A7CA
:10B46800ADFAE6BCFFFFFFFFFFFFFFFF0000000093
:10B47800FFFFFFFF96C298D84539A1F4A033EB2D02
:10B48800817D0377F240A463E5E6BCF847422CE1EE
:10B49800F2D1176BF551BF376840B6CBCE5E316B32
:10B4A8005733CE2B169E0F7C4AEBE78E9B7F1AFEF6
:10B4B800E242E34FFFFFFFFF000000000000000032
:10B4C800FFFFFFFFFEFFFFFFFFFFFFFFFFFFFFFF85
:10B4D800FFFFFFFFFFFFFFFFFFFFFFFFFFFFFFFF74
:10B4E800FFFFFFFFEF2AECD3EDC8852A9DD12E8AF6
:10B4F8008D3956C65A8713508F081403124181FE9E
:10B508006E9C1D18192DF8E36B058E98E4E73EE252
:10B51800A72F31B37329C5CC6A19ECEC7AA7B048C8
:10B52800B20D1A58DF2D37F4814D63C7FFFFFFFFB7
:10B53800FFFFFFFFFFFFFFFFFFFFFFFFFFFFFFFF13
:10B54800FFFFFFFFB70A7672385E543A6C2955BF81
:10B558005DF20255382A5482E041F759989BA78B2F
:10B56800623B1D6E74AD20F31EC7B18E37058BBECE
:10B5780022CA87AA5F0EEA907C1D437A9D817E1DB0
:10B58800CEB1600AC0B8F0B51331DAE97C149A2854
:10B59800BD1DF4F829DC9292BF989E5D6F2C26960B
:10B5A8004ADE17360000000000000000000000001E
:10B5B800201C0000000000004038000000000000CF
:10B5C80060240000000000008070000000000000FF
:10B5D800A06C000000000000C0480000000000004F
:10B5E800E05400000000000000E10000000000003E
:10B5F80020FD00000000000040D90000000000000D
:10B6080060C50000000000008091000000000000FC
:10B61800A08D000000000000C0A90000000000008C
:10B62800E0B500000000000000000000000000007D
:10B638000000000000000000000000000000000002
:10B6480000000000000000000000000000000000F2
:10B6580000000000000000000000000000000000E2
:10B6680000000000000000000388DACE60B6A39254
:10B67800F328C2B971B2FE78000000000000000093
:10B6880000000000000000000000000000000000B2
:10B6980000000000000000000000000000000000A2
:10B6A800000000000000000042831EC221777424BD
:10B6B8004B7221B784D0D49CE3AA212F2C02A4E09A
:10B6C80035C17E2329ACA12E21D514B25466931C12
:10B6D8007D8F6A5AAC84AA051BA30B396A0AAC97FA
:10B6E8003D58E091473F598542831EC22177742413
:10B6F8004B7221B784D0D49CE3AA212F2C02A4E05A
:10B7080035C17E2329ACA12E21D514B25466931CD1
:10B718007D8F6A5AAC84AA051BA30B396A0AAC97B9
:10B728003D58E0910000000061353B4C2806934AE3
:10B73800777FF51FA22A4755699B2A714FCDC6F816
:10B748003766E5F97B6C742373806900E49F24B243
:10B758002B097544D4896B424989B5E1EBAC0F07D5
:10B76800C23F4598000000008CE24998625615B621
:10B7780003A033ACA13FB894BE9112A5C3A211A8EF
:10B78800BA262A3CCA7E2CA701E4A9A4FBA43C90B3
:10B79800CCDCB281D48C7C6FD62875D2ACA41703CC
:10B7A8004C34AEE50000000000000000000000007E
:10B7B8000000000000000000000000000000000081
:10B7C8000000000000000000000000000000000071
:10B7D8000000000000000000000000000000000061
:10B7E800000000000000000098E7247C07F0FE41FC
:10B7F8001C267E4384B0F600000000000000000014
:10B808000000000000000000000000000000000030
:10B818000000000000000000000000000000000020
:10B8280000000000000000003980CA0B3C00E8411D
:10B83800EB06FAC4872A2757859E1CEAA6EFD98407
:10B84800628593B40CA1E19C7D773D00C144C52578
:10B85800AC619D18C84A3F4718E2448B2FE324D9AE
:10B86800CCDA2710ACADE2563980CA0B3C00E8416F
:10B87800EB06FAC4872A2757859E1CEAA6EFD984C7
:10B88800628593B40CA1E19C7D773D00C144C52538
:10B89800AC619D18C84A3F4718E2448B2FE324D96E
:10B8A800CCDA2710000000000F10F599AE14A1544F
:10B8B800ED24B36E25324DB8C566632EF2BBB34F87
:10B8C8008347280FC4507057FDDC29DF9A471F753E
:10B8D800C66541D4D4DAD1C9E93A19A58E8B473F58
:10B8E800A0F062F700000000D27E88681CE3243CC8
:10B8F8004830165A8FDCF9FF1DE9A1D8E6B447EFA6
:10B908006EF7B79828666E4581E79012AF34DDD997
:10B91800E2F037589B292DB3E67C036745FA22E706
:10B92800E9B7373B000000000000000000000000FD
:10B9380000000000000000000000000000000000FF
:10B9480000000000000000000000000000000000EF
:10B9580000000000000000000000000000000000DF
:10B968000000000000000000CEA7403D4D606B6E57
:10B97800074EC5D3BAF39D18000000000000000070
:10B9880000000000000000000000000000000000AF
:10B99800000000000000000000000000000000009F
:10B9A8000000000000000000522DC1F099567D07EC
:10B9B800F47F37A32A84427D643A8CDCBFE5C0C992
:10B9C8007598A2BD2555D1AA8CB08E48590DBB3D9E
:10B9D800A7B08B1056828838C5F61E6393BA7A0AC8
:10B9E800BCC9F662898015AD522DC1F099567D0704
:10B9F800F47F37A32A84427D643A8CDCBFE5C0C952
:10BA08007598A2BD2555D1AA8CB08E48590DBB3D5D
:10BA1800A7B08B1056828838C5F61E6393BA7A0A87
:10BA2800BCC9F66200000000C3762DF1CA787D32E9
:10BA3800AE47C13BF19844CBAF1AE14D0B976AFA78
:10BA4800C52FF7D79BBA9DE0FEB582D33934A4F051
:10BA5800954CC2363BC73F7862AC430E64ABE49961
:10BA6800F47C9B1F000000005A8DEF2F0C9E53F1B1
:10BA7800F75D7853659E2A20EEB2B22AAFDE6419CC
:10BA8800A058AB4F6F746BF40FC0C3B780F2444536
:10BA98002DA3EBF1C5D82CDEA2418997200EF82EF4
:10BAA80044AE7E3F0000000058E2FCCEFA7E3061D2
:10BAB800367F1D57A4E7455AAB6E47D42CEC13BD0F
:10BAC800F53A67B21257BDDF4D5C2AF327CD64A65D
:10BAD8002CF35ABD2BA6FAB45BC94FBC3221A5DBA7
:10BAE80094FAE95AE7121A473612D2E79E3B0785BD
:10BAF800561BE14AACA2FCCB619CC5AEFFFE0BFA1B
:10BB0800462AF43C1699D050CD33B28AC773F74B06
:10BB1800A00ED1F3125724352FF58D80033927ABAA
:10BB28008EF4D4587514F0FB9924A7C8587336BFFF
:10BB3800B118024DB8674A142519498E80F1478F0C
:10BB480037BA55BD6D27618C65DCC57FCF623A2455
:10BB5800094FCCA40D3533F8DCF566FF291C25BB4D
:10BB6800B8568FC3D376A6D9530F8AFBC74536B9C3
:10BB7800A963B4F1C4CB738BD0D1C8A799996BF0E2
:10BB8800265B98B5D48AB919B094DAC5D93471BD91
:10BB9800EC1A502270E3CC6C76FC6ECE0F4E176810
:10BBA800CDDF8853BB2D551B3A337DBF46A792C4C2
:10BBB8005E454913FE2EA8F2A44A8266EE1C8EB09A
:10BBC800C8B5D4CF5AE9F19A00000000100000006F
:10BBD800400000003C0000003C0000003C00000069
:10BBE800000000000000000001000000010000004B
:10BBF80001000000020000000C0000000C00000022
:10BC08000C0000000C000000080000003C000000D0
:10BC1800000000000000000000000000010000001B
:10BC2800010000000100000000000000000000000A
:10BC380000000000140000001400000014000000C0
:10BC480000000000000000000000000000000000EC
:10BC580000000000000000000000000000000000DC
:10BC6800FEFFE9928665731C6D6A8F9467308308BE
:10BC7800FEFFE9928665731C6D6A8F9467308308AE
:10BC880000000000000000000000000000000000AC
:10BC9800000000000000000000000000000000009C
:10BCA800000000000000000000000000000000008C
:10BCB800000000000000000000000000000000007C
:10BCC800000000000000000000000000000000006C
:10BCD800000000000000000000000000000000005C
:10BCE800000000000000000000000000000000004C
:10BCF800000000000000000000000000000000003C
:10BD08000000000000000000010000000100000029
:10BD18000100000001000000000000000000000019
:10BD2800000000000000000000000000000000000B
:10BD380000000000000000000000000000000000FB
:10BD480000000000000000000000000000000000EB
:10BD58000000000000000000CAFEBABEFACEDBAD4B
:10BD6800DECAF888000000000000000000000000A3
:10BD780000000000000000000000000000000000BB
:10BD880000000000000000000000000000000000AB
:10BD980000000000000000009313225DF88406E50F
:10BDA80055909C5AFF5269AA6A7A9538534F7DA1DB
:10BDB800E4C303D2A318A728C3C0C9515680953934
:10BDC800FCF0E2429A6B525416AEDBF5A0DE6A57DD
:10BDD800A637B39B00000000000000000000000030
:10BDE800000000000000000000000000000000004B
:10BDF800000000000000000000000000000000003B
:10BE0800000000000000000000000000000000002A
:10BE1800000000000000000000000000000000001A
:10BE2800000000000000000000000000000000000A
:10BE380000000000000000000000000000000000FA
:10BE480000000000000000000000000000000000EA
:10BE580000000000000000000000000000000000DA
:10BE680000000000000000000000000000000000CA
:10BE780000000000000000000000000000000000BA
:10BE880000000000000000000000000000000000AA
:10BE9800000000000000000000000000000000009A
:10BEA800000000000000000000000000000000008A
:10BEB800000000000000000000000000000000007A
:10BEC800000000000000000000000000000000006A
:10BED8000000000000000000FEEDFACEDEADBEEF6F
:10BEE800FEEDFACEDEADBEEFABADDAD2000000005B
:10BEF800000000000000000000000000000000003A
:10BF08000000000000000000000000000000000029
:10BF18000000000000000000000000000000000019
:10BF28000000000000000000000000000000000009
:10BF380000000000000000000000000000000000F9
:10BF480000000000000000000000000000000000E9
:10BF580000000000000000000000000000000000D9
:10BF680000000000000000000000000000000000C9
:10BF780000000000000000000000000000000000B9
:10BF880000000000000000000000000000000000A9
:10BF98000000000000000000000000000000000099
:10BFA8000000000000000000000000000000000089
:10BFB8000000000000000000000000000000000079
:10BFC8000000000000000000000000000000000069
:10BFD8000000000000000000000000000000000059
:10BFE8000000000000000000000000000000000049
:10BFF8000000000000000000000000000000000039
:10C008000000000000000000000000000000000028
:10C018000000000000000000000000000000000018
:10C028000000000000000000000000000000000008
:10C0380000000000000000000000000000000000F8
:10C0480000000000000000000000000000000000E8
:10C058000000000000000000D9313225F88406E510
:10C06800A55909C5AFF5269A86A7A9531534F7DA55
:10C078002E4C303D8A318A721C3C0C9595680953C8
:10C088002FCF0E2449A6B525B16AEDF5AA0DE657BE
:10C09800BA637B391AAFD2550000000000000000D7
:10C0A8000000000000000000000000000000000088
:10C0B8000000000000000000000000000000000078
:10C0C8000000000000000000000000000000000068
:10C0D8000000000000000000000000000000000058
:10C0E8000000000000000000000000000000000048
:10C0F8000000000000000000000000000000000038
:10C108000000000000000000000000000000000027
:10C118000000000000000000000000000000000017
:10C128000000000000000000000000000000000007
:10C1380000000000000000000000000000000000F7
:10C1480000000000000000000000000000000000E7
:10C1580000000000000000000000000000000000D7
:10C1680000000000000000000000000000000000C7
:10C1780000000000000000000000000000000000B7
:10C1880000000000000000000000000000000000A7
:10C198000000000000000000A0C9AB58F1E2E5A4CF
:10C1A800DE3EBD4FF73E9C5B64EFD8CA028CF811A7
:10C1B80048A584FE69AB5AEE42AA4D42176099D44D
:10C1C8005E1397DC404D86A37BF55954756951E49D
:10C1D80079349BBF7CDDA5799557866621C9138381
:10C1E8001146733ABF8C35C8C7215B5B96C48E9BDA
:10C1F800338C74E3E99DFEDFC6A16AB8D420706F62
:10C208000F34AB7FEC5ADCA9D8CA3A133E159CA66A
:10C21800AC43C6F8A2BE22834A4C0A0AFFB10D718C
:10C2280094F1C1A5CF7322EC1AE0964ED4BF122721
:10C2380046E087FDB5B3E91B3493D5BB98FAED49C1
:10C24800E85F130FC8A459B79A00A2D00ED59BFE79
:10C2580031ECB1399B608148D1969D250D3C1E94E7
:10C26800101098129325CAB8FCCC2D54731970C0BD
:10C27800107AA4892519955E4BC6001D7F4E6A2B3E
:10C28800F8A301AB46055C09A67188F1A740EEF357
:10C29800E15C029B44AF0344080000000700000073
:10C2A8000600000005000000040000000300000074
:10C2B8000000000000000000010000000300000072
:10C2C8000E0000001A0000003E00000050000000B0
:10C2D8000000000000000000000000000000000056
:10C2E8000000000000000000000000000000000046
:10C2F8000000000000000000000000000000000036
:10C308000000000000000000000000000000000025
:10C318000000000000000000000000000000000015
:10C3280000610000000000000000000000000000A4
:10C3380000000000000000000000000000000000F5
:10C3480000000000000000000000000000000000E5
:10C3580000000000000000000000000000000000D5
:10C3680000000000000000000000000000000000C5
:10C37800000061626300000000000000000000008F
:10C3880000000000000000000000000000000000A5
:10C398000000000000000000000000000000000095
:10C3A8000000000000000000000000000000000085
:10C3B8000000000000000000000000000000000075
:10C3C8000000006D65737361676520646967657354
:10C3D80074000000000000000000000000000000E1
:10C3E8000000000000000000000000000000000045
:10C3F8000000000000000000000000000000000035
:10C408000000000000000000000000000000000024
:10C41800000000006162636465666768696A6B6C46
:10C428006D6E6F707172737475767778797A0000B3
:10C4380000000000000000000000000000000000F4
:10C4480000000000000000000000000000000000E4
:10C4580000000000000000000000000000000000D4
:10C4680000000000004142434445464748494A4BC2
:10C478004C4D4E4F505152535455565758595A6176
:10C4880062636465666768696A6B6C6D6E6F70710C
:10C4980072737475767778797A3031323334353609
:10C4A80037383900000000000000000000000000DC
:10C4B8000000000000003132333435363738393067
:10C4C8003132333435363738393031323334353622
:10C4D800373839303132333435363738393031320C
:10C4E80033343536373839303132333435363738F6
:10C4F80039303132333435363738393031323334F4
:10C508003536373839300000D41D8CD98F00B20445
:10C51800E9800998ECF8427E0CC175B9C0F1B6A85B
:10C5280031C399E269772661900150983CD24FB0A7
:10C53800D6963F7D28E17F72F96B697D7CB7938D34
:10C54800525A2F31AAF161D0C3FCD3D76192E400CB
:10C558007DFB496CCA67E13BD174AB98D277D9F5BA
:10C56800A5611C2C9F419D9F57EDF4A22BE3C95553
:10C57800AC49DA2E2107B67A08000000703A00208C
:10C588004000000080000000C5F40060ADF40060C9
:10C59800B1F40060CDF400606DF5006011F5006045
:10C5A800BDF40060C1F4006007000000144E0020D4
:10C5B8003000000080000000A5F40060ADF40060C9
:10C5C800B1F40060B5F400606DF5006011F500602D
:10C5D800BDF40060C1F4006006000000E84D0020D2
:10C5E800200000004000000095F400607DF4006029
:10C5F80081F400609DF4006055F50060FDF4006072
:10C608008DF4006091F4006005000000F839002006
:10C618001C0000004000000075F400607DF400601C
:10C6280081F4006085F4006055F50060FDF4006059
:10C638008DF4006091F4006004000000D4390020FB
:10C64800140000004000000061F4006065F4006020
:10C6580069F40060F55501603DF50060E9F400609B
:10C668006DF4006071F4006003000000BC38002025
:10C6780010000000400000004DF4006051F400601C
:10C6880055F400604DF3006025F50060D5F40060B6
:10C6980059F400605DF40060E038002003000000F9
:10C6A800443F00205C3F002000010000703F002054
:10C6B80003000000743F0020843F002004000000B5
:10C6C800903F002003000000943F0020A83F002076
:10C6D80000080000BC3F002003000000C03F00200D
:10C6E800D83F002020000000EC3F00200900000097
:10C6F800F83F00201040002000000100000000006A
:10C708000000000000000000000000000000000021
:10C71800E4380020030000002C40002040400020A6
:10C728004C400020504000200300000054400020EE
:10C738006840002070400020744000200300000082
:10C748007840002088400020944000209840002035
:10C75800030000009C400020A8400020B0400020BA
:10C76800B440002003000000B8400020D040002062
:10C77800E0400020E440002003000000E8400020E2
:10C788000841002014410020184100200900000041
:10C79800244100203441002024410020444100204D
:10C7A80003000000484100205C4100206C4100204B
:10C7B8007C410020030000008041002094410020BB
:10C7C800A4410020B441002003000000B84100202B
:10C7D800CC410020D8410020E441002003000000A3
:10C7E800E8410020F84100200042002004420020D7
:10C7F80003000000084200201842002024420020C4
:10C8080028420020030000002C4200203C42002067
:10C8180048420020544200200300000058420020F3
:10C82800744200208C420020A04200200300000037
:10C83800A4420020B0420020B8420020C04200209C
:10C8480003000000C4420020D8420020F842002023
:10C858000443002003000000084300201843002080
:10C8680024430020304300200A0000003C430020FD
:10C878005043002064430020684300200300000068
:10C888006C430020844300209843002000000000EF
:10C898000000000000000000000000000000000090
:10C8A800E838002009000000583B0020683B0020C1
:10C8B800010000006C3B002007000000743B0020D2
:10C8C800843B002002000000943B0020050000008B
:10C8D8009C3B0020A43B0020030000000000000057
:10C8E8000000000000000000000000000000000040
:10C8F800F4380020080000003C3800203C380020B4
:10C9080001000000E41C0020050000003038002071
:10C9180030380020020000004C3B002008000000D6
:10C92800243800202438002003000000EC1C0020DC
:10C93800050000006836002068360020040000006A
:10C9480000000000000000000000000000000000DF
:10C95800000000000039002009000000B43B00205E
:10C96800CC3B002003010000DC3B00200900000054
:10C97800E83B0020003C002004010000103C00209F
:10C98800090000001C3C0020343C00200501000088
:10C99800483C002009000000543C00206C3C00206A
:10C9A80006010000803C0020090000008C3C0020AB
:10C9B800A43C002007010000B83C0020090000004A
:10C9C800C43C0020DC3C002008010000F03C0020B2
:10C9D80005000000E83B0020003C002004010000A6
:10C9E800F83C002007000000003D0020103D00201A
:10C9F80004040000203D0020080000002C3D002019
:10CA0800403D002005040000543D002008000000BF
:10CA1800603D0020743D002006040000883D002091
:10CA280008000000943D0020A83D002007040000F5
:10CA3800BC3D002008000000C83D0020DC3D00206F
:10CA480008040000F03D002009000000FC3D002023
:10CA5800FC3D00200006000000000000000000006F
:10CA68000000000000000000000000000C39002059
:10CA780008000000883A0020BC38002003000000AD
:10CA8800903A002005000000983A0020A03A0020C3
:10CA980004000000A83A002009000000B43A002071
:10CAA800C03A002005000000C83A00200900000034
:10CAB800D43A0020E03A002006000000E83A0020BE
:10CAC80009000000F43A0020003B002007000000A5
:10CAD800083B002009000000143B0020203B0020F8
:10CAE8000800000000000000000000000000000036
:10CAF80000000000000000001839002008000000B5
:10CB0800D0390020DC39002004000000E83900207A
:10CB180008000000F4390020003A00200500000059
:10CB2800103A0020080000001C3A0020283A002093
:10CB380006000000383A002008000000443A0020AF
:10CB4800503A002007000000603A0020080000006A
:10CB58006C3A0020783A002008000000000000002D
:10CB680000000000000000000000000000000000BD
:10CB78002439002008000000083E00201C3E002048
:10CB88003C3E002008000000483E00205C3E00209B
:10CB98007C3E002008000000883E00209C3E0020CB
:10CBA800AC3E002008000000B83E0020D03E002027
:10CBB800E43E002008000000F03E0020043F002072
:10CBC800143F002008000000203F0020343F0020D0
:10CBD800000000000000000000000000000000004D
:10CBE8003039002005000000283B0020A83900202B
:10CBF80021000000303B0020080000003C3B0020E2
:10CC08004033002025000000000000000000000064
:10CC1800000000000000000000000000383900207B
:10CC28000A0000004439002064390020042500006F
:10CC3800843900200A00000090390020B039002013
:10CC480004230000000000000000000000000000B5
:10CC580000000000000000000C60C80F961F0E7155
:10CC6800F3A9B524AF6012062FE037A60000000034
:10CC78000000000000000000EA6C014DC72D6F8C19
:10CC8800CD1ED92ACE1D41F0D8DE895700000000FC
:10CC980000000000000000004B007901B765489AC9
:10CCA800BEAD49D926F721D065A429C100000000EE
:10CCB80000000000000000003D2EEC4FE41C849BA7
:10CCC80080C8D83662C0E44A8B291A964CF2F070B4
:10CCD800380000000000000056FA6AA75548099D70
:10CCE800CC37D7F03425E0C3000000000000000076
:10CCF800000000000000000000000000000000002C
:10CD0800000000000000000000000000000000001B
:10CD180000000000000000000800000008000000FB
:10CD280008000000180000000900000000000000D2
:10CD380004000000040000000400000024000000BB
:10CD480005000000000000000100000002000000D3
:10CD5800001000000010000000100000000000009B
:10CD68001400000014000000140000001900000066
:10CD7800100000000000000073616C7400000000E7
:10CD8800000000000000000000000000000000009B
:10CD9800000000000000000000000000000000008B
:10CDA80073616C74000000000000000000000000C7
:10CDB800000000000000000000000000000000006B
:10CDC800000000000000000073616C7400000000A7
:10CDD800000000000000000000000000000000004B
:10CDE800000000000000000000000000000000003B
:10CDF80073616C7453414C5473616C7453414C545B
:10CE080073616C7453414C5473616C7453414C544A
:10CE180073616C74000000007361006C74000000A2
:10CE280000000000000000000000000000000000FA
:10CE380000000000000000000000000000000000EA
:10CE480000000000000000000000000000000000DA
:10CE580000000000000000000000000000000000CA
:10CE6800000000000000000070617373776F726447
:10CE780000000000000000000000000000000000AA
:10CE8800000000000000000070617373776F726427
:10CE9800000000000000000000000000000000008A
:10CEA800000000000000000070617373776F726407
:10CEB800000000000000000000000000000000006A
:10CEC800000000000000000070617373776F7264E7
:10CED80050415353574F524470617373776F726464
:10CEE80000000000000000007061737300776F722B
:10CEF80064000000000000000000000000000000C6
:10CF08000000000000000000000000000000000019
:10CF18000000000000000000000000000000000009
:10CF28000000000000000000050000002C46002062
:10CF3800491E01603D1E016000000000551E016091
:10CF4800991E0160000000007D1F0160751F0160CF
:10CF5800151F016000000000040000003446002096
:10CF6800411D0160311E0160451D0160651D0160A4
:10CF780000000000000000000D1E01605D1F016040
:10CF8800011F0160111E0160030000003C460020E3
:10CF9800411D0160251E0160000000000000000026
:10CFA80000000000000000000D1E0160451F016028
:10CFB800ED1E0160111E01600200000044460020C1
:10CFC800411D0160351D0160691D0160B91D0160C9
:10CFD80000000000000000000D1E0160451F0160F8
:10CFE800ED1E0160111E016001000000683B002079
:10CFF800E11B0160D11B0160ED1B01603D1C01605C
:10D00800791C0160C11C0160091D0160291F0160B4
:10D01800D91E01600D1D0160A9993E364706816A37
:10D02800BA3E25717850C26C9CD0D89D84983E44F5
:10D038001C3BD26EBAAE4AA1F95129E5E54670F11A
:10D0480034AA973CD4C4DAA4F61EEB2BDBAD273107
:10D058006534016F0300000038000000E803000099
:10D068006162630000000000000000000000000092
:10D0780000000000000000000000000000000000A8
:10D088000000000000000000000000000000000098
:10D0980000000000000000000061626364626364D5
:10D0A800656364656664656667656667686667681C
:10D0B800696768696A68696A6B696A6B6C6A6B6CCC
:10D0C8006D6B6C6D6E6C6D6E6F6D6E6F706E6F707C
:10D0D80071000000000000000000000000000000D7
:10D0E8000000000000000000000000000000000038
:10D0F8000000000000000000000000000000000028
:10D10800000000000000000000000000982F8A4284
:10D1180091443771CFFBC0B5A5DBB5E95BC2563981
:10D12800F111F159A4823F92D55E1CAB98AA07D899
:10D13800015B8312BE853124C37D0C55745DBE72BC
:10D14800FEB1DE80A706DC9B74F19BC1C1699BE43C
:10D158008647BEEFC69DC10FCCA10C246F2CE92DCC
:10D16800AA84744ADCA9B05CDA88F97652513E98F0
:10D178006DC631A8C82703B0C77F59BFF30BE0C6F7
:10D188004791A7D55163CA0667292914850AB72785
:10D1980038211B2EFC6D2C4D130D385354730A6522
:10D1A800BB0A6A762EC9C281852C7292A1E8BFA2F9
:10D1B8004B661AA8708B4BC2A3516CC719E892D161
:10D1C800240699D685350EF470A06A1016C1A419E4
:10D1D800086C371E4C774827B5BCB034B30C1C39E3
:10D1E8004AAAD84E4FCA9C5BF36F2E68EE828F74A2
:10D1F8006F63A5781478C8840802C78CFAFFBE90BC
:10D20800EB6C50A4F7A3F9BEF27871C623097D220E
:10D218003405D8228642A477BDA255B32AADBCE412
:10D22800BDA0B3F7E36C9DA70000000075388B160E
:10D23800512776CC5DBA5DA1FD890150B0C6455C29
:10D24800B4F58B1952522525000000002079465567
:10D25800980C91D8BBB4C1EA97618A4BF03F425809
:10D268001948B2EE4EE7AD6700000000BA7816BF65
:10D278008F01CFEA414140DE5DAE2223B00361A3B6
:10D2880096177A9CB410FF61F20015AD248D6A617F
:10D29800D20638B8E5C026930C3E6039A33CE45961
:10D2A80064FF2167F6ECEDD419DB06C1CDC76E5CCF
:10D2B8009914FB9281A1C7E284D73E67F1809A480E
:10D2C800A497200E046D39CCC7112CD003000000A0
:10D2D80038000000E80300006162630000000000FD
:10D2E8000000000000000000000000000000000036
:10D2F8000000000000000000000000000000000026
:10D308000000000000000000000000000000000015
:10D31800006162636462636465636465666465662C
:10D328006765666768666768696768696A68696A79
:10D338006B696A6B6C6A6B6C6D6B6C6D6E6C6D6E29
:10D348006F6D6E6F706E6F707100000000000000EE
:10D3580000000000000000000000000000000000C5
:10D3680000000000000000000000000000000000B5
:10D3780000000000000000000000000000000000A5
:10D38800000000000000000022AE28D7982F8A4233
:10D39800CD65EF23914437712F3B4DECCFFBC0B5E2
:10D3A800BCDB8981A5DBB5E938B548F35BC25639E2
:10D3B80019D005B6F111F1599B4F19AFA4823F92CC
:10D3C80018816DDAD55E1CAB420203A398AA07D870
:10D3D800BE6F7045015B83128CB2E44EBE8531246A
:10D3E800E2B4FFD5C37D0C556F897BF2745DBE72C4
:10D3F800B196163BFEB1DE803512C725A706DC9B29
:10D40800942669CF74F19BC1D24AF19EC1699BE40D
:10D41800E3254F388647BEEFB5D58C8BC69DC10F27
:10D42800659CAC77CCA10C2475022B596F2CE92D87
:10D4380083E4A66EAA84744AD4FB41BDDCA9B05C1F
:10D44800B5531183DA88F976ABDF66EE52513E9810
:10D458001032B42D6DC631A83F21FB98C82703B000
:10D46800E40EEFBEC77F59BFC28FA83DF30BE0C6DD
:10D4780025A70A934791A7D56F8203E05163CA068F
:10D48800706E0E0A67292914FC2FD246850AB72721
:10D4980026C9265C38211B2EED2AC45AFC6D2C4D5A
:10D4A800DFB3959D130D3853DE63AF8B54730A6554
:10D4B800A8B2773CBB0A6A76E6AEED472EC9C281B0
:10D4C8003B358214852C72926403F14CA1E8BFA20B
:10D4D800013042BC4B661AA89197F8D0708B4BC2AA
:10D4E80030BE5406A3516CC71852EFD619E892D132
:10D4F80010A96555240699D62A20715785350EF44A
:10D50800B8D1BB3270A06A10C8D0D2B816C1A4195D
:10D5180053AB4151086C371E99EB8EDF4C77482787
:10D52800A8489BE1B5BCB034635AC9C5B30C1C39D3
:10D53800CB8A41E34AAAD84E73E363774FCA9C5B10
:10D54800A3B8B2D6F36F2E68FCB2EF5DEE828F748B
:10D55800602F17436F63A57872ABF0A11478C88465
:10D56800EC39641A0802C78C281E6323FAFFBE90A0
:10D57800E9BD82DEEB6C50A41579C6B2F7A3F9BEFB
:10D588002B5372E3F27871C69C6126EACE3E27CA15
:10D5980007C2C021C7B886D11EEBE0CDD67DDAEA36
:10D5A80078D16EEE7F4F7DF5BA6F1772AA67F006D5
:10D5B800A698C8A2C57D630AAE0DF9BE04983F11AE
:10D5C8001B471C13350B711B847D0423F577DB285F
:10D5D8009324C7407BABCA32BCBEC9150ABE9E3C69
:10D5E8004C0D109CC4671D43B6423ECBBED4C54CFF
:10D5F8002A7E65FC9C297F59ECFAD63AAB6FCB5F43
:10D608001758474A8C19446CCB00753F45A35E8B6D
:10D61800B5A03D699AC65007272C32AB0EDED16300
:10D628001A8B605A43FF5BED8086072BA1E7CC235A
:10D6380058BAECA134C825A700000000000000007B
:10D64800000000000000000009330C33F71147E820
:10D658003D192FC782CD1B4753111B173B3B05D2E2
:10D668002FA08086E3B0F712FCC7C71A557E2DB9E4
:10D6780066C3E9FA917460390000000000000000F8
:10D6880000000000000000009D0E1809716474CBB2
:10D69800086E834E310A4A1CED149E9C00F24852D3
:10D6A8007972CEC5704C2A5B07B8B3DC38ECC4EB92
:10D6B800AE97DDD87F3D898500000000000000009E
:10D6C8000000000000000000DDAF35A193617ABAC8
:10D6D800CC417349AE20413112E6FA4E89A97EA2A7
:10D6E8000A9EEEE64B55D39A2192992A274FC1A854
:10D6F80036BA3C23A3FEEBBD454D4423643CE80EFB
:10D708002A9AC94FA54CA49F8E959B75DAE313DA24
:10D718008CF4F72814FC143F8F7779C6EB9F7FA110
:10D728007299AEADB6889018501D289E4900F7E44E
:10D73800331B99DEC4B5433AC7D329EEB6DD265468
:10D748005E96E55B874BE909E718483D0CE7696495
:10D758004E2E42C7BC15B4638E1F98B13B20442897
:10D768005632A803AFA973EBDE0FF244877EA60AF0
:10D778004CB0432CE577C31BEB009C5C2C49AA2ECC
:10D788004EADB217AD8CC09B0300000070000000C6
:10D79800E803000061626300000000000000000070
:10D7A8000000000000000000000000000000000071
:10D7B8000000000000000000000000000000000061
:10D7C8000000000000000000000000000000000051
:10D7D8000000000000000000000000000000000041
:10D7E8000000000000000000000000000000000031
:10D7F8000000000000000000000000000000000021
:10D8080000000000006162636465666768626364C3
:10D818006566676869636465666768696A6465669A
:10D828006768696A6B65666768696A6B6C6667686A
:10D83800696A6B6C6D6768696A6B6C6D6E68696A3A
:10D848006B6C6D6E6F696A6B6C6D6E6F706A6B6C0A
:10D858006D6E6F70716B6C6D6E6F7071726C6D6EDA
:10D868006F707172736D6E6F70717273746E6F70AA
:10D878007172737475000000000000000000000061
:10D888000000000000000000000000000000000090
:10D898000000000000000000000000000000000080
:10D8A8000000000000000000000000000000000070
:10D8B8000000000000000000000000000000000060
:10D8C8000000000000000000000000000000000050
:10D8D8000000000000000000000000000000000040
:10D8E8000000000000000000A8CC0000A9CC000047
:10D8F800AACC00002CC0000030C000009F0000002F
:10D90800ADC000009FC0000024C0000028C0000077
:10D918006B0000000AC0000014C0000039000000BD
:10D92800AFC00000A3C0000087C000008BC000008B
:10D938007DC0000073C0000077C00000C400000074
:10D94800880000005DC0000061C0000053C00000F6
:10D9580049C000004DC0000045C000002BC00000B9
:10D968002FC000009E000000ACC000009EC0000058
:10D9780023C0000027C000006700000009C00000A5
:10D9880013C0000033000000AEC00000A2C00000B9
:10D9980086C000008AC000007CC0000072C0000081
:10D9A80076C00000BE000000450000005CC000001A
:10D9B80060C0000052C0000048C000004CC0000019
:10D9C80044C0000008C0000012C00000160000009B
:10D9D800ACCC0000ADCC0000AB000000A7C000003C
:10D9E80038C00000B300000036C0000091000000FD
:10D9F80091C000009BC0000097C00000ABC00000B1
:10DA08006DC0000071C0000067C00000AA000000DF
:10DA1800A6C0000037C00000B200000035C00000FA
:10DA28009000000090C0000096C000009AC000005E
:10DA3800AAC000006CC0000070C0000066C00000F2
:10DA480034C000008F000000FFC000009D000000EF
:10DA58009DC000003D0000003500000032C00000FD
:10DA68002AC000000FC000002EC0000026C0000021
:10DA780005C00000A1C000007BC00000C00000007D
:10DA8800840000008DC0000079C0000089C000003B
:10DA980075C000005FC0000063C0000051C00000F6
:10DAA8004BC000004FC000003DC000009C000000BB
:10DAB8009CC000003C0000002F00000031C00000A6
:10DAC80029C000000EC000002DC0000025C00000C5
:10DAD80004C00000A0C000007AC00000BA00000026
:10DAE800410000008CC0000078C0000088C0000021
:10DAF80074C000005EC0000062C0000050C000009A
:10DB08004AC000004EC000003CC000000A000000EF
:10DB18000DC0000003C00000AECC0000AD00000046
:10DB2800B70000009500000093C0000099C00000F5
:10DB38006FC0000069C00000AC000000B600000023
:10DB48009400000092C0000098C000006EC0000061
:10DB580068C0000093000000ABCC0000A9000000E2
:10DB6800A5C00000AF0000008D0000008FC00000BD
:10DB780095C00000A9C000006BC0000065C000008F
:10DB8800A8000000A4C00000AE0000008C00000047
:10DB98008EC0000094C00000A8C000006AC0000049
:10DBA80064C000008B00000007C0000011C0000026
:10DBB80033C000008E0000000500000004000000D3
:10DBC8000CC0000002C00000920000008A000000A3
:10DBD800150000000900000006C0000010C0000089
:10DBE8003BC000003AC0000039C00000B50000008A
:10DBF800B40000002D0000003B00000002000000FF
:10DC0800010000000BC0000001C00000B9000000C6
:10DC1800B80000002E000000B1000000B0000000B5
:10DC28002C0000000000000009C000006C4A002021
:10DC380005040400030000000100000003000000C8
:10DC480003000000000000000AC000009C4A0020F9
:10DC580007040400030000000100000003000000A6
:10DC6800030000000000000023C00000C44A002098
:10DC78000506040003000000030000000300000084
:10DC880003000000000000002BC00000EC4A002048
:10DC98000E0604000300000003000000030000005B
:10DCA800030000000000000024C00000144B002006
:10DCB8000707040003000000030000000300000041
:10DCC80003000000000000002CC000003C4B0020B6
:10DCD8001007040003000000030000000300000018
:10DCE8000300000000000000ADC00000644B0020ED
:10DCF8002D060400030000000300000003000000DC
:10DD08000300000000000000AFC00000884B0020A6
:10DD18002D060400030000000300000003000000BB
:10DD28000300000002000000ACC00000AC4B002063
:10DD38002B0604000300000003000000030000009D
:10DD48000300000000000000AEC00000D04B00201F
:10DD58002B0604000300000003000000030000007D
:10DD6800030000000200000072C00000F44B002015
:10DD78001406040003000000010000000300000076
:10DD8800030000000000000073C00000244C0020C5
:10DD98001607040003000000010000000300000053
:10DDA800030000000000000086C00000544C002062
:10DDB8001D0604000300000003000000030000002B
:10DDC800030000000000000087C00000844C002011
:10DDD8001F07040003000000030000000300000008
:10DDE800030000000000000008C00000B44C002040
:10DDF80025040400030000000100000003000000E7
:10DE0800030000000000000013C00000DC4C0020EC
:10DE180005040300030000000100000003000000E7
:10DE2800030000000000000014C00000004D0020A6
:10DE380007040300030000000100000003000000C5
:10DE4800030000000000000027C00000244D00204F
:10DE580005060300030000000300000003000000A3
:10DE680003000000000000002FC000004C4D0020FF
:10DE78000E0603000300000003000000030000007A
:10DE8800030000000000000028C00000744D0020BE
:10DE98000707030003000000030000000300000060
:10DEA800030000000000000030C000009C4D00206E
:10DEB8001007030003000000030000000300000037
:10DEC800030000000000000076C00000C44D0020E0
:10DED8001406030003000000010000000300000016
:10DEE800030000000000000077C00000F04D002093
:10DEF80016070300030000000100000003000000F3
:10DF080003000000000000008AC000001C4E002032
:10DF18001D060300030000000300000003000000CA
:10DF280003000000000000008BC00000484E0020E5
:10DF38001F070300030000000300000003000000A7
:10DF4800030000000000000012C00000744E002012
:10DF58002504030003000000010000000300000086
:10DF680003000000000000009F000000984E002001
:10DF78001007020003000000030000000300000077
:10DF880003000000000000009E000000BC4E0020BE
:10DF98000E0602000300000003000000030000005A
:10DFA800030000000000000067000000E04E0020B1
:10DFB8000506020003000000030000000300000043
:10DFC80003000000000000006B000000044F002068
:10DFD8000706020003000000030000000300000021
:10DFE800030000000000000033000000284F00205C
:10DFF8000504020003000000000000000300000008
:10E008000300000000000000390000004C4F002011
:10E0180007040200030000000000000003000000E5
:10E0280003000000000000009FC00000704F0020A7
:10E038002D0602000300000003000000030000009A
:10E048000300000000000000A3C00000904F002063
:10E058002D0602000300000003000000030000007A
:10E0680003000000020000009EC00000B04F002026
:10E078002B0602000300000003000000030000005C
:10E088000300000000000000A2C00000D04F0020E4
:10E098002B0602000300000003000000030000003C
:10E0A8000300000002000000BE000000F04F002046
:10E0B8001406020003000000030000000300000033
:10E0C8000300000000000000C40000001C500020F5
:10E0D8001606020003000000030000000300000011
:10E0E8000300000000000000450000004850002028
:10E0F80014040200030000000000000003000000F8
:10E10800030000000000000088000000705000209C
:10E1180016040200030000000000000003000000D5
:10E1280003000000000000007CC0000098500020A0
:10E138001D060200030000000300000003000000A9
:10E1480003000000000000007DC00000C450002053
:10E158001F07020003000000030000000300000086
:10E16800030000000000000016000000F05000202E
:10E178002504020003000000000000000300000066
:10E1880003000000000000009D0000001451002062
:10E198001007010003000000030000000300000056
:10E1A80003000000000000009C0000003451002023
:10E1B8000E06010003000000030000000300000039
:10E1C80003000000000000003C0000005451002043
:10E1D8000506010003000000030000000300000022
:10E1E80003000000000000003D0000007451002002
:10E1F8000706010003000000030000000300000000
:10E2080003000000000000002F00000094510020CF
:10E2180005040100030000000000000003000000E6
:10E22800030000000000000035000000B451002089
:10E2380007040100030000000000000003000000C4
:10E2480003000000000000009DC00000D451002021
:10E258002D06010003000000030000000300000079
:10E268000300000000000000A1C00000F0510020E1
:10E278002D06010003000000030000000300000059
:10E2880003000000020000009CC000000C520020A7
:10E298002B0601000300000003000000030000003B
:10E2A8000300000000000000A0C000002852002069
:10E2B8002B0601000300000003000000030000001B
:10E2C8000300000002000000BA00000044520020D1
:10E2D8001406010003000000030000000300000012
:10E2E8000300000000000000C00000006C52002085
:10E2F80016060100030000000300000003000000F0
:10E3080003000000000000004100000094520020BB
:10E3180014040100030000000000000003000000D6
:10E32800030000000000000084000000B852002034
:10E3380016040100030000000000000003000000B4
:10E3480003000000000000007AC00000DC5200203A
:10E358001D06010003000000030000000300000088
:10E3680003000000000000007BC0000004530020F0
:10E378001F07010003000000030000000300000065
:10E3880003000000000000000A0000002C530020D9
:10E398002504010003000000000000000300000045
:10E3A80003000000000000000EC000004C530020D5
:10E3B800050409000300000001000000030000003C
:10E3C80003000000000000000FC000007053002090
:10E3D800070409000300000001000000030000001A
:10E3E800030000000000000029C000009453002032
:10E3F80005060900030000000300000003000000F8
:10E40800030000000000000031C00000BC530020E1
:10E418000E060900030000000300000003000000CE
:10E4280003000000000000002AC00000E4530020A0
:10E4380007070900030000000300000003000000B4
:10E44800030000000000000032C000000C5400204F
:10E45800100709000300000003000000030000008B
:10E46800030000000000000078C0000034540020C1
:10E47800140609000300000001000000030000006A
:10E48800030000000000000079C000006054002074
:10E498001607090003000000010000000300000047
:10E4A80003000000000000008CC000008C54002015
:10E4B8001D0609000300000003000000030000001F
:10E4C80003000000000000008DC00000B8540020C8
:10E4D8001F070900030000000300000003000000FC
:10E4E80003000000000000000DC00000E4540020FC
:10E4F80025040900030000000100000003000000DB
:10E50800030000000000000004C0000008550020BF
:10E5180005040A00030000000100000003000000D9
:10E52800030000000000000005C000002C5500207A
:10E5380007040A00030000000100000003000000B7
:10E54800030000000000000025C000005055002016
:10E5580005060A0003000000030000000300000095
:10E5680003000000000000002DC0000078550020C6
:10E578000E060A000300000003000000030000006C
:10E58800030000000000000026C00000A055002085
:10E5980007070A0003000000030000000300000052
:10E5A80003000000000000002EC00000C855002035
:10E5B80010070A0003000000030000000300000029
:10E5C800030000000000000074C00000F0550020A7
:10E5D80014060A0003000000010000000300000008
:10E5E800030000000000000075C000001C56002059
:10E5F80016070A00030000000100000003000000E5
:10E60800030000000000000088C0000048560020F9
:10E618001D060A00030000000300000003000000BC
:10E62800030000000000000089C0000074560020AC
:10E638001F070A0003000000030000000300000099
:10E64800030000000000000003C00000A0560020E6
:10E6580025040A0003000000010000000300000078
:10E668000300000000000000A8000000C8560020B9
:10E678000E06050003000000030000000300000070
:10E688000300000000000000A9000000E856002078
:10E69800100705000300000003000000030000004D
:10E6A8000300000000000000AE0000000857002032
:10E6B800050605000300000001000000030000003B
:10E6C8000300000000000000AF00000028570020F1
:10E6D8000707050003000000010000000300000018
:10E6E80003000000000000008C00000048570020D4
:10E6F80005040500030000000000000003000000FE
:10E7080003000000000000008D0000006857002092
:10E7180007040500030000000000000003000000DB
:10E728000300000000000000A5C00000885700207A
:10E738002D06050003000000030000000300000090
:10E748000300000000000000A9C00000A45700203A
:10E758002D06050003000000030000000300000070
:10E768000300000002000000A4C00000C057002001
:10E778002B06050003000000030000000300000052
:10E788000300000000000000A8C00000DC570020C3
:10E798002B06050003000000030000000300000032
:10E7A800030000000200000094C00000F857002099
:10E7B800140605000300000001000000030000002B
:10E7C800030000000000000095C000002058002051
:10E7D8001607050003000000010000000300000008
:10E7E80003000000000000008EC000004858002010
:10E7F8001D060500030000000300000003000000E0
:10E8080003000000000000008FC0000070580020C6
:10E818001F070500030000000300000003000000BC
:10E8280003000000000000008B0000009858002042
:10E83800250405000300000000000000030000009C
:10E848000300000000000000AA000000B8580020E3
:10E858000E0606000300000003000000030000008D
:10E868000300000000000000AB000000DC5800209E
:10E87800100706000300000003000000030000006A
:10E888000300000000000000B20000000059002052
:10E898000506060003000000010000000300000058
:10E8A8000300000000000000B3000000245900200D
:10E8B8000707060003000000010000000300000035
:10E8C80003000000000000009000000048590020EC
:10E8D800050406000300000000000000030000001B
:10E8E8000300000000000000910000006C590020A7
:10E8F80007040600030000000000000003000000F9
:10E908000300000000000000A7C00000905900208C
:10E918002D060600030000000300000003000000AD
:10E928000300000000000000ABC00000B059002048
:10E938002D0606000300000003000000030000008D
:10E948000300000002000000A6C00000D05900200B
:10E958002B0606000300000003000000030000006F
:10E968000300000000000000AAC00000F0590020C9
:10E978002B0606000300000003000000030000004F
:10E98800030000000200000096C00000105A00209A
:10E998001406060003000000010000000300000048
:10E9A800030000000000000097C000003C5A00204F
:10E9B8001607060003000000010000000300000025
:10E9C800030000000000000090C00000685A00200A
:10E9D8001D060600030000000300000003000000FD
:10E9E800030000000000000091C00000945A0020BD
:10E9F8001F070600030000000300000003000000DA
:10EA080003000000000000008F000000C05A002032
:10EA180025040600030000000000000003000000B9
:10EA2800030000000000000037C00000E45A002086
:10EA380005060800030000000100000003000000B4
:10EA4800030000000000000038C000000C5B00203C
:10EA58000707080003000000010000000300000091
:10EA6800030000000000000035C00000345B0020F7
:10EA78000504080003000000010000000300000076
:10EA8800030000000000000036C00000585B0020B2
:10EA98000704080003000000010000000300000054
:10EAA80003000000000000009AC000007C5B00200A
:10EAB8001406080003000000010000000300000025
:10EAC80003000000000000009BC00000A85B0020BD
:10EAD8001607080003000000010000000300000002
:10EAE800030000000000000034C00000D45B0020D8
:10EAF80025040800030000000100000003000000D6
:10EB08000300000000000000AC000000F85B0020DB
:10EB18000E060700030000000300000003000000C9
:10EB28000300000000000000AD0000001C5C002095
:10EB380010070700030000000300000003000000A6
:10EB48000300000000000000B6000000405C002048
:10EB58000506070003000000010000000300000094
:10EB68000300000000000000B7000000645C002003
:10EB78000707070003000000010000000300000071
:10EB8800030000000000000094000000885C0020E2
:10EB98000504070003000000010000000300000056
:10EBA800030000000000000095000000AC5C00209D
:10EBB8000704070003000000010000000300000034
:10EBC800030000000000000098C00000D05C002096
:10EBD8001406070003000000010000000300000005
:10EBE800030000000000000099C00000FC5C002049
:10EBF80016070700030000000100000003000000E2
:10EC0800030000000000000092C00000285D002002
:10EC18001D060700030000000300000003000000B9
:10EC2800030000000000000093C00000545D0020B5
:10EC38001F07070003000000030000000300000096
:10EC4800030000000000000093000000805D002029
:10EC58002504070003000000010000000300000075
:10EC6800030000000000000000000000FC38002045
:10EC7800000000000000000000000000000000008C
:10EC8800000000000000000001000000B861002042
:10EC9800020000004C620020040000007C6200209A
:10ECA80008000000C462002010000000006300207B
:10ECB800200000003463002040000000486300206A
:10ECC80080000000606300200001000088630020CD
:10ECD80000020000B863002000040000E863002080
:10ECE80000080000046400200010000030640020C8
:10ECF80000200000646400200040000094640020AC
:10ED080000800000CC64002000000100186500208D
:10ED1800000002006C650020000004009C650020D3
:10ED280000000800E065002000000000000000006E
:10ED3800F0000000FFFFFF0FFFFFFF0F00080000BB
:10ED4800600000000A0000000C0000000000000045
:10ED5800E0000000FFFFFF0FFC08000000080000B3
:10ED6800160355005300420020005300650072004E
:10ED7800690061006C00000018035400650065001C
:10ED88006E00730079006400750069006E006F0002
:10ED98000403090409026200030100C032080B00E1
:10EDA8000202020100090400000102020100052418
:10EDB80000100105240101010424020605240600AF
:10EDC800010705820310001009040100020A00006F
:10EDD80000070503024000000705840240000009FF
:10EDE80004020002FF6AFF000705810240000107D4
:10EDF800050102400001000009026200030100C091
:10EE080032080B000202020100090400000102029C
:10EE18000100052400100105240101010424020653
:10EE280005240600010705820310000509040100F6
:10EE3800020A000000070503020002000705840219
:10EE48000002000904020002FF6AC70007058102E8
:10EE58000002010705010200020100000A06000283
:08EE6800EF020140010000006F
:10EE70000000000000000000000000000000000092
:10EE80000000000000000000000000000000000082
:10EE900020F47F6020F00F0000F5805203680430FA
:10EEA000013303D19042F9D100207047012070470F
:10EEB0002DE9F34106460D4690460024444514D200
:10EEC000A719C7F30B0333B93846FFF7E1FF10B1B9
:10EED00038460FF01FFE04226359384604340DEB08
:10EEE000020101930FF0A0FDE8E705F12045B5F51B
:10EEF000000F08D20C4D04E0A119C1F30B0343B17C
:10EF00000434AC42F8D34FF0E023084AC3F80C2D88
:10EF100008E00846FFF7BCFF0028F1D008460FF0D4
:10EF2000F9FDEDE7FEE700BF00C07F000400FA0531
:10EF3000F8B54FF084439D695A6915400DD0254FAF
:10EF400001269D6195FAA5F4B4FA84F457F82430AB
:10EF500006FA04F49847A543F4D11F4B9D695A69FA
:10EF600015400DD01D4F01269D6195FAA5F4B4FA08
:10EF700084F457F8243006FA04F49847A543F4D1F2
:10EF8000174B9D695A6915400DD0164F01269D619A
:10EF900095FAA5F4B4FA84F457F8243006FA04F488
:10EFA0009847A543F4D1104B9D695A6915400DD07F
:10EFB0000E4F01269D6195FAA5F4B4FA84F457F832
:10EFC000243006FA04F49847A543F4D1BFF34F8FD9
:10EFD000F8BD00BFF87400200040004278750020A2
:10EFE00000800042F875002000C0004278760020C2
:10EFF0000548064B1B1AD90F01EBA301491002D09B
:10F00000034B03B118477047C07A0020C07A002034
:10F010000000000008B5054B1BB105490548AFF3DA
:10F020000080BDE80840FFF7E3BF00BF000000001C
:10F03000A0DD00200054056000207047034B1868D5
:10F0400010B103681B681847704700BF0CD200203E
:10F050002DE9F04100F5005090B0574C9646574BC3
:10F060000094C0F810191B6A5548C3F301230468C3
:10F07000403304F080746B4413F8406C514B03FB35
:10F0800006F60368B6FBF1F2B6FBF2F543F0A043D7
:10F090004D1B03600368DF01FCD5052A4FF0000C0F
:10F0A0002AD96046831C0130B2FBF3F7192F07FB06
:10F0B00003F3F7D84FF00108B6FBF3F3CB1A002B9C
:10F0C000B8BF5B42AB420BDBA7F10C0318BF4FF09C
:10F0D0000008062B0AD8B8F1000F07D08446E1E7F4
:10F0E0001D46A7F10C038446062BF4D9052FD9D869
:10F0F0000CF10103B2FBF3F2B5F5967FA2F1050224
:10F100004CDC142A4AD802EB42022F4F6E46DFF83D
:10F11000B08002F14003BEF1020F0DEB03050FCFEB
:10F120000FC60FCF0FC60FCF0FC697E80F0007C649
:10F1300026F8023B4FEA1343337015F83F3C15F8AD
:10F140003E2C4FEAC34315F8401C4FEA024203F439
:10F15000601301F0070102F4E02243EA020343EAEC
:10F16000010343F4800343EA0C6343F48043C8F88B
:10F170000430D8F8043014BF23F0080343F0080328
:10F18000C8F804303CB90E4A136823F0805313606A
:10F190001368DB01FCD410B0BDE8F081002CFAD17B
:10F1A000074A136823F0805313601368D901FCD415
:10F1B00010B0BDE8F08100BF3C18500000C00F4007
:10F1C00000001D4040420F00281C00200020704716
:10F1D000002070470820704738B50FF0F7FA164B3B
:10F1E000164A1C681860001B1549A0F1FB03086053
:10F1F00093421FD8134C14492288144D0132144BEA
:10F2000092B222800A78D2B245F822000A781148D8
:10F210000132A3FB0243DB0803EB830403EB44034B
:10F22000D21AD2B20A7003780A2B03D803780133BA
:10F23000DBB2037038BD00BFD8CC002044410F00C2
:10F24000CCCC0020BCE00020DDE0002068D0002015
:10F25000A38B2EBADCE0002030B50C1E9BB022DD63
:10F260000146A20001A80EF0C3FF012C1BDD0DF129
:10F27000040E651E4FF0000C5EF8041F63467246D4
:10F2800052F8040C81421CD2013B42F80409581C7C
:10F29000F6D100231AAA0CF1010C02EB8303AC4552
:10F2A00043F8641CE8D1E5070DD464101AAB03EBF6
:10F2B000840353F8680C53F8643C184440081BB0AE
:10F2C00030BD0133E6E763101AAA02EB830353F85B
:10F2D000640C1BB030BD00BF2DE9F04FDFF8A0A1DA
:10F2E0009AF801302DED028B89B0DBB1DFF89491F3
:10F2F0000024DFF89481584F584E9FED598A594D9C
:10F30000594BDFF888B119F8012B82B901349AF80A
:10F31000012008F104080437944206F1040605F1BF
:10F320000405F0DB09B0BDEC028BBDE8F08FF2EE16
:10F33000047A97ED007A9AF800E04C4A27EE277A93
:10F3400044EA0E1E96ED006A02EB84028DF80AE094
:10F35000DFF83CE1BDEEC77ABDEEC66AD5ED006AC6
:10F3600014F80EE0D2ED007A0BEB84028DF81EE06B
:10F3700017EE10EAFDEEE66AD2ED005AADF818E09D
:10F3800016EE10EA67EE887A98ED005A65EE885A14
:10F39000ADF81AE016EE90EA53F824C025EE085AAC
:10F3A000ADF81CE047F6926EFCEEE55A8DF80BC006
:10F3B000FCEEE77AADF808E04FEA1C2EBDEEC55A28
:10F3C00015EE901A17EE900A8DF80CE04FEA1C4EDD
:10F3D00015EE102A4FEA1C6C8DF80F10ADF81200D4
:10F3E000000C8DF80EC04FEA112C090C8DF8152079
:10F3F0008DF8140000208DF81110111212148DF8E0
:10F4000010C08DF816100DF11E0C8DF8172002A9F2
:10F41000922209F8010C8DF80DE001E011F8012F9E
:10F4200002448C45D0B2F9D1114A124952688DF884
:10F430001F000192104A0091694612880F4806F099
:10F4400071F902A918220D4806F084F90B4806F05C
:10F4500075F9054B5AE700BF38A3002028A3002008
:10F4600000007A4448A3002040A3002020A30020ED
:10F4700018A300200C2500208E77002080D10020CA
:10F480007C680020B0CC002030A3002054A30020D2
:10F4900050A3002010490B68486B0A68496B02F0C2
:10F4A0007F02C1F3036101320431B2EB410F10D38B
:10F4B00003F07F03C0F30360053B0130A3EB40037F
:10F4C000DBB2054A106800F07F000130C01AC0B2FC
:10F4D00070470023F5E700BF00001D40634A2DE997
:10F4E000F0411468136804F0807443F0A043136083
:10F4F0001368DD01FCD511680023DFF878C121F025
:10F5000000515B4F594E1160194653629362126865
:10F5100003EB0C02DD1901331201AD00D160DBB247
:10F520009160516011602960326802F07F020132FF
:10F530009342EDD3B1643161F26A336BF2623363AB
:10F540003368002849D1DFF82C810546474E484FE3
:10F5500019E0336803F07F030133B0EB930F34BF3E
:10F560004FF080634FF08C631360736BC3F3004301
:10F570009B070B603368013503F07F03EDB2013365
:10F5800028469D421ED2336805EB0802E91903F0B4
:10F590007F03120189000133B0EB530FD9D34FF031
:10F5A0000063136033689A0003D5FFF773FFA84226
:10F5B000E0D801231F2D03FA05F34CD8B26A134398
:10F5C000B362D7E73CB9294A136823F0805313602C
:10F5D0001368DB01FCD4BDE8F08143F000533360D5
:10F5E000356815F000553ED0FFF754FF33680546E7
:10F5F00003F07F0301338342E4D91E4F4FF00066CE
:10F60000DFF868800DE0D8F828201343C8F82830C8
:10F61000D8F80030013503F07F03EDB201339D428D
:10F62000D0D2EB191B011E60D8F80030990003D529
:10F63000FFF730FF8542EBD301231F2D03FA05F3BB
:10F64000E1D9A5F120010123D8F824208B401343F0
:10F65000C8F82430DCE7A5F120010123726A8B4051
:10F660001343736286E73368C7E700BF00001D409D
:10F670002042071008D001041E4B1B781BB91E4BFB
:10F680001B78002B35D010B50FF0A0F81B4A1C4991
:10F6900013681060C31ACA6C1A4C9342236027D9AE
:10F6A0000A6D934224D2184C18492288013292B232
:10F6B00022800A78164CD2B244F822300A78154CCF
:10F6C000D2B2154B44F822000A7814480132A3FB49
:10F6D0000243DB0803EB830303EB8303D21AD2B2AA
:10F6E0000A700378182B03D803780133DBB2037058
:10F6F00010BD7047DBE00020DAE00020D0CC002015
:10F70000CCD00020C4CC0020C0CC002064D000208D
:10F7100098CF0020D0CE00201F85EB5160D0002074
:10F720001F4B1B781BB91F4B1B78002B37D010B514
:10F730000FF04CF81C4A1D4953685060C31AD1F8A9
:10F74000A4201B4C9342636028D9D1F8A82093428F
:10F7500024D2184C18496288013292B262804A78E9
:10F76000164C193244F822304A78154C1932154B90
:10F7700044F822004A7814480132A3FB0243DB0814
:10F7800003EB830303EB8303D21AD2B24A704378AC
:10F79000182B03D843780133DBB2437010BD704798
:10F7A000DBE00020DAE00020D0CC0020CCD000202C
:10F7B000C4CC0020C0CC002064D0002098CF002012
:10F7C000D0CE00201F85EB5160D0002010B5134C27
:10F7D000A07DFF2804D10023114A1846137010BDE4
:10F7E0000FF048F8E27D0346003818BF01204AB107
:10F7F0000C4A1178814208D053B9094B1B7810701C
:10F80000184610BD064B187010BD054B187810BD7A
:10F8100003490B7883F001030B70F0E77C6800204C
:10F82000E5E00020E6E000202DE9F041A24BA34EE8
:10F830001968A34A73782DED028B116088B0002BF4
:10F8400077D0A04D4FF000089F4F0DF119049FEDA8
:10F850009F8AD5ED017A47F69062337867EE887A11
:10F8600095ED076A48EA0313ADF80C20B5EEC06ABF
:10F87000FCEEE77A8DF80E30F1EE10FA17EE903AC2
:10F880004FEA13218DF80F304FEA13428DF8101014
:10F890008DF8112040F3C680D5ED055AB2EE047BF9
:10F8A000B7EEC66AB8EE655B25EE075B85EE067BB4
:10F8B000FCEEC77B17EE903ADAB2C3F30720C3F32E
:10F8C0000743F2EE046A95ED027AD5ED097ABDEEB2
:10F8D000C77A8DF8122067EEA67A8DF8143017F8E3
:10F8E000011B17EE102A8DF81300FCEEE77A8DF855
:10F8F000171013128DF81520902103AA8DF81630D9
:10F9000017EE903AADF81830002301E012F8011F0D
:10F910000B449442DBB2F9D18DF81A3005F076FE33
:10F92000012800F0838008F1010873785835984564
:10F930008FDB96F82040002C6FD1737E47F69161E3
:10F940003278FF2BADF80C108DF80E2000F082807D
:10F950005F4BF27E1B68FF2AD9B2C3F307238DF8F1
:10F960000F108DF8103000F081805A4BB2EE046B0E
:10F9700093ED007AB7EEC77A27EE067BFCEEC77BE5
:10F9800017EE903AD9B2C3F30723534A8DF81230D9
:10F99000136856228DF8111043F20121ADF818209A
:10F9A000B27DADF81610190A8DF81330FF2A4FEA10
:10F9B00013438DF814108DF8153003D0FFF706FFB0
:10F9C000002859D105F022FE012805D19DF81930F3
:10F9D00043F010038DF81930404B1B782BB19DF884
:10F9E000193043F020038DF81930337E2BB19DF888
:10F9F000193043F040038DF819300DF10B020DF171
:10FA0000190112F8013F23448A42DCB2F9D18DF882
:10FA10001A4005F0FBFD012835D008B0BDEC028B83
:10FA2000BDE8F0810022104613464AE72C4B01A99D
:10FA30002C485B6802932C4B1A882C4B019305F0E1
:10FA400071FE0F2203A9274805F084FE254805F022
:10FA500075FE68E71E4A234621461460F27E8DF843
:10FA60000F10FF2A8DF810307FF47FAF00210023A4
:10FA7000184A1160194688E79DF8193043F00103D0
:10FA80008DF819309EE7164B01A9174A5B68174C91
:10FA900012881448CDE9014305F044FE0F2203A962
:10FAA000104805F057FE0F4805F048FE08B0BDECC1
:10FAB000028BBDE8F08100BF9CE000207C68002044
:10FAC000F8680020CCD000207CD1002000007A44CF
:10FAD000B8CC0020E4D10020E0D10020CBE0002011
:10FAE00018A3002080D100208E7700200C25002054
:10FAF000134B1A68D20770B5124D134C03D4012171
:10FB00002A6819602260114E3368DB0706D52B681E
:10FB100022689B1AB3F57A7F05D870BD0EF056FEA9
:10FB200001233360F3E70A4B0D202A68197822601D
:10FB300081F00101BDE8704019700EF071BE00BF88
:10FB4000ECD100209CE0002078D20020E8D10020F9
:10FB5000E3E0002010B51921114810F0CFFC114846
:10FB600010F048FF022200210F480FF0C9F80F4C97
:10FB7000012202210E480FF0C3F8242217210D485C
:10FB80000FF0BEF820465822FD210FF0B9F8582298
:10FB900040F27911A018BDE810400FF0B1B800BFD5
:10FBA00004240020FC68002024670020CCD0002022
:10FBB000266700207C68002070B51921314810F0BC
:10FBC0009DFC314810F016FF304A42F21C512424AB
:10FBD00040F61D60134611800F21947002F1B005AC
:10FBE000A2F858004FF0FF0E82F85A100526DFEDFC
:10FBF000286A4FF0230C9FED277A3224DFED267A16
:10FC000019202649264A583303F830EC43F81C2CB7
:10FC10004FF07C5203F82F6C43F8182C502243ED20
:10FC20000B6A23F8142C4FF4C87203ED0A7A23F8F8
:10FC3000122C962243ED097A03F8102CFA2203F8CD
:10FC400020CC43F80C2C282203F81F4C03F81E0C80
:10FC500043F8081C03F8042CAB42D3D1114C124BCF
:10FC600004F1040C0FCB8CE80F00104B002210485D
:10FC70001049636100232060A161E26184F82030B3
:10FC800070BD00BF881E0020FC680020CCD0002082
:10FC9000E21A4E3A0D38823B8FC2753C40420F004B
:10FCA0000000C8417C6800204868002001001E0058
:10FCB00000010101012800FF30B41F4C637EA27DCA
:10FCC0002A3BDBB2D42B22D9E07EA2F12A032A38C8
:10FCD000DBB2C0B2D42888BFD42B8CBF0120002057
:10FCE00003D8164B30BC187070476578A5B1144B1B
:10FCF000002208E05978292909D899785833292908
:10FD000005D8AA4208DA197801322929F2D9002047
:10FD10000A4B30BC18707047237D012BE1D1094A92
:10FD200002F1100112F8013F2A3BDBB2D42BEED9CD
:10FD30008A42F7D1D5E700BF7C680020CBE00020E5
:10FD4000CCD000207F680020F8B500200EF02EFEF9
:10FD5000044601200EF02AFE0346E4B2022063F3BB
:10FD60000F240EF023FE45F2326324B29C4201D1EF
:10FD700001280ED01A211F4810F0C0FB1E4810F0B9
:10FD800039FEFFF719FFFFF7E5FE1C4B01221A7041
:10FD9000F8BD1B4C18211B4810F0B0FB164804F1AD
:10FDA0002406C4F1170510F025FE60190EF0FEFDC3
:10FDB00004F8010BB442F8D1134F3C4607F1580642
:10FDC000C7F1FD0560190EF0F1FD04F8010BB44216
:10FDD000F8D140F2211504F15806ED1B60190EF020
:10FDE000E5FD04F8010BB442F8D1FFF765FF0028E8
:10FDF000C0D0CDE7CC230020FC680020CBE0002061
:10FE00007C680020E8230020CCD000202DE9F041C0
:10FE1000264F8AB00FCFEC46E8460DF12606644621
:10FE2000C8F1A805ACE80F000FCFACE80F0097E8C9
:10FE300003004CF8040BACF8001060190EF0B6FD8E
:10FE400004F8010BB442F8D1BDF8002042F29463EB
:10FE50009A420DD14446164D0FCC0FC50FCC0FC59D
:10FE600094E8030045F8040B29800AB0BDE8F0814E
:10FE7000104C0F4B104A114D03CC43F201241D606E
:10FE8000C3F80700C3F80B109C80002403CA9C71C0
:10FE9000C3F8160010882622C3F81A10A821D883A8
:10FEA00018460AB0BDE8F0410EF02ABF681C0020D9
:10FEB000A0680020A41E0020AC1E00209426C0A82C
:10FEC000124B5A7C93F80EC0D200197C4FEA4C4C6E
:10FED000986802F0F8020CF47E0CC0F3140042EAB9
:10FEE0000122997C4CEA020CDA7B0907120601F028
:10FEF000E04102F0706242EA0C021143DA7C9B8915
:10FF000040EA43500AB141F0004170476468002064
:10FF1000254B1A78037B190903F00F039A423ED14F
:10FF2000012910B594BF0024012404B110BDC37B86
:10FF30004FF0580C90F80EE01B041C4A43EA0E23C5
:10FF400090F80DE00CFB012C43EA0E0307EE103A8B
:10FF50009FED136BB8EEC77B27EE067BB7EEC77B32
:10FF60008CED067A038AACF82030837CD807C3F383
:10FF7000420048BFCCF81440582404FB0122C3F3CC
:10FF8000001410740A480470C3F380140948DB0994
:10FF900004700948094C00686354D06010BD704774
:10FFA000FCA9F1D24D62503F7C680020CCD00020EB
:10FFB000D0E00020987700209CE000200CA30020D7
:10FFC000134B1A78037B03F00F039A421ED190F86B
:10FFD0000DC01049827B104B81F800C01A700F4B86
:10FFE000027C0F491A70827C0E4B90F80FC01A7079
:10FFF000C37A81F800C0072B0B4990F811C08CBF61
:02000004600397
:10000000C27CFF22094B81F800C01A70704700BF04
:100010007C680020DBE00020DAE00020D5E0002052
:10002000D6E00020CCE00020CDE000209977002031
:10003000414B70B51A78037B1D0903F00F039A42F8
:1000400001D1012D00D970BD437B06463B4C07EE24
:10005000103A58239FED304BB8EEC77B03FB0543A6
:100060009FED2F5B27EE047B87EE056BFCEEC67BD6
:1000700017EE902A83F82820827B07EE102AB8EE2C
:10008000C77B27EE047B87EE056BFCEEC67B17EE85
:10009000902A83F82920C37B1BBB9FED290A582394
:1000A00003FB054383ED0B0A337C33BB9FED240A2E
:1000B000582303FB054383ED0C0A727C06EE102ADD
:1000C0009FED195BB8EEC66B86EE057BB7EEC77B7E
:1000D00083ED0D7AB27C83F83820F27C83F83920E6
:1000E00070BD783B01EE103A9FED110BB8EEC11BCD
:1000F00010F01EFFB7EEC00BD1E76C3B01EE103ADB
:100100009FED0B0BB8EEC11B10F012FFB7EEC00B4A
:10011000CEE700BFAFF300800000000000E06F40BA
:1001200000000000000059400000000000408F4027
:100130009A9999999999F13F7C680020CCD0002038
:1001400000000000154B1A78037B190903F00F0318
:100150009A4201D1012900D97047114B4FF0580C38
:10016000427BB2EE045B0CFB013383F83A20827BC6
:1001700006EE102AB8EEC66B86EE057BB7EEC77B9F
:1001800083ED0F7AB0F80F20A3F84420B0F81120C7
:10019000A3F84620C27C83F8482070477C68002082
:1001A000CCD00020000000001F4B1A78037B1909F7
:1001B00003F00F039A4201D1012900D9704730B4EE
:1001C000437B582206EE103A184B9FED155BB8EEB4
:1001D000C66B02FB013286EE057BB7EEC77B82ED74
:1001E000107A847B1CB1124DB5FBF4F41465B0F8A1
:1001F0000F2032B10F4D5824B5FBF2F204FB01344D
:10020000E264427C042A07D80522582000FB01330F
:1002100083F8542030BC7047C82AA8BFC822F4E72E
:1002200000000000000059407C680020CCD0002075
:100230008096980040420F000E4A037B117803F02D
:100240000F03994215D1437BD376037C90F80FC0FE
:100250001B04817B43EA0C230B4307EE903AF8EE34
:10026000E77AC2ED077A437CDB0702D5024B002216
:100270001A6070477C680020E0D100200000000078
:10028000134B1A78037B190903F00F039A4201D12B
:10029000012900D9704790F80FC0B0F80D305820F0
:1002A0000C4A43EA0C4307EE903A00FB01239FED12
:1002B000065BB8EEE77B87EE056BB7EEC66B83EDAA
:1002C000076A7047AFF300800000000000408F40D5
:1002D0007C680020CCD00020284938B50A78034635
:1002E000274CC06842F00802A0610F2A1B8AA38332
:1002F00002D000230B7038BDA3780022214D0A7074
:1003000003F00101204A05F1040CA970C3F3400178
:100310002088E970C3F3C0012880E975C3F3001198
:10032000C3F34013E0782976AB762179A379697518
:1003300053706179E37911709370A17A23892875DC
:1003400082F85A10D4F80B00D4F80F10A2F85830E5
:10035000D4F81320D4F81730ACE80F00E37EAB7567
:10036000227F637F6A7685F82030FFF7F3FB4FF03A
:10037000E023064AC3F80C2D38BD00BFE9E0002099
:10038000C8D500207C680020CCD000200400FA05ED
:1003900000B585B005F03AF9012802D005B05DF846
:1003A00004FB194A48F221010DF10500136A128C71
:1003B000ADF800102121ADF802201A141B0E8DF8A3
:1003C00004206A468DF80530002301E012F8011F71
:1003D0000B448242DBB2F9D10C498DF806300C484F
:1003E0004B6802A90B4ACDE9020312880A4805F0BE
:1003F00099F907226946084805F0ACF9064805F066
:100400009DF905B05DF804FBD474002018A300200A
:100410000C25002094770020B0D10020052940F35E
:1004200015812DE9F04F467885B0B0F802808B46F3
:1004300006F1050A054698FA98F890F80490514597
:100440001FFA88F840F3FA8048464FF0050E01275E
:100450007F4CD94606EB182C5CFA88FC8444A6B184
:100460000EF1FF3306F1FF3B05EB0E0203902B4428
:1004700052FA8BFB13F8011F20685A1B9B458C44D2
:10048000A2EB0E028154F5D10398C4F80480C4E9AC
:10049000020615F80A306344DBB2002B40F0AF804F
:1004A000052872D8DFE800F04F3E3771310323682A
:1004B0001B681BBA23616749236A0A680133642AEF
:1004C00023627ADC01320A60E369002B65D13E4485
:1004D000063606F0FF0707F1040ECE4580F298803D
:1004E000EE5DEB1906EB0E0A5A7893F80280CA45C6
:1004F000D87848EA0228ADDBA2685749574810F07F
:1005000095FA012005B0BDE8F08F23681B885BBA1F
:100510001B042361CFE723681B885BBA9BB21B01D6
:100520002361C8E700214E480FF0E8FF4B4810F068
:1005300061FA03214B480FF0E1FF484810F05AFAE6
:100540000123E361B7E72369A26903EB08003118CF
:10055000914239D8616988424349096838BF60616E
:100560000B4403F1204303EB0800404B1B6803F1ED
:10057000C043934264D301F120413246B1F5000FEC
:10058000216824D30DF034FE95E7062842D00728D1
:100590002DD0324810F02EFAAEE7304810F02AFA8B
:1005A0006269A369324901939B1A00922B48226A1F
:1005B00010F03CFAFFF7ECFE89E700232D480B60B2
:1005C00001210FF09BFF7FE70A46A161C2E704F01B
:1005D00019FB00283FF46FAF8046204810F00AFA5C
:1005E000254942461D4810F021FA01208AE7234997
:1005F0001A4810F01BFA012005B0BDE8F08F142155
:100600001F480FF07BFF154810F0F4F9012079E73F
:10061000002077E71B49114810F008FA124B4FF001
:10062000C040D4E905218A1A1968FEF741FC4FF051
:10063000E023154A0020C3F80C2D63E7044C5BE768
:100640001249064810F0F2F901205BE700207047DC
:10065000D474002074D20020EC200020FC6800201C
:10066000FC380020C8200020C0D50020C4D50020C0
:100670000C210020286600209C200020D82000208B
:100680005C200020CC2000200400FA05742000200B
:1006900010B584B0044604F0B9FF012821D1124BF3
:1006A00048F2220011491B7849688DF802305E3B00
:1006B0000F4A54FA83F38DF803400E4C1288ADF8BC
:1006C0000000039102A90C488DF80430029405F053
:1006D00029F805226946084805F03CF8064805F067
:1006E0002DF804B010BD00BF7C68002018A30020C6
:1006F000947700200C250020B0D10020F0B554489C
:1007000083B005F0ABF884B20CB903B0F0BDB4F51A
:10071000FA7F27464F4D28BF4FF4FA774E4E2946B1
:100720004B483A4605F040F833782BBB288848F20E
:10073000200229789042E8D1052CE6D92A46281DC6
:1007400001E012F8011F0B448242DBB2F9D16A7951
:100750009A42DAD1414BAA781B78B3EB121F3DD1F4
:100760002B79012B3CD0EB78012B39D0662003B0DC
:10077000BDE8F040FFF78CBF042C08D92B783A2B4A
:1007800023D139462846FFF749FE0028BDD034481A
:1007900010F030F90D2133480FF0B0FE304810F062
:1007A00029F931492E4810F041F941F288300DF015
:1007B000B9FF2E4A2E4B1168186804F003FA4FF067
:1007C000E0232C4AC3F80C2D9FE72B4B2B492448E0
:1007D0009A6803B0BDE8F04010F028B96520C6E77C
:1007E000224C234D2146284604F0DEF928B304228A
:1007F0004FF40053224900921948224A10F016F98A
:1008000022682968204801F1204400911F4B1144BF
:10081000920AB4F5000F28BF0346019110481C4905
:1008200010F004F919211B480FF068FE0C4810F075
:10083000E1F801236420337099E71F2116480FF077
:100840005DFE074803B0BDE8F04010F0D3B800BF2C
:10085000B0D10020DCCC0020CAE000207C68002061
:10086000FC680020C41E0020D41E0020C4D5002037
:10087000C0D500200400FA05D4740020EC2000202C
:100880000C1F0020001F0020C01E0020B81E0020EA
:10089000341F0020581F0020741F0020F0EEC07A83
:1008A000DFED156A9FED157AB5EEC00A144B67EEC1
:1008B000A67AF1EE10FADB7810B52DED028B87EEFB
:1008C000878AACBF01210021BBFE488ABDEEC88AE1
:1008D0000BB181F0010158230A4C03FB00446078FE
:1008E0000DF09EFF18EE101AA078BDEC028BBDE84B
:1008F00010400EF0A7BB00BF00F07F4500007F4313
:100900007C680020CCD00020284B4FF6FF725B8C17
:1009100093421FD0264A1278E2B1264A117809BBC9
:10092000254830B404780CB3244A254C1268246856
:10093000121B40F6B734A2420AD9224A224CA2FB2B
:1009400003522468A3EB12139BB2A34200D9017097
:1009500030BC70470023184816491C4A03700B70BE
:1009600013707047144B01221A70704716490968BA
:100970008B42EDD211490124114B42F2107C0D68DB
:10098000047013481D600B6805685B1B634504D940
:100990000A680E4B02601C70DAE70C490B780133D1
:1009A000DBB2022B0B7088BF1470D1E77C6800208B
:1009B000D0E00020D8E00020D7E000209CE000201C
:1009C000B4CC0020CDCCCCCCB8CC0020D9E00020D9
:1009D000BCCC00202DE9F843DFF810812DED048B0D
:1009E000FFF792FF98F801303BB3394D0024394F9F
:1009F000394EDFED3A8A9FED3A8A9FED3A9ADFF859
:100A0000F09099F80030E3B1374B03EB840383EDAA
:100A1000008A2B7C022B50D0042B08FE280AE0B25F
:100A200085ED020AFFF73AFF013498F80130583596
:100A30000137A34206F10106E3DCBDEC048BBDE8FF
:100A4000F88395ED020AB4EEE80AF1EE10FA19D433
:100A5000B4EEC90AF1EE10FA01DD9FED220A2B7CFB
:100A6000052BE1D801A252F823F000BF3B1C000087
:100A70002B1C00001B1C0000B91B00001B1C0000ED
:100A80002B1C00009FED150AE9E73378E0B2E3B1D3
:100A90003B78002B08FE000A04E03378E0B27BB913
:100AA0009FED0E0AFFF7FAFEBEE73378E0B2002BA7
:100AB00008FE000AFFF7F2FEB6E7B0EE480AAEE71E
:100AC0003B78002B08FE800AECE79FED050AE9E77A
:100AD000CCD0002008A300207CD1002000007FC3E0
:100AE0000000000000007F437CCC00207C680020D8
:100AF000D7E0002000000000C14B1B5C002B00F081
:100B00002F815822BF49F0B5BF4EC04DC04C33684D
:100B100002FB004255F8207092F848E0A3EB070C66
:100B200001EB8003F44593ED000A4FEA8003C0F027
:100B30001381D2ED066A92ED016A92ED0D7AB54A03
:100B400076EEC67A26EE877A36681A4445F8206033
:100B5000C2ED007AF4EEC77AAF4AB04D1A44F1EE16
:100B600010FAC2ED006AAE4A1A4482ED006AAD4A3C
:100B700012F800C0AC4A02F800C005EB03024FF0C7
:100B8000000CC2F800C040F3FA80A84F3A5C002A7B
:100B900040F00181A64A4FF0010E07F800E0D71897
:100BA000C7F800C0B0EEE75AB4EEC75AF1EE10FA3B
:100BB00040F3BB80B1EE667AF4EEC77AF1EE10FA3C
:100BC00040F1FB80B0EEE65AF0EE477A4FF0580C59
:100BD0000CFB004C9CED0C7ADCED0F4A67EE275ABB
:100BE000B1EE646AF4EEC65AF1EE10FA08D4F4EEEF
:100BF000E54AF1EE10FA54BFB0EE656AB0EE646AF1
:100C00004FF0580CDFED8B4AD7180CFB004CB4EEBC
:100C1000E47AD7ED005A9CF829709CF828C0F1EED0
:100C200010FA36EE256AA7EB0C0E07EE10EAD8BFD5
:100C300026EE246AB8EEC77AB4EEC67AF1EE10FA60
:100C40000CDCACEB070E07EE10EAB8EEC77AB4EE98
:100C5000C67AF1EE10FA58BFB0EE467A1A44B7EEF3
:100C6000C55A82ED007A582202FB004292F838E021
:100C700006EE10EAB8EEC66A9FED5B4B26EE266ADA
:100C8000B7EEC66A86EE043BB4EEC35BF1EE10FA33
:100C900000F3A18092F8392005EE102AB8EEC55B6A
:100CA0009FED533B85EE046B26EE036BB7EEC66BF0
:100CB0005822DFED614A1D4402FB0042D2ED0B6A6F
:100CC00067EEA67AF0EE476A67EEA47A9FED4A5B7C
:100CD000E7EE866AB0EEE60AC5ED006AB7EEC04AF6
:100CE000B4EEC54BF1EE10FA72D407EE907AF8EE3E
:100CF000E77A30EE270AF4EEC07AF1EE10FA6DDCF6
:100D000007EE90CAF8EEE77AF4EEC07AF1EE10FA48
:100D100003D507EE90CAB8EE670AF5EEC06AF1EEA9
:100D200010FA0BDAB1EE400A08E0DFED427A1A441D
:100D3000B0EE677AC2ED007AB0EE670A3F4A01244E
:100D40001A4482ED007A3E4A1A4482ED000A3D4A76
:100D500042F820603C4A14540B4483ED000AF0BD75
:100D600083002849324ADFED337A0B4402EB8002DC
:100D7000B0EE670AC3ED007AC2ED007A7047B1EEBB
:100D8000476AB4EEE76AF1EE10FA02DD274F3A5CEB
:100D900042B9274A06E7B1EE476AF4EEC67AF1EEA9
:100DA00010FAF6D54FF0000C214A07F800C0D7180A
:100DB0004FF0000CC7F800C0F4E6F4EEE76AF1EE7D
:100DC00010FA7FF503AFB0EEE65AF0EE667AFDE674
:100DD0009FED180AB2E79FED1D6A69E707EE907A6A
:100DE000B8EE670A99E700BF000000000000594014
:100DF00000000000000044409A9999999999B93FE0
:100E0000A8CC002090CC00209CE0002088CC0020C2
:100E1000CCD0002030A3002054A3002028A3002021
:100E200020A30020A4CC002050A30020586800205C
:100E30007CCC0020000000000000C84238A3002045
:100E400048A3002040A30020B0CC00200000204296
:100E5000B94B1B5C002B00F023815823F0B5B74F32
:100E6000B74EB84C56F82020396803FB0043B64D06
:100E7000891A93F848C005EB8002614592ED000A9B
:100E80004FEA8002C0F00B81D3ED066A93ED016A50
:100E900093ED0D7AAD4B76EEC67A26EE877A3F68F3
:100EA0001344AB4946F82070C3ED007AF4EEC77ADC
:100EB000A84B1344F1EE10FAC3ED006AA64B13449D
:100EC00083ED006AA54B1E5CA54B1E5401EB02038B
:100ED0004FF000061E6040F3ED80DFF8A4C21CF85E
:100EE0000030002B40F005819E4B4FF0010E0CF8B6
:100EF00000E003EB020CCCF80060B0EEE75AB4EE71
:100F0000C75AF1EE10FA40F3B580B1EE667AF4EE0E
:100F1000C77AF1EE10FA40F1FD80B0EEE65AF0EE3D
:100F2000477A582606FB004696ED0C7AD6ED0F4A16
:100F300067EE275AB1EE646AF4EEC65AF1EE10FA83
:100F400008D4F4EEE54AF1EE10FA54BFB0EE656A4B
:100F5000B0EE646A9E18DFED844AD6ED005A58263A
:100F6000B4EEE47A06FB004636EE256A96F829C010
:100F7000F1EE10FA96F82860ACEB060ED8BF26EE1C
:100F8000246A07EE10EAB8EEC77AB4EEC67AF1EE3C
:100F900010FA0CDCA6EB0C0E07EE10EAB8EEC77ADE
:100FA000B4EEC67AF1EE10FA58BFB0EE467A1344AA
:100FB000B7EEC55A83ED007A582303FB004393F83C
:100FC00038E006EE10EAB8EEC66A9FED593B26EE11
:100FD000266AB7EEC66A86EE034BB4EEC45BF1EE4A
:100FE00010FA75DC93F8393005EE103AB8EEC55BAF
:100FF00085EE036BB7EEC66B5823DFED5C5A03FB3F
:101000000043D3ED0B6A93F83A3067EEA67AF0EE20
:10101000476A5C4267EEA57AE7EE866A07EE904A79
:10102000F8EEE77AF4EEE67AF1EE10FA0CDC07EE71
:10103000903AF8EEE77AF4EEE67AF1EE10FA74D52B
:1010400007EE903AF8EE677A114430EE270AC1EDC8
:10105000007A07EE90CAF8EEE77AF4EEC07AF1EE85
:1010600010FA38DD07EE90CAB8EE670A154485ED30
:10107000000A06E0DFED3C7A1344B0EE677AC3ED78
:10108000007A3B4B3B4913443B4C1144012283ED16
:10109000000A3A4B81ED007A44F820701A54F0BDF2
:1010A000304BDFED317A03EB8003B0EE670AC3ED1E
:1010B000007A7047B1EE476AB4EEE76AF1EE10FAD3
:1010C00004DDDFF8BCC01CF80030CBB9254B14E7B9
:1010D000B7EE006A90E707EE906AF8EEE77AF4EE72
:1010E000C07AF1EE10FAC1D507EE906AB8EE670A41
:1010F000BCE7B1EE476AF4EEC67AF1EE10FAE5D538
:101100000026184B0CF800609E184FF0000CC6F833
:1011100000C0F2E6F4EEE76AF1EE10FA7FF501AFF7
:10112000B0EEE65AF0EE667AFBE6F0EE667A8BE712
:101130000000000000005940A8CC00209CE00020E6
:1011400088CC0020CCD0002090CC002030A3002000
:1011500028A3002054A3002020A30020A4CC00201A
:1011600050A300207CCC0020000000000000C842FA
:1011700048A3002038A3002040A30020B0CC0020CA
:1011800058680020F8B55C4B1B5C0BB9002960D097
:101190005A4A582303FB002393ED067AD3ED107AC5
:1011A000D3ED016A67EE277AF4EEE76AF1EE10FA02
:1011B00039D5534D0023534F2E68534C47F82060C8
:1011C0002354582303FB00222B689B1BB2F8446076
:1011D000B3424ED9F4EEC76A4C4A135CF1EE10FAF2
:1011E000CCBF012100218B4263D0494B8600DFED4B
:1011F000496A03EB800C9FED487ADCED007A67EEDC
:10120000A67AF4EEC77AF1EE10FA67FE877A3344D5
:1012100011549FED420A2A68C3ED007A012347F872
:1012200020202354F8BD384C255C002D5FD0344974
:10123000344AB3F8465052F820600B689B1BAB420F
:1012400034D9096800239FED350A42F82010235451
:10125000F8BD334A4FF07E512D4BDFED307A02EB73
:10126000800203EB8003B0EE670AC2ED007A1960DA
:10127000F8BD91B3B2F9203092F8282007EE103A69
:1012800007EE902AB8EEC70AB8EEE77AF0EEC06A29
:10129000F4EEC76AF1EE10FAC4DDB8EEE70B002BEE
:1012A000B8BFB1EE400BB7EEC00BF8BD9FED1B0A07
:1012B000F8BD174BB7EE007ADFED1A6A860003EB34
:1012C000800CDCED007A67EEA67AF4EEC77AF1EED8
:1012D00010FA58BFF0EE477A99E7FFF70DFC0C4B78
:1012E00003EB8000D0ED007A20EE270AF8BD054F11
:1012F000034D57F8206064E7A8CC0020CCD0002034
:101300009CE0002010A30020ACCC002084CC002066
:10131000C86800203333333FCDCCCC3D0000000003
:101320007CCC0020CDCC8C3FF8B5334E7378ABB17C
:10133000324C0025324F3B788BB1237C042B44D0B8
:10134000052B36D0022B40D0E8B2FFF7D5FB84ED59
:10135000020A013573785834AB42ECDCF8BD237CCB
:10136000052B3DD0B4F9203094F8282007EE903AB0
:1013700007EE102AF8EEE77AF8EEC76AB0EEE76AF1
:10138000C4ED027AB4EEE66AF1EE10FAE1DDB8EEF1
:10139000C77B002B05F10105737804F15804B8BF31
:1013A000B1EE477BAB42B7EEC77B04ED147AC2DCEB
:1013B000D4E7E8B20021FFF7E5FE01357378583431
:1013C00004ED140AAB42B6DCC8E7E8B20135FFF71A
:1013D0003FFD737884ED020A5834AB42ABDCBDE7C5
:1013E000E8B20121FFF7CEFE01357378583404EDE1
:1013F000140AAB429FDCB1E77C680020CCD000200F
:1014000098770020000000002DE9F04F844F7B7892
:101410002DED088BA1B0002B3DD0DFF82CA24FF0B2
:101420000009DFF82882DFF828B29FED75AB9FED49
:10143000769B9FED778B9FED78BB7A4B33F8193015
:101440009BB26BBB784BDBF800201B689B1AB3F593
:101450007A6F05D8754B1B7893B9754B1B787BB9A0
:101460000023CAF80430CAF82430002388F800307A
:1014700072B6704A02F809306F4A02F8093062B653
:1014800009F101097B780AF1580A08F101084B4576
:101490000BF1040BD1DC21B0BDEC088BBDE8F08F63
:1014A000614B1B68CBF800300DF090F99AF854307E
:1014B00042F21072864602FB03F3019372B6594959
:1014C000002231F8193021F81920DAF8142012FA24
:1014D00083F3CAF81430574B13F80920564B02F027
:1014E000FF0113F809308C46DBB2002A00F084803B
:1014F00003F11804514B09EB8900514DA3FB042360
:1015000007AE00EB8000CDF80890DB08CDF8148022
:101510000121F14603EB8303E04603EB8303E31A67
:10152000C218CDE903BA55F82220A346DDF804A07D
:101530000196444A0344CCB252F823308DB2019A4A
:10154000444542F8043B01921DD2182D1BD8ABEB49
:1015500001033A4A3A4E01F1010E82FB032CDA17DD
:10156000C2EBEC0202EB820202EB82029B1ADBB2BC
:10157000C21856F82220A9EB0202524501D9042DC7
:1015800001D87146D5E7DDE9029BDDE904A862B622
:1015900007A8FDF761FE88F80040019000283FF49D
:1015A0006FAF07EE900A9AED097ADAED074AB8EEC6
:1015B000676BB7EEC77AF5EEC04A8AEE065B27EE98
:1015C000097BF1EE10FAB7EEC56BB7EEC66AA6EE70
:1015D000087BB7EEC77B8AED097A7FF751AFB7EE8C
:1015E000C77AB7EEE46A27EE0B7B87EE065BB7EEB1
:1015F000C55B8AED015A43E762B688F800103FE701
:101600000000000080842E419A9999999999C93FC8
:101610009A9999999999E93F0000000000004E407D
:101620007C680020C0CC00209CE00020DBE0002093
:10163000DAE0002060D0002064D000201F85EB514C
:10164000D0CE002098CF0020CCD00020A4CC002009
:1016500098CC00200000000070B5B0F800C047F63C
:10166000F96E82B003780FFA8CF272450FDC47F600
:10167000F36E724570DD824A6244042A00F2F18101
:10168000DFE812F0BF00EF005A006C00A60047F63A
:10169000BC7C624560D120295ED9014600F11F045F
:1016A000002201E011F8013F1A448C42D2B2F9D174
:1016B00090F8203093424FD10379724CC278C3F333
:1016C000C00C81786270C3F3001284F817C02276D0
:1016D000C3F34012217003F00101A276C3F340036B
:1016E0004279E370227502468379A1706375664979
:1016F000C37990F80AC00B70037A4B70437A81F873
:1017000058C004F1140C8B70C37A81F8593012F868
:101710000C3F81F85A30231D12F8011F03F8011BFA
:101720009C45F9D1417F827FC37FA175627684F8A1
:101730002030FEF70FFA45E005290DD90146041DBA
:10174000002201E011F8013F1A448C42D2B2F9D1D3
:101750004379934200F0558102B070BD0829FBD94E
:10176000484C94F82020012AF6D0014600F1070CDD
:10177000002201E011F8013F1A446145D2B2F9D1CB
:10178000037A9342E8D182782378B3EB121FE3D136
:10179000C578E67EE576837942791B0443EA022325
:1017A0000279134307EE903AF8EEE77AC4ED077A30
:1017B000C379DB0702D5354B00221A60FEF7CAF960
:1017C000B542C9D04FF0E023314AC3F80C2DC3E72E
:1017D0000529C1D90146041D002201E011F8013F8D
:1017E0001A44A142D2B2F9D143799342B4D1254BE4
:1017F00081781A78B2EB111FAED1B0F803205A8469
:10180000FAE00A29A8D91F4C94F82020012AA3D075
:10181000014600F1090C002201E011F8013F1A44D1
:101820006145D2B2F9D1837A934295D182782378F7
:10183000B3EB121F90D1C47816490279164B0C7085
:101840001A7016494479164B82790C701A70017A15
:10185000144B154C1970C579427A144B25701A70C7
:101860007AE717297FF678AF064C94F82020012AF2
:101870003FF472AF014600F1160C00221AE000BFDF
:101880000B81FFFF7C680020CCD00020E0D100203D
:101890000400FA05DBE00020DAE00020D6E00020BA
:1018A000D5E00020CCE00020CDE00020997700209A
:1018B00011F8013F1A446145D2B2F9D1C37D934278
:1018C0007FF44AAF83782278B2EB131F7FF444AFE2
:1018D00003F00F056378AB427FF63EAFC378A84CA8
:1018E00007EE103A58239FED9C4BB8EEC77B03FBE5
:1018F00005439FED9B5B27EE047B87EE056BFCEEBB
:10190000C67B17EE902A83F82820027907EE102A6A
:10191000B8EEC77B27EE047B87EE056BFCEEC67B3B
:1019200017EE902A83F829204379002B40F08B8012
:101930009FED940A582303FB054383ED0B0A83793B
:10194000002B72D19FED8F0A5823B2EE044B03FB9C
:10195000054383ED0C0AC27906EE102A9FED823B07
:10196000B8EEC66B9FED7E5B86EE037BB7EEC77B62
:1019700083ED0D7A027A83F83820427A83F8392091
:10198000827A83F83A20C27A06EE102AB8EEC66B45
:1019900086EE047BB7EEC77B83ED0F7A427B06EEC3
:1019A000102AB8EEC66B86EE057BB7EEC77B83EDDB
:1019B000107AC289A3F84420028AA3F84620827CC8
:1019C00083F84820C27C1AB16F49B1FBF2F21A6564
:1019D000838A33B16D495822B1FBF3F302FB054210
:1019E000D364837D042B1ED9C82BA8BFC8235822DB
:1019F00002FB054484F8543002B0BDE87040FEF7A5
:101A0000A9B8634B2622C178857804791846D97025
:101A1000A8219D701C710DF073F94FF0E0235D4A11
:101A2000C3F80C2D98E60523E1E76C3B019001EE2D
:101A3000103A9FED4F0BB8EEC11B0FF079FA0198E9
:101A4000B7EEC00B80E7783B019001EE103A9FEDB6
:101A5000480BB8EEC11B0FF06BFA0198B7EEC00B44
:101A600068E70D297FF678AE4B4C94F82020012AC8
:101A70003FF472AE014600F10C0500221A448D427B
:101A8000D2B202D011F8013FF8E7437B93427FF4D2
:101A900063AE82782378B3EB121F7FF45DAE02F061
:101AA0000F02637893427FF657AE437905791B04A2
:101AB000C178334C43EA05230B43582107EE103A13
:101AC00001FB02419FED2C6BB8EEC77B27EE067B36
:101AD000B7EEC77B81ED067A037AC5791B0443EA2A
:101AE000052385792B4307EE103AB8EEC77B27EE26
:101AF000067BB7EEC77B81ED077A437ADE0701D517
:101B000000254D61C3F340015D074FF0580548BF04
:101B1000023105FB02452974190705D5582101FB3F
:101B200002410D7C04350D74582145891B4801FB89
:101B300002411B4C24680D84CC60C3F30014194986
:101B40000470C3F3401418480C70C3F38014174991
:101B5000DB0904708B54FFE50000000000E06F40DB
:101B600000000000000059400000000000408F40CD
:101B70009A9999999999F13FFCA9F1D24D62503FF8
:101B8000CCD00020000000008096980040420F005A
:101B9000A06800200400FA057C680020D0E0002046
:101BA0009CE00020D4E00020987700200CA30020C7
:101BB00010B58EB003F02AFD012801D00EB010BD83
:101BC000094803F04BFE84B2002CF7D0322C01A957
:101BD000054828BF3224224603F0E6FD214601A82D
:101BE000FFF73AFDEAE700BF80D1002000000000C7
:101BF0003D4A13889BB2002B53D03C493C4B0968AB
:101C000030B519609DB072B63A4800231188056856
:101C1000394C15FA81F1138094F800C001605FFA25
:101C20008CF1BCF1000F09D003AA344D55F82340C4
:101C3000013398B242F8044B8445F7D862B671B3C9
:101C400003A8FDF709FB019048B32D4BD3ED075ACC
:101C5000F5EEC05AF1EE10FA21DD07EE900A294B9D
:101C60009FED295AB8EE677B284A9FED194B9FEDEF
:101C70001A2B9FED1B3B84EE076B93ED004AB7EEEA
:101C8000C44A26EE027BA4EE037BB7EEC77B67EE69
:101C9000057A83ED007A87EEA57A82ED007A1DB091
:101CA00030BD124A124912680968521AB2F57A6FA9
:101CB0000BD900221348154902600A6072B60E491A
:101CC000134A0B70137062B670477047AFF3008011
:101CD0000000000080842E419A9999999999C93FF2
:101CE0009A9999999999E93FBCE000209CE00020DD
:101CF000A0CC0020E0D10020DCE0002068D0002053
:101D00007C68002060A3002000006145E4D1002031
:101D1000DDE0002070B5584B82B058490022019395
:101D20000B6AC3F3012308336B4413F8043CC0E986
:101D30000122C0E90322002B00F0858000F5005548
:101D40004E4924204E4B01244E4A0226C5F80C0968
:101D50001220C3F8D0208A6E4B4B42F470328A6650
:101D600041F2B00185F81549484A494CC3F81C01B5
:101D7000C3F80C13E664C3F82001C3F8101313680A
:101D800023F000431360136843F0A043136013680B
:101D9000DC01FCD553683D4943F0080353601368E8
:101DA00043F0804313600B68D802FCD40B68374AB9
:101DB00043F000730B6013689901FCD4334C236823
:101DC000DA01FCD52368002043F400332360236844
:101DD00043F480332360236843F4805323602368F3
:101DE00043F400532360236843F480032360236893
:101DF00043F400232360236823F408432360636BC8
:101E000043F4E0236363236843F4001323602368EF
:101E100043F080632360FDF761FB23681B4A23F0D6
:101E2000805323601368DB01FCD4D5F80C29012111
:101E3000184B03EB521302F01F029B0001FA02F24F
:101E40001A6002B070BD0B6A134A23F47F7343F427
:101E500080730B621368002B3FF470AF0B4A00F5E0
:101E600000551C6818465268D5F81019C2F3C00214
:101E700063685200984763E73C18500000C00F4069
:101E800000780020CD01000000801F4000001D40B0
:101E900000841F40403800380CD200202DE9F84360
:101EA0004B4D01214B4C28780CF0F6FC0021287892
:101EB0000CF0B6FC4848FFF72DFF00224749464882
:101EC000FDF7C6F8236843F0A04323602368DD01D3
:101ED000FCD500202568FDF701FBE26A236BA80012
:101EE000E2622363236823F07F032360236843F0C7
:101EF0000F03236067D4374A136823F080531360BD
:101F00001368D901FCD414681368324D04F080744E
:101F100043F0A04313602B68DA01FCD5286810F069
:101F200000504ED0FDF7B6FA2B6803F07F03013363
:101F3000834234D92A4E4FF0FF37264A294D26498D
:101F400000EB060C00EB400300EB050E00F101086E
:101F50004FEA0C1C01EBC303DCF800905FFA88F039
:101F60004FEA8E0E03F5045819F0006F11D1536B30
:101F7000C3F300439B07CEF80030CCF80470DCF8C4
:101F8000003013F4C00F14BF01230023DB06C8F890
:101F90000030136803F07F0301339842D0D33CB97B
:101FA0000C4A136823F0805313601368DB01FCD4E0
:101FB0000D4B01200D4A1B7803F57A739360BDE841
:101FC000F8832B68B6E70120FDF788FA93E700BF96
:101FD0009A77002000001D4064A3002090D00300E9
:101FE00008D00104204207107C68002064680020AB
:101FF0001F291C4810B423D80123046B8B402343B2
:102000000363194B4FF00064D0790B441B011C6033
:10201000F8B1117A1068090520F0604041F4C00160
:102020005860D0685DF8044B00BA9860106900BA37
:10203000D860D27A41EA024242F040621A607047A8
:10204000A1F1200C0123C46A03FA0CF32343C362F9
:10205000D7E714680548117A00EA844009055860FA
:10206000DFE700BF00001D4008D001040000FC1F96
:1020700070B50C46054686B0086805F5805C496871
:10208000A268EE46E3681A26AEE80F00BCF81C3BD7
:102090000022206903F00F03616941F6303406FB2A
:1020A00003C383F8302B1822BCF81C3B03F00F034A
:1020B00006FB03C383F8312BBCF81C3B03F00F0372
:1020C000AEE8030006FB0355EE462C44BEE80F00C5
:1020D000C4F80200C4F80610C4F80A20C4F80E3090
:1020E000BEE80300C4F81200C4F81610BCF81C2B9C
:1020F000BCF81A3B92B29BB283F010039A4206D10D
:10210000BCF81A3B013303F01F03ACF81A3BBCF8D0
:102110001C3B013303F01F03ACF81C3BBCF81E3B17
:102120009BB20F2B05D8BCF81E3B01339BB2ACF819
:102130001E3B06B070BD00BF8B7D70B50D4686B0EE
:102140000446444E002B3ED1336813F0005C25D08A
:10215000FDF7A0F93368844603F07F03013398420A
:102160001ED23D493B4807E003685FFA82FC03F05A
:102170007F0301339C4513D20CEB01030CF10102E8
:102180001B011B68C3F30363082BEDD120462A46CD
:102190006146FFF72DFF012006B070BD3368E0E710
:1021A0000FCDEC46FF26ACE80F0095E803008CE865
:1021B0000300204669468DF81460FFF759FF4FF081
:1021C000FF3006B070BD306810F000503FD0FDF712
:1021D00061F9336803F07F030133834226D91E4936
:1021E0001C4E05E0336803F07F03013398421DD293
:1021F0004318421C84461B01D0B21A681201F1D563
:102200001B68C3F30363082B18D06E460FCD0FC6AF
:1022100095E8030086E80300204669468DF814C05F
:10222000FFF726FF4FF0FF3006B070BD0B4B4FF0AD
:10223000FF3C1B68C3F30363082BE6D120462A4604
:102240005FFA8CF1FFF7D4FE012006B070BD336851
:10225000C5E700BF00001D4008D0010470001D400C
:10226000F0B51B4D87B01B4E4FF0010C2B786C4620
:10227000194F1F430FCE0FC496E8030000978DF847
:1022800007C084E80300FDF71BFE0DF10B040023DB
:10229000C3F1200EA3F1200C20FA03F2083301FA57
:1022A0000EFE21FA0CFC402B42EA0E0242EA0C021E
:1022B00004F8012FECD169460848FFF73DFF20B133
:1022C000074B01221B686A706B6007B0F0BD00BF4E
:1022D00064680020901C002000FFEE1864A300201A
:1022E0009CE00020F8B5194D2C788C4200D0F8BD48
:1022F00000230B301F461E4610F801CFA3F1200229
:10230000C3F120010CFA03FE0CFA02F22CFA01F1DF
:1023100008334EEA07070A43402B46EA0206EBD190
:10232000FDF7CEFD874276EB01010BD2013400238D
:10233000E4B26B70F82C28BF80242C70BDE8F84004
:10234000FFF78EBFBDE8F840FFF78ABF6468002042
:10235000144B082AF0B51B7887B028BF0822124C0E
:1023600043EA0020114D96460E460543EC460127F0
:102370000FCCACE80F0094E8030072468DF80BE038
:1023800000958DF807708CE80300314603A80BF028
:102390002FFF69460648FFF7CFFE003818BF01201F
:1023A00007B0F0BD64680020901C00200000FF18FA
:1023B00064A300200E4A012145F2326010B5137863
:1023C00082B052780B4C03F00F038DF801100021FE
:1023D00043EA02136278ADF802008DF800300191F3
:1023E00022B1082269461046FFF7B2FF02B010BDC5
:1023F0007C6800206468002058211E4AB2EE045B0D
:102400001D4B01FB00221D4992ED097AD2ED026AB3
:102410000022B7EEC77A4978FDEEE66A00B51B7870
:1024200027EE057B83B003F00F038DF8052043EA08
:10243000001016EE903AADF806201BB2BCEEC77B3A
:102440008DF800008DF80130C3F307238DF80230BA
:1024500017EE103A9BB21A0A8DF803308DF804205B
:1024600021B1082269460120FFF772FF03B05DF831
:1024700004FB00BFCCD000207C68002064680020F2
:1024800058212F4A2F4B01FB002292ED017AD2ED09
:10249000076AB7EEC77AF5EEC06A9FED275B00B515
:1024A00027EE057B1B7883B003F00F03F1EE10FAE3
:1024B00043EA0013FCEEC77B8DF8003017EE903A2C
:1024C0004FEA132C8DF801304FEA13418DF802C00A
:1024D0008DF803102ADDD2ED057AB2EE045BF8EE3A
:1024E000677A87EEA67AB7EEC77A27EE057BFCEE11
:1024F000C77B17EE903A5FFA83FCC3F30721C3F35F
:102500000743114A8DF805101049125C8DF806300A
:102510004B788DF804C08DF8072023B10822694656
:102520000020FFF715FF03B05DF804FB00231946F8
:102530009C46E6E7AFF300800000000000408F40BB
:10254000CCD000207C6800207CD100206468002072
:10255000264A00B5137883B0907D03F00F03FF285F
:102560008DF8003037D103F051F8012805D19DF8DE
:10257000003043F020038DF800301D4B1B782BB149
:102580009DF8003043F040038DF80030194BB2EE57
:10259000046B194A002093ED007A1288B7EEC77ACF
:1025A0001649174B098827EE067BADF806205B78A5
:1025B0008DF80100ADF80210BCEEC77B17EE102AB3
:1025C000ADF8042023B1082269460220FFF7C0FEBF
:1025D00003B05DF804FB0CF04DF90028C3D19DF861
:1025E000003043F010038DF80030BCE77C68002019
:1025F000CBE00020E4D10020E0D10020B8CC0020C6
:102600006468002000F58053D3F8003EDB0069D5F4
:10261000374B2DE9F04F5E6B4FF0000E41F6146919
:1026200041F60467C6F3036641F60868F60008360B
:1026300009E013685B0F052B34D00EF1010E5FFA31
:102640008EF39E4250D90EEB4E0500EBC50C0CF5F7
:10265000F05213685B0F012B13680DD05B0F022B38
:10266000E7D15CF807308B42E7D85CF808308B4242
:10267000E3D30120BDE8F08F13F4607FDDD06D005F
:10268000002304E01468C4F3C21C6345D5D20133AF
:1026900005EB030CDBB20CF5F06C50F82C408C42CF
:1026A000F0D1E6E7136813F4607FC6D0CC446D0028
:1026B000012405E01368C3F3C21301339C42BCD26A
:1026C0002B19DCF800A0013403F5F0630AEA010AD3
:1026D000E4B250F82330DCF800B003EA0B039A456B
:1026E000E8D1C6E7012070470020BDE8F08F00BFA9
:1026F00000001D4001EB410170B500EBC10404F581
:10270000045EDEF80030DB0028D5DEF800305B0F19
:10271000012B0BD0DEF800305B0F022B42D0DEF82D
:1027200000305B0F052B1BD0002070BDDEF8004091
:1027300014F4607FF8D000234D0005E0DEF80010AF
:10274000C1F3C21C6345EFD2013305EB030CDBB2CE
:102750000CF5046C50F82C409442EFD1012070BD70
:10276000DEF8005015F4607FDED042F21415490007
:102770000123254407E0DEF80040C4F3C21C0CF13D
:10278000010C6345D0D22C6804EA020CCC1801334A
:1027900004F50464DBB250F824402E683440A445AC
:1027A000E9D1DBE742F20413E3589342BCD842F28A
:1027B0000813E058904234BF0020012070BD00BFD4
:1027C0000B78632B10B5044682B0104613D003F586
:1027D0001C6304EB83035B6813B101929847019873
:1027E00004F50054D4F804381BB102B0BDE8104021
:1027F000184702B010BD04F50054D4F80437002B7C
:10280000F0D0019298470198ECE700BF2DE9F04F16
:102810008C468DB00F4605466C46064600F1100802
:102820004FF00109DFF814A1BCE80F000FC49CE8C9
:10283000030084E8030056F8044F5CB19DF91420AE
:10284000A36809FA02F1194256D02368D3F800B000
:10285000D3454CD14645EED105F5005393F80037EA
:10286000002B5FD0EE8A4FF01A0C386806AC7968FE
:10287000F6B2BA68FB680CFB06560FC40023386931
:102880007969182286F81A31EB8A0DEB0206DBB261
:102890000CFB035303C483F81B21EC8AE4B20FCE74
:1028A0000CFB0454C4F81C01C4F82011C4F8242102
:1028B000C4F8283103CEC4F82C01C4F83011EA8AD8
:1028C000AB8A92B29BB283F480739A4224D0EB8A93
:1028D0000133C3F30803EB822B8B9BB2FF2B03D88E
:1028E0002B8B01339BB22B830DB0BDE8F08F9DF88D
:1028F000153069462046D847237C002BAAD0236890
:10290000D3F800B09DF81530D345A3D020464FF042
:10291000FF326946D8479DE7AB8A0133C3F308030A
:10292000AB82D4E73B7D3A4606A928468DF818309D
:10293000FFF746FF0DB0BDE8F08F00BFC9010000F2
:1029400000F5005393F80137002B00F0DB80DFF82F
:102950006CC22DE9F04F0F4689B005460E4602AC19
:102960000FCF0FC497E8030084E80300DCF80030C1
:102970009B0052D5DCF8343000244FF06309C3F3D8
:10298000036A22464FEACA0A0AF1080A0CE05B0F02
:10299000022B3B6800F09A805B0F052B00F0DD8076
:1029A0000134E2B2924538D996F91430632B34D011
:1029B00004EB440805EBC80B0BF5F0573B6813F02C
:1029C000604FEDD03B685B0F012B3B68DFD1C3F359
:1029D0000043F2799A42E3D13B6813F4607FDFD081
:1029E0004FEA480B002306E03A685FFA88F3C2F327
:1029F000C2129342D4D203F10108029A0BEB0803EE
:102A000003F5F06355F823309A42EDD102A9284628
:102A10008DF81C90FFF7FAFEE6E70023674F8DF86C
:102A20000E303C6814F000543FD0FCF733FD3B6897
:102A3000044603F07F030133834233D942F2041783
:102A400042F20818DFF8749196F91430A34220D0AE
:102A500004EB440105EBC10202F5045ADAF8003038
:102A600013F0604F15D0DAF80030F079C3F3C0638B
:102A700098420ED1DAF800305B0F012BDAF8003003
:102A800041D05B0F022B12D0DAF800305B0F052B20
:102A90005BD0D9F80030013403F07F03E4B2013396
:102AA0009C42D1D309B0BDE8F08F3B68C6E7D1594D
:102AB000029B8B42EDD352F808209342E9D802A939
:102AC00028468DF81C40FFF7A1FEE2E7C3F3004360
:102AD000F2799A427FF464AF41F604635BF8032015
:102AE000029B9342FFF45CAF41F608625BF8022060
:102AF00093423FF655AF02A928468DF81C90FFF788
:102B000085FE4DE7704713F4607FC2D04A00002372
:102B100007E0DAF800105FFA8BF3C1F3C2118B42C1
:102B2000B7D203F1010B029902EB0B0303F5046327
:102B300055F823309942ECD102A9284600928DF82D
:102B40001C40FFF763FE009AE3E7029A21462846FD
:102B5000FFF7D0FD00289CD0B1E73B6813F4607FFD
:102B60003FF41EAF41F6146301275B440AE00BF506
:102B7000F05101370968FFB2C1F3C21101318F4230
:102B8000BFF40EAF07EB4801186801F5F06155F886
:102B900021E00299D3F800C008400EEA0C018842F7
:102BA000E5D102A9284601938DF80E2000928DF8F8
:102BB0001C90FFF72BFEDDE90023D8E700001D4045
:102BC000264A38B5136813F0005345D013680546FC
:102BD0000C4613F4004302D1926A92063CD41F4A79
:102BE000136B13F0200337D0D2F88030C3F30341C6
:102BF000C3F30050A380E172D2F8841003F40012F2
:102C00002072DB0D002A21F0604112BF0122002258
:102C1000890CE271114A216005F50051D2F8880053
:102C200000BAE060D2F88C0000BA206191F8151962
:102C3000A37163236175237513681B0403D4136B9D
:102C400043F02003136321462846FFF779FE2168ED
:102C50002846FFF7D7FC38BD184638BD00001D4098
:102C60007C4B2DE9F0471F6881468A4617F00057D4
:102C700002D0FCF70FFC0746764C09F50056226897
:102C800096F8143902F07F020132934200F2DD809F
:102C90000325DFF8C48157E000295DD0B1FA81F245
:102CA000C2F14002934254DB206810F0005001D082
:102CB000FCF7F0FB013D86F8140915F0FF0500F064
:102CC000C48023689A0005D5874203D9781EC0B214
:102CD00086F81409236803F07F03013398420CD36C
:102CE000206810F0005001D0FCF7D4FB013D86F8BD
:102CF000140915F0FF0500F0A880D4F824C0C0F135
:102D00002001A36AA0F120020CFA01F1C3402CFAC1
:102D100002F20B431343DB070BD400EB08031B0148
:102D20001A68110105D4110E01F00B0CBCF1020F51
:102D300016D00130C3B286F81439226802F07F023F
:102D40000132934200F28180E16A226B52EA010073
:102D5000A2D196F81409B4E7B2FA82F220329FE7C2
:102D600002F4001001F00F010028C2F300508AF8AD
:102D7000080014BF012000208AF80700586820F0DE
:102D8000604008BF800C0629CAF8000002D101216A
:102D90008AF80910C2F303418AF80B1096F8141947
:102DA000481C86F814098AF81410AAF8042096F82A
:102DB00015299AF807108AF815209A6800298AF8C8
:102DC0000F2018BF4FF08C619A6808BF4FF08061E8
:102DD000120A8AF80E209A68120C8AF80D209A6856
:102DE000120E8AF80C20DA688AF81320DA68120AC0
:102DF0008AF81220DA68120C8AF81120DA68120EAA
:102E00008AF8102019609AF81430A2681F2B14D881
:102E1000012202FA03F3226B13432363514648460F
:102E2000FFF78EFDDAF800209AF814104846FFF7F5
:102E300061FC68B996F814097BE70122203B02FA8D
:102E400003F3E26A1343E362E8E70020BDE8F0879A
:102E50000120FBE700001D4008D00104F0B5694FD8
:102E600087B0694DEC46694C694E0FCFACE80F0056
:102E700097E803008CE80300022100200DF004FE17
:102E800040B92368990005D5A36A9A0602D4236B3A
:102E90009B064FD469462846FFF7E2FE002847D03C
:102EA0009DF80730002BE7D00099C1F307420B0CC7
:102EB000EF2A4FEA03230CD89BB2B3F56A4F00F018
:102EC0008C80B3F56E4FD7D1C9B26846FFF70AFAC6
:102ED000D2E7C1F307229BB24FF61070134383422F
:102EE000CAD84FF602729342E7D94A4A1A440D2AC9
:102EF000C2D801A353F822F0634100005B410000F7
:102F0000534100004B4100004341000009400000D4
:102F1000094000003B410000334100001F41000018
:102F200009410000F3400000EB400000CF400000EA
:102F300007B0F0BD69462846FFF742FEAEE79DF8B0
:102F40000C30354A03F00F031178994294D1BDF843
:102F50000D305384FCF7FEFD8EE76846FDF7BCF9A3
:102F60008AE72E4803A92E4A037843F0040303702E
:102F700003C982E803007FE7284803A9294A0378A8
:102F800043F00203037003C982E8030074E7234996
:102F9000012003AA244B087092E8030083E8030091
:102FA0006AE76846FDF700F966E76846FDF768F9E5
:102FB00062E76846FDF740F95EE76846FDF7C2F84C
:102FC0005AE76846FDF734F856E76846FCF7F8FF1D
:102FD00052E76846FCF79CFF4EE79DF80E309DF8DF
:102FE0000D201B0443EA02239DF80C201343B3F584
:102FF0006E4F7FF441AF7378002B3FF43DAFFFF786
:103000002FF939E7901C002064A3002000001D4028
:1030100064680020FD00FFFF7C680020E9E00020DC
:10302000D8D50020D0D50020C8D50020F8B5FFF7AE
:1030300015FF234B234E5B7863BB234B32681A602A
:10304000FFF70EF9214A336811685B1AC72B13D9B1
:103050001F4F31687B78116073B10024E5B2012CF9
:1030600004F10104284604DCFFF70AFA2846FFF7BA
:10307000C3F97B78A342F1DC164A336811685B1A06
:10308000C72B18D8144A336811685B1AB3F5FA7F56
:103090000BD2F8BD0C4A41F28831336810681B1A14
:1030A0008B42CFD933681360CCE733681360BDE837
:1030B000F840FFF77FB933681360FFF749FAE1E79B
:1030C000646800209CE0002068D200206CD20020C0
:1030D0007C68002070D2002064D200202DE9F04FDF
:1030E000944D9BB0944F08AC04900FCD0FC495E85D
:1030F000030084E803007E6AB96AD7F82CB0386B05
:103100003B68029113F40043039003D13A689400A2
:1031100000F11A81039B43F00103BBF1000F00F0A3
:103120000581BBFA8BF3844DC3F140032C68DFB2F9
:1031300014F00054019700F08582FCF7ABF92B687E
:10314000044603F07F030133984280F0C280874237
:1031500040F2BF80049B671CDFF8DC9103F500534D
:10316000FDB2059318E0042A00F06281082A00F0FD
:103170000382D9F80030FCB2019A03F07F030133D7
:10318000A24288BFAB4205F1010594BF0123002391
:10319000002B40F09E80671CC4F12002029BA4F12A
:1031A000200A06FA02F1E3400B4326FA0AF10B4328
:1031B000D807DED5039B0BFA02F2E34013432BFA48
:1031C0000AF21343D907D4D5DFF87881A0444FEA37
:1031D0000818D8F80030190EC3F3036201F00B0190
:1031E0000229C0D1D8F8041003F4001021F0604186
:1031F000002812BF4FF0010C4FF0000C890C062A7A
:103200008DF827C0089102D101228DF82920ADF850
:103210002430C3F303438DF8344000288DF82B305D
:10322000059B93F815398DF83530D8F808308DF8AE
:103230002F30D8F808304FEA13238DF82E30D8F805
:1032400008304FEA13438DF82D30D8F808304FEA94
:1032500013638DF82C30D8F80C308DF83330D8F853
:103260000C304FEA13238DF83230D8F80C304FEA87
:1032700013438DF83130D8F80C304FEA13638DF8D2
:10328000303014BF4FF08C634FF080631F2CC8F8B0
:103290000030D9F808304FF0010334D8D9F8302085
:1032A000A340214604981343C9F83030089AFFF729
:1032B00021FA002835D108A90498FFF741FB08A896
:1032C000AFF3008008A8AFF3008008A8AFF3008038
:1032D0004FE7194A1948116A0268194B4A401340CE
:1032E00043B1049B03F58053B3F8D42C92B20F2A58
:1032F00040F2AC81104A136A0B431362BFF34F8F45
:103300001BB0BDE8F08FD9F82C2003FA0AF3214650
:1033100004981343C9F82C30089AFFF7EBF90028FA
:10332000C9D008A90498FFF771FAC4E7B3FA83F388
:103330002033F8E6901C002000001D407CD20020C5
:10334000BFFF070008D0010489067FF5E3AE8206BF
:103350007FF5E0AED7F88020BB4C02F40011C2F339
:103360000050ADF824200029C2F303414FEAD252A5
:103370008DF82B10D7F884108DF8280018BF012085
:1033800021F0604108BF00208DF826204FF0000298
:1033900008BF890C8DF827000CA80891D4F8881074
:1033A000D1400832202A00F8011DF7D10DA8A64906
:1033B000D1F88C20DA400833202B00F8012DF7D10A
:1033C000049B03F5005393F815398DF835306323CA
:1033D0008DF834308B680B6B43F020030B63039B39
:1033E0005D0603D50B6B43F040030B63039B1C0688
:1033F00004D5954A136B43F080031363049C08A91A
:103400002046FFF79DFA08A8AFF3008008A8AFF3A5
:10341000008008A8AFF3008008992046FFF7F2F873
:1034200000283FF477AE08A90498FFF7EFF971E69A
:1034300003F40012002AD8F80420ADF82430C3F3B6
:1034400003438DF8344022F060428DF82B3018BFD2
:103450000121059B04BF920C002193F815390892B5
:103460008DF83530D8F80830049A8DF82F30D8F818
:1034700008308DF827101B0A8DF82E30D8F8083048
:103480001B0C8DF82D30D8F808301B0E8DF82C3021
:10349000D8F80C308DF83330D8F80C301B0A8DF882
:1034A0003230D8F80C301B0C8DF8313004F6022382
:1034B00052F82330D8F80C20120E8DF830200BB1C2
:1034C00008A89847059BD3F808390BB108A8984776
:1034D000049901F58052B2F81E3B07929BB2002B73
:1034E00000F00F81B2F81A3B1A220DF1500C03F0D4
:1034F0000F03E04602FB031341F632320EA903EB41
:10350000020A06918E469858DAF80410DAF8082074
:10351000DAF80C30ACE80F00DAF81000DAF8141022
:10352000ACE80300B8E80F00AEE80F0098E803002D
:103530008EE803009DF94C305A1C00F0F1809C424B
:103540007FF417AE069AE1B20498FEF751FD079A90
:10355000B2F81A3B013303F01F03A2F81A3BB2F88A
:103560001E3B9BB2002B3FF404AEB2F81E3B013B66
:103570009BB2A2F81E3BFCE503F40012002AD8F827
:103580000420ADF82430C3F303438DF8344022F017
:1035900060428DF82B3018BF0121059B04BF920CAF
:1035A000002193F8153908928DF83530D8F8083095
:1035B000049A8DF82F30D8F808308DF827101B0AA0
:1035C0008DF82E30D8F808301B0C8DF82D30D8F837
:1035D00008301B0E8DF82C30D8F80C308DF83330B5
:1035E000D8F80C301B0A8DF83230D8F80C301B0C90
:1035F0008DF83130D8F80C301B0E8DF8303004F6D1
:10360000022352F823300BB108A89847059BD3F842
:1036100008390BB108A89847049901F58052B2F80F
:103620001E3B07929BB2002B7FF45CAF1F2C4FF028
:10363000010300F28080D9F83020A3401343C9F879
:10364000303096E52B6885E500001D40B3F8D42C9A
:1036500092B20F2A05D8B3F8D42C013292B2A3F853
:10366000D42CB3F8D22CB3F8D24C02F00F02A4B28F
:1036700003EB8202C2F8D81CB3F8D02C92B282F0CD
:103680001002944206D1B3F8D02C013202F01F028E
:10369000A3F8D02CB3F8D22C2B4C013202F01F022D
:1036A000A3F8D22CE469B3F89C2DA4B292B20F2AED
:1036B00005D8B3F89C2D013292B2A3F89C2DB3F833
:1036C0009A2D02F00F0203EB4202A2F89E4DB3F8CE
:1036D0009A4DB3F8982DA4B292B282F0100294429F
:1036E00006D1B3F8982D013202F01F02A3F8982DED
:1036F000B3F89A2D0160013202F01F02A3F89A2D4F
:10370000F8E51F2C4FF001030DD8D9F83020A34065
:103710001343C9F830304FF00063C8F8003028E593
:10372000069A214610E7D9F82C2003FA0AF313432E
:10373000C9F82C30EFE7D9F82C2003FA0AF3134329
:10374000C9F82C3015E500BF00001D402DE9F043FD
:1037500000F500578FB0044697F8003713B90123DE
:1037600087F80037238B9BB2002B57D1D7F80C2951
:1037700004F58056724B02F01F0103EB5213012235
:103780009B008A401A60B6F81E3B9BB283B3B6F822
:103790001A3B1A2208AD0DF1080C03F00F03AE46D8
:1037A00002FB034341F6323203EB02089858D8F883
:1037B0000410D8F80820D8F80C300FC5D8F810003D
:1037C000D8F8141003C5BEE80F00ACE80F009EE85F
:1037D00003008CE803009DF91C104B1C54D0594B7E
:1037E0000B441B011B68C3F30363082B00F08B80A1
:1037F000D7F80C29544B02F01F0103EB521301229E
:103800009B008A4000211A60238BB6F81E0B9BB2E6
:1038100080B240EA03300FB0BDE8F083A68A1A23D5
:10382000B4F814C008ADF6B20CF1010C03FB064667
:10383000CCF3080CD6F81C01D6F82011D6F82831A4
:10384000D6F824210FC5D6F82C01D6F83011A4F8EB
:1038500014C0238B9BB203C51BB1238B013B9BB2CE
:10386000238308AD02AE0FCD0FC695E8030002AA70
:1038700086E803009DF81C300DF1070120468DF805
:103880000730FEF79DFF71E7DFF8C080D8F80050E1
:1038900015F0005550D0FBF7FDFDD8F80030054677
:1038A00003F07F0301338342A2D9DFF89890DFF859
:1038B0009C8008E0D8F80030013503F07F03EDB2BA
:1038C00001339D4294D205EB09031B011B68C3F32E
:1038D0000363082BEED102AA29462046FEF788FB97
:1038E000B6F81A3B013303F01F03A6F81A3BB6F8EB
:1038F0001E3B9BB2002BDDD0B6F81E3B013B9BB2BA
:10390000A6F81E3BD6E702AAC9B22046FEF770FB16
:10391000B6F81A3B013303F01F03A6F81A3BB6F8BA
:103920001E3B9BB2002B3FF463AFB6F81E3B013B3E
:103930009BB2A6F81E3B5BE7D8F80030B5E700BFA6
:103940006038003808D001044038003800001D40BD
:10395000F8B50BF007F8284E00232849284A4FF401
:103960007A70284D284F2E601373284C886004F518
:10397000005CA3824B60E3820B732383C2E9046380
:10398000C1E90463224E16600E600826C2E90130C8
:10399000C2E90833C2E90A33967704F580503A79D0
:1039A0008E77AA717A88AA80FF22EA71194A22606A
:1039B000194AC1E90833C1E90A33A0F81A3BA0F853
:1039C0001C3BCCF80C39A0F81E3BCCF81039A0F801
:1039D000D03C8CF81439A0F8D23C1460A0F8D43C48
:1039E000A0F8983DA0F89A3DA0F89C3D8CF80037CF
:1039F0008CF80137F8BD00BF0C25002080D10020D5
:103A0000B0D1002018A30020A068002064A30020EB
:103A100068240020442400200CD20020354B1B7861
:103A200070B5E3B1344E0125344C33780BB3902399
:103A30000021204684F8305184F8A53084F82F51B5
:103A400001F044F92946204601F018FA2B460222DB
:103A50004821204601F092FA022823D070BD284B5D
:103A6000587EFF28FAD00AF05DFC264B80B2186021
:103A700070BD90232946204684F8305184F8A53043
:103A800084F82F5101F022F9C121204601F01EF9DE
:103A9000E321204601F01AF92946204601F0EEF90B
:103AA000357070BD94F8A21094F8A30081421BD227
:103AB0004A1C6318D2B293F91A3090424FEA03239A
:103AC00084F8A22010D922440231907E0E4A03438A
:103AD00084F8A210002B138007DBC3F34E030949BF
:103AE00000220B60327070BD074A00210B46118026
:103AF000F5E700BFC8E00020E2E000200C690020EC
:103B00007C680020B8CC0020BEE0002003282DE90E
:103B1000F04722D8012800F2C0801CD10D46BC48D5
:103B200000210CF0EBFCBB480CF064FF1B21BA48F1
:103B30000CF0E4FCB7480CF05DFF002D0BDBB74C3C
:103B4000631C1D4414F8010F0121FF2801D00AF065
:103B5000A3FEA542F6D1BDE8F0870428FBD10021E1
:103B6000AB480CF0CBFCAB480CF044FF2021AC4838
:103B700006240CF0C3FCA7480CF03CFFA94F2123FE
:103B8000A94E4FF00108DFF8C492A84D3B7033787E
:103B900001214846002B43D10CF0B0FC4223012107
:103BA000A24885F8A53085F8308185F82F8101F08D
:103BB00065F903464FF4FA70B3FA83F35B09337087
:103BC0000AF0B0FD631E13F0FF04E0D133783BBB75
:103BD000202306244FF00108DFF870A2DFF84C9292
:103BE0003B70012150460CF089FC3B78012148468E
:103BF0005B0085F8308185F82F81013C85F8A53080
:103C000001F03CF9B0FA80F0400930704FF4FA70DE
:103C10000AF088FD14F0FF0402D03378002BE0D0C6
:103C200000217B480CF06AFC7A480CF0E3FE337804
:103C3000002B7DD001253B787C4C0021AB402046F9
:103C400084F8305184F8A53084F82F5101F03EF803
:103C50000021204601F03AF82946204601F00EF9ED
:103C60003B7829462046AB4084F8305184F82F51E8
:103C700084F8A53001F02AF80021204601F026F84A
:103C80002946204601F0FAF80F2169480CF036FC6D
:103C90006048BDE8F0470CF0ADBE00215C480CF078
:103CA0002DFC5C480CF0A6FE06242C216148624ED7
:103CB0000127DFF898810CF021FC5C4D55480CF091
:103CC00099FE337801214046CBB90CF017FC402314
:103CD0000121564885F8A53085F8307185F82F7197
:103CE00001F0CCF803464FF4FA70B3FA83F35B09A2
:103CF00033700AF017FD631E13F0FF04E1D10021B9
:103D000043480CF0FBFB43480CF074FE3378C3B916
:103D10001B214A480CF0F2FB3E480CF06BFE0021E0
:103D20003B480CF0EBFB3B48BDE8F0470CF062BEB3
:103D3000132143480CF0E2FB3648BDE8F0470CF095
:103D400059BE17213F480CF0D9FB32483E4C0CF0CD
:103D500051FE2023354801250026237140230421EC
:103D6000206080F8A53080F83051668180F82F51AE
:103D700000F0ACFF2068A17A03681B6898472068B0
:103D8000E17A03681B6898472946206801F076F8B5
:103D900023682279A0731846AA40A681196883F87F
:103DA000A52083F8305183F82F510B6806219847DE
:103DB0002068217B03681B6898472068617B036843
:103DC0001B6898472946206801F058F82279236833
:103DD0004FF6FF71AA40A0732181184683F8A520F1
:103DE00002211A6883F8305183F82F5113689847DD
:103DF0002068217A03681B6898472068617A036805
:103E00001B6898472946206801F038F8A07386E7B8
:103E1000FC380020FC680020941F00207F680020F0
:103E200014200020CFE00020CEE000200C6900200C
:103E300038200020B01F0020D3E00020F81F002011
:103E400048200020E01F0020D068002028660020C5
:103E50002DE9F047C04D40F2EE28C04CC04FDFF8CE
:103E60006C932E682DED028B86B00CF049FF237801
:103E7000002B00F0B4823B78D90740F1B0822B6868
:103E8000D9F800209B1A0E2B40F2A98240F6B830D8
:103E9000B44C0AF047FC0021B3480CF02FFBB348A8
:103EA0000CF0A8FD0021B0480CF028FBAF480CF046
:103EB000A1FD0021AC480CF021FBAC480CF09AFDB0
:103EC000FBF742FFFBF7A2FF0021A7480CF016FB0F
:103ED000A6480CF08FFD0821A5480CF00FFBA34865
:103EE0000CF088FD002168460CF002FEA1496846EE
:103EF0000CF086FE0A2240F2EA7103A80CF06AFE7A
:103F000003A968460CF0CEFE03A80CF00FFE9A49F8
:103F100068460CF0CBFE994968460CF0C7FE0621B6
:103F200003A80CF03FFE03A968460CF0BBFE03A8F3
:103F30000CF0FCFD904968460CF0B8FE0A221621F0
:103F400003A80CF047FE03A968460CF0ABFE03A8DB
:103F50000CF0ECFD694685480CF01AFD83480CF026
:103F600049FD0B2186480CF0C9FA00230A2221786A
:103F70007E480CF069FD7D480CF03CFD00217A483C
:103F80000CF0BCFA79480CF035FDA07DFF2802D07A
:103F900002210AF081FC6378022B01D902236370AD
:103FA000784816F071FA7849764801F0FFF8774FB3
:103FB00000233B70A37E002B40F0BE820C20744E89
:103FC0000AF008FA152173480CF098FA67480CF0CB
:103FD00011FD2578704B323596F804801A68EDB2E1
:103FE000B6F80290D207757103D46C4A557101225C
:103FF0001A604FF47A620021684801F0CBF9684BEF
:1040000003A968480393ADF810908DF812808DF8DD
:10401000135001F011FB40F2DC500AF083FB01F079
:10402000F5FA012800F0428217215F480CF066FA89
:104030004E480CF0DFFC0C215C480CF05FFA03A842
:1040400001F0ECFA494903A80CF034FC47480CF0A5
:10405000D1FC574B32791988564B70889A71FF22E0
:104060009880DA71544801F037FB544B5448198852
:1040700001F032FB6678002E00F02082DFF85091CC
:104080004FF00008DFF84CA14D469FED4E8A4646A2
:10409000287802210AF000FC687801210AF0FCFB74
:1040A0000121A8780AF0F8FB02225146B8F1000F6E
:1040B00000F0A38199F85800372828BFFF200AF0A4
:1040C00031FEA878B0EE480A0BF022F808F101089A
:1040D000E07E15F8582B6378824208BF01264345DD
:1040E000D6DCFF2802D0002E00F0A7810C200BF0B8
:1040F000FFF8637D002B00F08981207D0721FFF709
:1041000005FD4FF0FF31607DFFF700FD01210D201F
:104110000AF0C2FB002114480CF0F0F913480CF02F
:1041200069FCFDF7BBFE00210F480CF0E7F90F48D2
:104130000CF060FC112124480CF0E0F900230A2265
:1041400061780A480CF080FC08480CF053FC002110
:1041500005480CF0D3F93FE09CE00020F3E000209C
:10416000F2E000207C680020FC380020FC68002081
:10417000402100204C2100202866002060210020E2
:10418000642100200C690020801A0600C8E000208D
:10419000A0680020C8210020F0D10020D86C0020A9
:1041A0000C2500205CA30020F42100200C2200201C
:1041B0009077002018A3002080D100209277002063
:1041C000B0D100200000F5431C220020B0E0002008
:1041D000CCD00020B1080000BA480CF00BFC0A213A
:1041E000B9480CF08BF9B7480CF004FC0921B7482A
:1041F0000CF084F90A21B6480CF080F900230A2259
:1042000099F80010AF480CF01FFCAE480CF0F2FB20
:104210000921B0480CF072F900230A2299F8011024
:10422000A8480CF011FCA7480CF0E4FB0921AA48AF
:104230000CF064F900230A2299F80210A1480CF04E
:1042400003FCA0480CF0D6FB0021A4480CF056F962
:104250009C480CF0CFFB0A21A1480CF04FF999487B
:104260000CF0C8FB0A219A480CF048F900230A22F6
:1042700099F8581093480CF0E7FB92480CF0BAFB01
:10428000092194480CF03AF900230A2299F85910B0
:104290008C480CF0D9FB8B480CF0ACFB09218E4804
:1042A0000CF02CF900230A2299F85A1085480CF0DA
:1042B000CBFB84480CF09EFB002188480CF01EF9D3
:1042C00080480CF097FB112186480CF017F9A17D6E
:1042D000FF2900F0E38000230A227A480CF0B4FBA7
:1042E00078480CF087FB0E217F480CF007F9617EBF
:1042F000FF2900F0BD8000230A2272480CF0A4FBC5
:1043000070480CF077FB112178480CF0F7F8002E7C
:1043100040F0BC80E17EFF297DD033460A22694807
:104320000CF092FB67480CF065FB3B78002B7CD0CF
:1043300011216F480CF0E2F862480CF05BFB0B2196
:104340006C480CF0DBF894F82030012B00F047812A
:10435000022B00F05481002B00F0498107216648B0
:104360000CF0CCF857480CF045FB644B1B78002B45
:1043700076D01A2162480CF0C1F852480CF03AFB92
:10438000237E1221002B64D05E480CF0B7F84D4814
:104390000CF030FB4FF07E525B4B00245B4D1A60FB
:1043A0005A6021462C804D480CF0A8F845480CF086
:1043B00021FB0F2156480CF0A1F842480CF01AFBE3
:1043C000214646480CF09AF83E480CF013FB68462C
:1043D0000CF0ACFB06B0BDEC028BBDE8F0872B689F
:1043E00022789B1B32B1B3F5FA6F3FF64FAD0CF05C
:1043F00087FC3AE54345FAD948E599F80000454974
:10440000372828BFFF200AF08DFC5AE60F21207DB7
:10441000FFF77CFB7AE608213F480CF06FF829484B
:104420000CF0E8FA3B78002B82D112213B480CF0CB
:1044300065F824480CF0DEFA81E702210AF02CFA34
:10444000E07E02223649372828BFFF200AF06AFCA6
:104450004CE634480CF052F81A480CF0CBFA99E7C5
:104460001E2131480CF04AF816480CF0C3FA87E7D1
:10447000082129480CF042F812480CF0BBFA11212F
:104480001A480CF03BF8002E3FF444AF192127489E
:104490000CF034F80B480CF0ADFA46E708211E4842
:1044A0000CF02CF807480CF0A5FA1CE71321204863
:1044B0000CF024F803480CF09DFABCE5E07EDFF830
:1044C00074900EE6FC680020302200203C22002080
:1044D000482200205422002060220020FC380020C6
:1044E0006C2200207822002098220020A8220020A0
:1044F000D82200200023002050230020CBE0002001
:104500005823002094230020C868002084CC002079
:10451000A8230020090800008C220020EC220020A3
:1045200069030000B823002074230020BC2200206F
:10453000E0210020CCD000201C2140480BF0DEFF01
:104540000C2648213E48DFF8FC804FF0900ADFF847
:1045500014910CF043FA3A480CF04CFA39780125E2
:10456000384821BB88F8A5A0013E88F8305188F86A
:104570002F5100F0ABFB2946324800F07FFC0222AD
:104580002B4648212F4800F0F9FC034629464846AF
:10459000A3F10203B3FA83F35B093B700BF0AEFFA8
:1045A0004FF4FA700AF0BEF816F0FF06D6D10021DB
:1045B00025480BF0A3FF22480CF01CFA3D7835B3D8
:1045C0000E2122480BF09AFF1D480CF013FA00212F
:1045D0001D480BF093FF1A480CF00CFAEEE416217C
:1045E0001B480BF08BFF16480CF004FABDE60821BF
:1045F00018480BF083FF12480CF0FCF9B5E61C21BB
:1046000015480BF07BFF0E480CF0F4F9ADE61221D3
:1046100012480BF073FF0A480CF0ECF91121104816
:104620000BF06CFF06480CF0E5F9294606480BF044
:1046300065FF03480CF0DEF9C0E400BF70210020E4
:10464000FC6800200C690020FC380020902100202C
:10465000182300200C23002030230020A02100205C
:10466000B421002028660020FFF7F2BB013A2DE9B3
:10467000F04F044683B00D46032A0AD8DFE812F053
:10468000BF007E000C000400A64B1B78002B40F0FE
:10469000E48003B0BDE8F08FA34B1B78002BF8D06B
:1046A0000026DFF8A082A14FDFF88C922FE01B7864
:1046B0004FF0010A022116F80820334103F00103EC
:1046C000002B39D00AFA02F23B89386823EA020348
:1046D00080F830A13B813B7980F82FA103FA0AF3DF
:1046E00080F8A53003681B6898473868397A0368F2
:1046F0001B6898473868797A03681B689847514661
:10470000386800F0BBFBB8730136102EC1D0B4423C
:10471000FADCB542F8DB072EA6F10802844BC6DDB1
:1047200099F800304FF0010A0221134116F80820D1
:1047300003F00103002BC5D13B890AFA02F2386865
:1047400002211A433B7980F830A15B003A8180F85E
:104750002FA180F8A53003681B6898473868397A1C
:1047600003681B6898473868797A03681B6898471C
:104770005146386800F082FBB873C5E76A4B1B7876
:10478000002B86D0002840F0CA80694B1F78DFF8E4
:10479000B8810026654C012523E0228922EA030323
:1047A000238120680221013680F8305180F82F5192
:1047B00023795B0080F8A53003681B689847206860
:1047C000217A03681B6898472068617A03681B6830
:1047D00098470121206800F051FB082EA0733FF498
:1047E00058AF47FA06F218F8013F12F0010F05FA28
:1047F00003F21346D1D123891A432281D1E74C49D0
:104800004FF0000ADFF844B191F800904FEACA0770
:10481000D846002618F8010FFF280ED0BC420CDC49
:10482000BD420ADB49FA06F313F0010F414B9978B8
:1048300008BF81F0010109F0F3FF01360137082EAE
:10484000E8D10BF1080BBAF1000F7FF422AF3A4B1D
:104850004FF0010A93F80090D8E70021344A364B14
:104860000DF1060812780E461B780F46DFF8C4C01B
:104870004FF0010B8DF804208DF805300BFA01F98B
:10488000CBB201AA60469C4219D89D4217D392F838
:1048900000E039EA0E0E12D190F804E0AEF1080AF9
:1048A000BEF1070F0BFA0EFE0BFA0AFA47EA0E0EDC
:1048B00046EA0A0A94BF5FFA8EF75FFA8AF6013277
:1048C000083308304245DBB2DDD101310CF1010C77
:1048D0000829D3D1174B9B781BB1FF43F643FFB296
:1048E000F6B2164B0125164C12211B78204684F88F
:1048F0003051AB4084F82F5184F8A53000F0E6F930
:104900003946204600F0E2F93146204600F0DEF953
:104910002946204603B0BDE8F04F00F0AFBA064B81
:104920001F7834E7CEE00020D3E00020D0680020DC
:10493000D2E000207C680020D1E00020CFE0002001
:104940000C690020E0680020EF6800207F680020EC
:1049500010B51B4C637833B11A4A117841BB012B57
:1049600001D0537823BB1848184A194B194990F8BD
:1049700000C012781B78097842EA0C0216480B43F3
:104980000270607D15490028227D0B704FF00000F9
:104990000CBF0F210721FFF769FE207D627D0F21EB
:1049A000003818BF0120BDE81040C000FFF75EBE10
:1049B0000B490C4B0978084A1B781170DBB2E0E711
:1049C0007C6800207CD10020CDE00020D6E00020D3
:1049D000D5E00020CCE00020D2E00020D1E0002093
:1049E000DBE00020DAE000202DE9F04F614D83B0DC
:1049F00095F82030002B00F09C80013B012B01D862
:104A0000FEF714FBFDF7D4F800F000FE012800F0DB
:104A10009980FCF789FC584C584A236811685B1A46
:104A2000312B58D921686B781160002B48D054493C
:104A300040F69F7E534A4FF0000891F8009052498B
:104A40001778524E03EB010C514A5248DFF854A13B
:104A500001962368D6689B1B73458CBF4FF0000BF3
:104A60004FF0010BB3F57A6F01F801BB52D2B9F1E7
:104A7000000F4FD0002F68D09AF80030002B67D17C
:104A8000454B92ED067A1B78002B6BD0B5EEC07AC1
:104A9000F0EE477AF1EE10FA64DD4FF00103037097
:104AA000F5EEC07AF1EE10FA41DD3B46019E61451C
:104AB00002F1580200F1010006F8013B0196C8D14D
:104AC000FFF746FFFCF7A0FCFEF7A8FFFBF782FF0D
:104AD000EB7EFF2B14D195F820300BB1022B0AD1BD
:104AE0002E4A236812689B1AC82B01D9FAF79CFE3C
:104AF0002B4B1B783BB903B0BDE8F04FFAF7F8BF7A
:104B0000FDF776F8E7E700F081FD0128F3D1FAF729
:104B1000E3FBF0E780F800804FB1D2ED067AF5EEC6
:104B2000C07AF1EE10FAC0DCB9F1000FBDD000235D
:104B3000BCE7FEF793F9FDF73BF800F067FD0128AD
:104B40007FF467AFFBF7DAFD63E700230770ADE79B
:104B5000D2ED067AF5EEC07AF1EE10FA9DDC80F81F
:104B600000809DE7B5EEC07A80F80080F1EE10FA83
:104B70009BDCDCE77C6800209CE00020786800205B
:104B800098770020D0E000207CD1002008A30020EE
:104B9000CCD00020A8CC0020DAE00020F86800206B
:104BA000D4E00020DBE0002010B40246034C044BAC
:104BB000012014605DF8044B0B60704700E03F601B
:104BC00000E03F0038B500F12043B3F5000F15D2E7
:104BD00045180446A84207D338BD204609F09AFF7D
:104BE00004F58054AC42F7D2C4F30B032046002BEB
:104BF000F6D1FAF74DF90028F2D0EEE7BDE83840DB
:104C00000CF0B4BE2DE9F84340EA02039B0702D042
:104C10000120BDE8F883154F154C3B6813B125689A
:104C2000854220D185182560C51ACAB14C1EDFF80F
:104C300044804FF00009A61800E03B68591C14F8A6
:104C400001CF284604220329396008F803C04146F1
:104C500004D9154409F0E8FEC7F80090B442ECD13D
:104C60000020BDE8F8830220D3E700BFBCD50020B8
:104C70009CDD0020B8D500200BF0D6BB0BF018BC93
:104C80000020704790F8A32090F8A200101A7047F7
:104C900090F8A23090F8A3209A4205D95A1C0344F8
:104CA00080F8A220987E70474FF0FF30704700BF19
:104CB00090F8A23090F8A3209A4202D91844807E3E
:104CC00070474FF0FF307047704700BF0346B0F8A1
:104CD000300178B193F82F21882A03D901220020CE
:104CE0005A60704702F1010C01201A4483F82FC169
:104CF00082F8A510704700BF38B5B0F830410CB944
:104D0000204638BD90F82F310546C3F18904A242F0
:104D10000DD8144605F1A5002246184409F068FA9A
:104D200095F82F312046234485F82F3138BD0122D4
:104D30004260EFE72DE9F04FD0F814A01524017E72
:104D40008146437E83B00AEB0111384A0AEB031314
:104D5000374F097A93F8283002EB01150901E8680A
:104D600052F8018002EB0311D5F804B01B01CE68A4
:104D7000D558CBF80040C8F88400D8F804304A6809
:104D800003432C490192C8F804301460C5F88460CC
:104D90006B6833436B60284B4C683A68A3FB023264
:104DA000920C02EB820252004B681B1B9A42FBD80A
:104DB0004FF0090C1F4ADFF880E0D8F808300342B2
:104DC00002D0AB6833422FD1C5F888605468396887
:104DD000AEFB0131890C01EB810153681B1B994229
:104DE000FBD8C5F8846054683968AEFB0131890C82
:104DF00001EB810153681B1B9942FBD8BCF1010CEC
:104E0000DBD1604699F81830019A0AEB0313DB688E
:104E1000CBF8003099F819300AEB031ADAF82C3085
:104E2000136003B0BDE8F08F0120EBE7DC27002022
:104E300060680020001000E083DE1B430E4A10B5BE
:104E40001168046905E0DB0107D413685B1A102BB5
:104E500008D8636913F0007FF5D14FF4FE430120B9
:104E6000636110BDFFF766FF0028FAD04FF4FE43E0
:104E700001206361F5E700BF9CE000202DE9F047C9
:104E800090F82FA10569BAF1000F4FD081468846EE
:104E9000FFF7D4FF002849D0374E0024376818E0C8
:104EA0006B69190551D4DA0455D4580559D49904BD
:104EB00041D43268D21B322A3DD8544507D9EA6D15
:104EC000520704D19B0555D4B8F1000F52D00BF016
:104ED00017FF5445E4D8EA6D500702F00703DFD40A
:104EE00013E099F8A5200133022442F48062042BD8
:104EF0002A661ED08A4503F1010309EB01020ED98F
:104F000092F8A520042B2A66CAD00121002CE8D0F3
:104F10002146013301348A4509EB0102F0D8B8F18A
:104F2000000FBDD04FF400732B66B9E70420BDE835
:104F3000F0870124B4E72B694FF40072042043F496
:104F400040732B612A66BDE8F0872B69042043F487
:104F500040732B61EBE72B69052043F440732B6111
:104F6000E5E72B694FF40072022043F440732B6194
:104F70002A66DCE70020DAE79CE000202DE9F84F04
:104F800083460C4615461F46D0F810A0FFF756FF83
:104F9000002800F09E806100012DDFF83C8140F286
:104FA0000146CBB24FF0000138BF0125D8F8009080
:104FB0000C461E43ABF8A21020E09BF8A330872BD1
:104FC0003FD9DAF8142010055AD412F4105F70D1CA
:104FD000D8F80030A3EB0903322B6AD89BF8A33032
:104FE000AB4209D3022C07D9DAF85C30590703D158
:104FF00093054BD4002F49D00BF082FE022CDCD855
:10500000DAF85C3003F007025B07D6D4681E22444E
:1050100040F480704CB9CAF860600134131B032B54
:10502000CBD8022CC9D8002CF5D0012C37D01FB119
:105030004FF40073CAF860309BF8A3300324872B29
:10504000BFD8DAF85C2012F4E02FC2F3024CB8D0DB
:10505000591C9C441933C9B25FFA8CFC5BFA83F388
:10506000DAF870004A1C61458BF8A310D1B203F83E
:10507000010FA6D08929F3D1DAF814201005A4D5A0
:10508000DAF8103043F44073CAF81030DAF85C30C4
:1050900013F4E02F06D19BF8A300BDE8F88FCAF8FF
:1050A0006000BAE7DAF8103043F40073CAF8103041
:1050B000F1E7DAF810304FF4007243F44073CAF8A5
:1050C0001030CAF86020DAF85C3013F4E02FE2D038
:1050D000E8E70420BDE8F88F9CE00020F8B50669F9
:1050E0000446D6F8145115F4706301D0C6F8143193
:1050F000A8070BD5D6F8702111043DD50023012156
:1051000084F8A230234484F8A3109A76EA0710D5D5
:1051100094F83071F7B194F82E7194F82F31BB42A6
:1051200026D97B1C274484F82E3197F8A530C6F881
:105130006031AB050DD594F8A30018B1D4F83C311B
:1051400003B198470023A4F8A230A4F82E3184F8C4
:105150003031F8BDD4F8383103B19847002384F8D2
:105160002E31012384F8303194F82F31BB42D8D846
:105170000023C6F86031DCE794F8A330872BC5D84C
:10518000591CC9B2BEE700BF0148FFF7A7BF00BF67
:105190000C6900200148FFF7A1BF00BF4C6A002046
:1051A0000148FFF79BBF00BF8C6B002010B4144C6C
:1051B00000220369A1421A6114D8124C012012493D
:1051C0004FF430329C6458629962DA629C6C002021
:1051D0004FF0011101221C6518625DF8044B9965BE
:1051E0001A6170470948814207D9094C09480A49A0
:1051F0009C645A629862D962E8E7084C0848F6E76E
:105200007F1A06003B372819B80B05053F420F00EF
:105210000A09070460090101007F05001C1A120C2D
:10522000100E020268B161B1002210B4048801328C
:10523000012C0AD0914200F11000F7D15DF8044B27
:1052400070474FF0FF329A607047027A1A74427AC0
:105250005A74827A9A74C27A9C60DA745DF8044B4C
:10526000704700BF4B684360704700BF70B50D4684
:1052700088B00446164601A9284603F04DF90130CE
:1052800004D0019B0120736008B070BD002305931A
:10529000A36004930793CDE902330123ADF80430F2
:1052A000ADF81430164B06934FF45453ADF8063056
:1052B00004F070FE04F0CCFF0346227901A80293AB
:1052C00063798DF80C208DF80D30A279E37904957F
:1052D00007948DF80E208DF80F3001F0A1FF002803
:1052E000D2D0A368002BFCD0A368013302D0A06801
:1052F000012802D0002008B070BD23697360C3E7A5
:10530000B563000000207047704700BF014B18686C
:10531000704700BF9CE00020036818470B680360DB
:10532000704700BF0B680360704700BF704700BF45
:1053300010B504460BF070FA204610BD704700BF50
:10534000704700BF002938B51546104B14BF012225
:1053500000221A7006D0044604F01CFE04F030FE51
:1053600030B138BD01F0EEFEBDE8384001F0D4BEEA
:105370000748046001F066FE0028F2D0204601F0E4
:10538000E1FE2968BDE8384001F00EBFDFE00020F3
:1053900080D200202DE9F04FDFF864829BB00F46E9
:1053A000D8F800A0CDE9010204F0F4FD04F0B4FD4A
:1053B000002840F0D780824A136813B94FF4803335
:1053C0001360804B1B68002B00F0EE80DFF834B2D6
:1053D000DBF800301BB94FF40063CBF80030DFF886
:1053E000289299F80000002800F0D98080000BF086
:1053F0008DFA034699F80000734D80002B600BF086
:1054000085FA686099F8000040000BF07FFAA86008
:1054100099F8000040000BF079FAE86099F8000074
:1054200080000BF073FA286199F8000080000BF0FF
:105430006DFA034699F80000644A400013600BF0CF
:1054400065FA686199F8000040000BF05FFA0246C7
:1054500099F800005E4B80001A600BF057FA5D4B24
:10546000186099F800000BF051FA5B4A99F8003087
:1054700010602BB30026039734462F680136DBF803
:1054800000000BF043FA47F824006F68DBF80000D7
:105490000BF03CFA47F8240004202F690BF036FA91
:1054A0004A4B47F8240000211B684B4A43F824105C
:1054B00013681955F4B299F80030A342DDD8039F60
:1054C000404B08A81B6808933D4B1B680993434B4E
:1054D0000A93434B0B9306F091F801305BD001998E
:1054E0000622404804F054FE013054D004F052FD2E
:1054F000002850D004F04EFD3B4B3C4A0693136805
:10550000059013F0010F3A4B03D102991960012164
:10551000116005A8079312AC02F0B8F8354B0EA93C
:10552000354A14A80C9312930E92FFF7F7FE21460A
:1055300045F6BF5231480BF0EDF8129B14A8DB681A
:1055400098470C9B0EA8DB68984704F023FD01F0F8
:10555000F9FD01F0F3FD68B9D8F80030A3EB0A03B8
:10556000BB4218D204F016FD01F0ECFD01F0E6FD9F
:105570000028F1D012AC01E0129BE3B904F00AFD5F
:1055800001F0E0FD214601F0F7FDD8F80030A3EB73
:105590000A03BB42F0D300201BB0BDE8F08F082304
:1055A000202089F8003022E7054B18680BF0AEF98F
:1055B000044B18600AE701201BB0BDE8F08F00BF64
:1055C0001CD2002018D200200000202010D2002081
:1055D00028D200202CD2002030D20020102500201C
:1055E000202500208C720020D5640000F4D100201A
:1055F00090D200202825002071C80000CC6C00202B
:105600009CE0002014D20020DEE00020024B18783D
:10561000C0F10200C0B27047DFE0002010B50446C0
:1056200004F0B8FC04F0CCFC024B02462046C4E96E
:10563000003210BD0C25002010B50C4682B004F0DD
:10564000A9FC61680446019104F0A4FC04F0C6FCC6
:1056500001990246204602B0BDE8104004F072BC39
:1056600010B40020054C064B064A0749C3E9004028
:1056700006485DF8044B0BF08FBF00BF0C250020DF
:1056800020D20020E86C0020C1640000CC6C002017
:1056900010B4034C4A69C0E900425DF8044B7047FE
:1056A0000C250020008B7047C0897047808B80B22A
:1056B000704700BF704700BF38B5064D0446807F75
:1056C0002B78834200D838BD00F0C8F92B78A37737
:1056D00038BD00BFDEE00020104B1A7870B50446DC
:1056E0000D460F4E82B13278827700221A70294619
:1056F000022000F0D5F93378A07783420BD900233C
:105700000120E581A38370BD807F33788342EED989
:1057100000F0A4F9EBE7002070BD00BF9B770020EC
:10572000DEE0002008B54FF0000C03460431807F16
:10573000A3F81AC000F04CFB08BD00BF08B500215B
:10574000807F00F081FB08BD08B5807F00F07CFB06
:1057500008BD00BF13460A46418B9BB210B50446F4
:10576000807F00F003FB638B0344638310BD00BFA5
:10577000838B9BB2ABB1012210B582B00446807F0F
:105780000DF1070100F07EFA002807DDA38B9DF8DC
:105790000700013B9BB2A38302B010BD4FF0FF3066
:1057A000FAE74FF0FF307047838B9BB2CBB1838B0E
:1057B0009BB2934210B504460AD912B2807F00F022
:1057C00061FA00280ADDA38B1B1A9BB2A38310BDCC
:1057D000828B807F12B200F055FAF2E74FF0FF3073
:1057E00010BD4FF0FF30704708B5074B827F1B7824
:1057F000934206D9838B9BB21BB1104600F0A8FAE6
:1058000008BD4FF0FF3008BDDEE00020F0B5114FBD
:105810000446807F83B03B780E461546834215D8F8
:10582000726869460C4B822001922A46009300F070
:10583000E7F93B78A077834205D900230120E58171
:10584000A38303B0F0BD002003B0F0BD00F006F963
:10585000E6E700BFDEE000200C25002030B504465E
:1058600087B0807F00F05AFAA08308B907B030BD36
:1058700014480C251449A37F0068096850F82300D8
:1058800051F8231002AB114A0295126801930DEBF7
:1058900005030093002305F099FB0D4AA17F002327
:1058A000126822F81130421C09D09842DEDDBDF8A2
:1058B0000E30059A5BBA6261238307B030BD18468B
:1058C00007B030BD10D200200400202014D20020E8
:1058D000140020202DE9F0411A4C8AB000260F4612
:1058E0009046054605940696CDE90846CDE9014661
:1058F00004F050FB04F080FB03A9CDE9034005A8A8
:10590000FFF7B0FC394605A841F2883301AAFFF73A
:10591000ADFC01280DD1029A2B689B6A04920A4AB9
:1059200003949342424607D104A9A87F6E8300F0F6
:105930004FFA0AB0BDE8F08103A9284698470AB09B
:10594000BDE8F0810C250020B568000003680D4A11
:105950005B6810B5934282B08DF807100CD10446F5
:10596000418B01230DF10702807F00F0FFF9638B6B
:105970000344638302B010BD01220DF10701984773
:1059800002B010BDE568000070B50568124EAD6B41
:10599000B54219D11346828B044692B2C2B1828BB2
:1059A00092B293420AD21AB2807F00F06BF90028BB
:1059B0000EDDA38B1B1A9BB2A38370BD828B807FED
:1059C00012B200F05FF9F2E72B46BDE870401847CD
:1059D0004FF0FF3070BD00BF396900001A4B1A68E4
:1059E00052F82030D3B1012152F82000072210B51F
:1059F00084B003AC03910DF10B031449009405F03E
:105A0000E3FB01300CD09DF80B30042B03D8104A77
:105A1000D05C04B010BD012004B010BD1846704722
:105A200002F0B8F904460A210A480AF067FD0AF0B4
:105A300099FD214608480AF0D1FF07480AF0DAFF2D
:105A40000AF090FDDFE700BF10D2002017E5030049
:105A5000141E002020240020FC68002070B50D4E8C
:105A6000044633681A5C034452B985000A4E002488
:105A700032681C70505905F0FFF933685C5170BDF5
:105A8000064B85001B6853F8200001F029FE33689F
:105A90002344EBE730D2002010D200202CD200208B
:105AA0002DE9F047DFF8548188B098F80090B9F1FB
:105AB000000F00F081804C4F002305460E463A68E7
:105AC0009C4601E0E1455AD901331168644604322D
:105AD0005FFA83FC0029F5D1444B0121022D1B689C
:105AE0000391029361D0212D05D098F80040204603
:105AF00008B0BDE8F08700220846D7F8009004F00F
:105B0000D3FF23B249F823004FEA84093B6853F8D6
:105B10000930002BE9D00C22002105A876BA05F047
:105B2000B9FE3B6805A90C2253F809000023ADF823
:105B3000166007930123ADF8143005F0E9F83B68CF
:105B4000013053F8090034D0042602AB062228495C
:105B5000009605F0B5FA3A6802AB254952F80900FB
:105B60000522009605F0ACFA212D27D0214B00220A
:105B700020461B6823F8142008B0BDE8F0874FF0DA
:105B8000000A534601E04B45AFD218461C46FFF7CA
:105B900025FF00F0FB000AF1010A18285FFA8AF3DA
:105BA000F1D12046FFF75AFF96E708460022294622
:105BB000A3E705F061F998E74C4698E70E4B1022F1
:105BC00006211B6804933B6853F8090003AB009659
:105BD00005F076FA3A6804AB054952F80900032249
:105BE000009605F06DFAC1E710D2002014D2002013
:105BF00017E5030028D20020A81C0020DEE00020CA
:105C0000F0B5022087B00D461146FFF749FF1B4B48
:105C100004461B7883422DD06B79042728791B0416
:105C2000E979AA7925B203EB0063154E0B440021F4
:105C300003EB0223192205911BBA0493336853F82E
:105C400025000823009304AB05F03AFAFF2318223D
:105C500000210393336853F8250003AB009705F048
:105C60002FFA33680021172253F8250003AB009761
:105C700005F026FA204607B0F0BD00BFDEE00020A8
:105C800010D200202DE9F041DFF88C80204BD8F8AD
:105C900000501B6835F810C005EB40059C4533D01B
:105CA000064647000CEB02001446834218DC9BB208
:105CB000A3EB0C04A4B279B1164B084622461B682C
:105CC00053F82610614405F055FDD8F8005035F81A
:105CD00016303D4423449BB22B802046BDE8F08122
:105CE00071B10C4B08461B6853F82610614405F04F
:105CF00041FDD8F8005035F816C03D440CEB0400C7
:105D000028802046BDE8F0814FF0FF34E5E700BF72
:105D100014D20020040020201400202010B5094BCC
:105D20000146094C094A20681C68022350F82100EA
:105D3000126854F8211005F0B9F9431C08BF00207F
:105D400080B210BD0400202010D2002014D2002008
:105D5000044A054B12681B6852F8202033F81030B3
:105D6000D05C7047040020201400202070B50E463F
:105D70001D46114604B23344B3F5006F124B13DBDA
:105D80001B68C6F5006553F824002A46304405F028
:105D9000F1FC0E4BA8B21A6832F814309B1B03F5C5
:105DA000006322F8143070BD1B682A4653F82400A3
:105DB000304405F0DFFC054B28461B6833F81420FF
:105DC000154423F8145070BD000020200800202046
:105DD0000B780BB94B783BB3002A2DD003B292FA63
:105DE00092FC002010B4154C226822F81300144ACB
:105DF0000C78106850F82300047010684C7850F844
:105E00002300447010688C7850F823008470146864
:105E1000C8780C4A54F82310C870012012685DF845
:105E2000044B22F813C070478B78002BD4D1CB7869
:105E3000002BD1D11846704710467047080020202B
:105E4000100020200C00202010B5194B86B0194CF2
:105E500084461B68012220680C24ADF80C2050F801
:105E60002C0033F81C200B46ADF80E204278017848
:105E7000120402EB0162C17880780A440E4902EBF9
:105E80000022096812BA51F82C000C4905920C4AFC
:105E90000968126851F82C1032F81C2001946C44E7
:105EA000009405F013F8013018BF012006B010BDB2
:105EB0000C0020201000202010D200200000202004
:105EC0000800202040BA80B2704700BF00BA704777
:105ED000002070474E494F4AF8B5CB6E04464E4DF0
:105EE00043F44063CB664D4BC2F8E850C2F8E4304F
:105EF000D2F8E030002BFBDA49484FF480334949AF
:105F00004FF4004EC2F8E8300522436843F2E90737
:105F1000454E4FF0000C1940444B012541F400312F
:105F200041604BF2E901C3F8742100F5A610C3F8F3
:105F30007821726800F5806042F44042726003226A
:105F4000C6F884E04FF4804EC6F888E0C3F87C734E
:105F5000C3F88473C3F88013C3F89873C3F8881325
:105F6000C3F88C13C3F890133121C3F8941316218E
:105F7000C3F89021C3F88C21C3F8A411C3F8A82159
:105F8000C3F89421C3F8A021C3F89821C3F89C2139
:105F9000C3F8B8C1C3F8B4C10223254903634563FC
:105FA0008563C5630564C562224D4868224B2A6833
:105FB000A3FB0232920C52004B681B1A9A42FBD888
:105FC000194B4FF48042C3F8842012221B4B5A64B1
:105FD00003F13B73486803F517332A68144903F249
:105FE0008323A3FB0232920C02EB82024B681B1A42
:105FF0009A42FBD84FF420721821204602F022F872
:1060000081221721204602F01DF80020F8BD00BFB4
:1060100000C00F4000800D400F1001000120210042
:1060200000C00A40FFDF7DFF0040004200801F40AB
:10603000001000E06068002083DE1B4300802D40DC
:10604000014B187903F0E6B800ED00E0102830D9D4
:10605000194B1A4A9B6830B553F82040944218BF38
:1060600043F8202010389F284FEA501C1FD8144CAA
:106070000F2900F01F054FF0010204EB8C0E04EB1A
:10608000000302FA05F228BF0F21DEF88001C1F1FA
:106090000F0110430901CEF8800154F82C00C9B259
:1060A0000243002044F82C2083F8001330BD002068
:1060B00030BD4FF0FF30704700ED00E0D1710000BF
:1060C00000E100E008460AF003BA00BFE0B103694E
:1060D0001B78012B18D1C3681A68AAB1A1B1136843
:1060E000D3F8E430CB704FEA136C180C1B0A81F81C
:1060F00000C0487000208B701368D3F8E8301A0E87
:106100001B0C0A714B7170474FF0FF30704700BF96
:1061100070B103691B78012B0AD1C36800201B688A
:106120001B68D3F80422D3F88432C1E900237047F6
:106130004FF0FF30704700BFC3681A681368596892
:10614000890104D54FF00071D160596070474FF05C
:10615000FF325A60704700BFC0684FF400038904E3
:1061600030B4046801F4F80164686360A568A3684A
:1061700023F40003A360037ADB0503F078630B4389
:106180000D4919434FF48033216401E0013B0BD0EA
:1061900061680902FAD54FF4000300206360A5602E
:1061A000236C138030BC70474FF400034FF0FF3076
:1061B0006360A560F6E700BF0000026030B4C46809
:1061C00089044FF40003256801F4F80069684B6006
:1061D0008D688B6823F400038B60237ADB0503F062
:1061E00078631A434FF4803302430B48104308642A
:1061F00001E0013B09D04A681202FAD54FF40003CE
:1062000000204B608D6030BC70474FF400034FF0AE
:10621000FF304B608D60F6E70000025070B3F8B5B8
:10622000036907461B78012B25D1C3680C461E68FD
:1062300009B306B306221349204605F035FBD0B159
:1062400006221149204605F02FFBA0B1237813F058
:10625000010510D12368384632681BBAC2F8E43011
:10626000637921791B0443EA0163C2F8E83001F045
:106270003BFE2846F8BD4FF0FF30F8BD4FF0FF3031
:10628000704700BF582B0020502B002038B5C36842
:1062900000224FF0FF35044619680B6888685A647D
:1062A0005A629A605D6003F015F82046BDE83840F8
:1062B00001F00EBEC3689A692DE9F043064683B02B
:1062C0001D6812B1904700286DD12B6801225A62D7
:1062D0005C6A14F00104FBD1286B4FF0FF329C6024
:1062E0000C275A6000F13F0300F18E02ED3023F0DD
:1062F0003F03A14622F03F0220F03F006B616FF0A8
:106300007F086B62AA612A621F805C80FFF7DEFD56
:106310000246286B6B6900F22A705A6020F03F0039
:106320001A7A1F7240F23D675A7A5C729A7A9C72AE
:10633000DA7ADC72FFF7CAFD6B69AA69D8600223BA
:106340002B7707FB04F1286B02EBC40312F834C06F
:1063500001F6675102F834805A78084483F80190B6
:106360009A7820F03F0083F80290DA7883F803905F
:10637000FFF7ACFDAA69E30001341344042C586014
:10638000DFD169696C770B89A86843F020030B8122
:10639000138B2C4943F02003138323462A4A00968B
:1063A00002F058FF10B103B0BDE8F0832B6840F253
:1063B000FE5C6A68C3F82001C3F82401C3F8180121
:1063C000C3F81C01D5E90517C3F888C1C3F880716B
:1063D000C3F884111D49C3F884101821C3F8C440C0
:1063E000C3F8C0114721C3F8C4114FF48071C3F83A
:1063F00044110F21C3F89001304631626E2151647F
:106400004FF00071022299605A6201F045FE0028A7
:10641000C9D12B684FF000424FF08071C3F8E400FF
:10642000C3F8E8005A66C3F80402C3F884025A6E3F
:1064300022F000425A66C5E90A00196103B0BDE8BE
:10644000F08300BFC9720000817600000401FE05E0
:10645000C36870B51C6882B0236A1A88110644D4D8
:1064600005464FF0807624E01A8812F47C5F0CD148
:106470005868FFF72BFD236A01905888FFF722FD2B
:1064800001990246284601F091FC236A21681A8886
:1064900002F020021A801A8842F080021A801A88BC
:1064A00090064CBFA369083323620E611A88120656
:1064B0001BD41A881207D7D4236A21681A88083394
:1064C00002F0200223F8082C33F8082C42F0800256
:1064D00023F8082C33F8082C900648BFA3690E61F6
:1064E0001A881207EAD50E61D1E702B070BD00BF6D
:1064F00038B5C36804461D6802F01AFFEB689A01BC
:1065000003D4BDE8384002F01BBF23F000732046DF
:10651000EB60FFF79DFFBDE8384002F011BF00BF00
:1065200070B50D46002931D04B690D2B2ED9C368AB
:106530001E68726A138813F08004FBD15068FFF75D
:10654000C5FC2146034604464FF0FF32284603F0BF
:10655000C5F9AB69990620D5686980B2746AFFF7FE
:10656000B1FC726A6080138843F080031380BFF32C
:106570005F8F736A1A8892060DD40833326873628B
:106580005369002BFCD14FF0807353612846BDE85E
:10659000704003F0F1B97369F0E7A3896869082BCB
:1065A00019D04DF686529342D7D12728D5D9227DCE
:1065B0002823002AD1D003F10E01062A0C441ED054
:1065C000112A15D0012AC8D104339842C5D300231B
:1065D000A370E370C1E71328BFD9A38A23F0400357
:1065E000002BBAD1A37BE27D9B0003F03C03E0E7E4
:1065F00008339842B1D30023A371E371ADE714339C
:106600009842AAD3002323746374A6E7C3684FF0AB
:10661000FF3C30B501EB0C001F4C1D6801F1050E6D
:1066200010F8012F082305E0013B4FEA520284EAEB
:106630005C0C09D082EA0C01C907F5D4013B4FEA92
:106640005C0C4FEA5202F5D18645E9D1CCF3846265
:106650000123BCF1000F03FA02F32A680DDBD2F824
:106660002411194203D0AA6A1A43AA6230BDD2F893
:1066700024110B43C2F8243130BDD2F82011194245
:1066800003D0EA6A1A43EA6230BDD2F820110B4304
:10669000C2F8203130BD00BF2083B8EDC3684FF091
:1066A000FF3C30B501EB0C001A4C1D6801F1050EE2
:1066B00010F8012F082305E0013B4FEA520284EA5B
:1066C0005C0C09D082EA0C01C907F5D4013B4FEA02
:1066D0005C0C4FEA5202F5D18645E9D1CCF38462D5
:1066E0000123BCF1000F296803FA02F308DBAA6A50
:1066F000D1F8240162EA03030340C1F8243130BD1C
:10670000EA6AD1F8200162EA03030340C1F82031AC
:1067100030BD00BF2083B8EDF8B50B4C01270B4806
:1067200004F1900604F0F2FF23682BB125791DB91E
:10673000A0682771984725710C34B442F4D10348FE
:10674000BDE8F84004F0EEBF00DC002094DC00203F
:10675000F8B50646C8B10F4604F0F0FF00230C4D13
:106760001A4655F8234003333CB101320C2AF8D1C4
:10677000002404F0F1FF2046F8BD02EB420205EBD5
:10678000820445F82260A760F3E704462046F8BD7E
:1067900000DC002048B110B5044604F0CFFF002310
:1067A0002360BDE8104004F0D7BF70470448902133
:1067B00008B505F073F80348BDE8084004F098BF39
:1067C00000DC002094DC0020014804F09FBF00BFE3
:1067D00094DC0020014804F0A5BF00BF94DC002039
:1067E00038B51D461346EA1C8A420AD8457004464D
:1067F0002A46023503700230049904F0BBFF601989
:1068000038BD002038BD00BF30B5D0E90025531C8D
:106810009D4202D83AE0954238D9147813460132A5
:10682000002CF8D0FF2C31D05A7802321A4495420D
:106830002CD302601C7893F801C0013C3A2C22D87A
:10684000DFE804F01E216E21216321212121212175
:106850002121212121212121212121212121212128
:106860002121212121212121212121212121212118
:10687000212121212121594D43392121212F250079
:10688000BCF1040F57D0531C9D42C6D830BDBCF19B
:10689000040FF8D1D3F802308B61531C9D42BCD851
:1068A000F4E7BCF1040FEED1D3F802304B61531C76
:1068B0009D42B2D8EAE7BCF1040FE4D1D3F802302C
:1068C000CB60531C9D42A8D8E0E7BCF1010FDAD1A0
:1068D0009B7881F82030531C9D429ED8D6E7BCF1AE
:1068E000010FD0D19B78032BCDD881F82130531CD8
:1068F0009D4292D8CAE7BCF1040FC4D1D3F802304C
:10690000CB61531C9D4288D8C0E7BCF1030FBAD9B4
:10691000D3F802300B61531C9D423FF67EAFB5E7C2
:10692000BCF1030FAFD9D3F802308B60531C9D42EA
:106930003FF673AFAAE7D3F802304B60531C9D4279
:106940003FF66BAFA2E700BF2DE9F041044686B0E9
:106950000C200F4602AB03AA2646029001930023A7
:1069600000924FF40A7256F8340B314604F02EFBB5
:10697000054607F03FF9A369C01A636998424BD2F4
:10698000EF2D04DC0025284606B0BDE8F08194F820
:106990003430022BF6D1D4F83880A06AFFF796FA8B
:1069A0008045EFD194F83620062AEBD104F120017E
:1069B00004F1500004F078FF0028E3D104221849C4
:1069C00004F5907004F070FF0028DBD124213846D4
:1069D00004F064FF636C04F12C0039463B6004F55D
:1069E0009273E3626B1E1E442663FFF70DFF97F858
:1069F0002130002BC7D09A074CBF04F1600204F18C
:106A0000A002DB07E2624CBF04F21F1304F19F03F4
:106A10002363FFF7F9FEB6E74FF0FF35B3E700BF9A
:106A20004C2B00202DE9F04300F13407044689B0D7
:106A30004FF40A713846062504F030FF40F2011386
:106A4000A06A04F12008A38684F83650FFF73EFAC6
:106A500080232A464146E387A06304F1500004F0F6
:106A600089FE04F5907004226C4904F083FE2379BA
:106A700004F59270092B00F28180DFE803F0827F39
:106A80008D95AD7FB8C37F0504F5187304F51776AF
:106A900032220093311A0423FFF7A2FE00286DD0A2
:106AA00003234FF0FF398DF809300DF1090335222A
:106AB000311A00930123FFF793FE054600285DD0AD
:106AC0009DF8093003F0FD03012B1CD107F092F86B
:106AD000D4F86432A0615BB104F51973711B2846C8
:106AE000332200930423FFF77BFE0546002845D0A0
:106AF0004B4B711B2846372200930623FFF770FE8D
:106B0000054600283AD04FF40A70FFF7DBF90DF183
:106B10000A03711BADF80A000093284602233922AC
:106B2000FFF75EFE054648B3414601230DF10C0810
:106B300006220DF10D008DF80C3004F01BFE711BC8
:106B4000284607233D22CDF80080FFF749FE054681
:106B5000A0B1FF2305AE0C210370304604F09EFE69
:106B6000EA1B0C250096206800232E4C0132394682
:106B70000195CDF81C90059404F0A8F909B0BDE882
:106B8000F083D4F86C3204F51776D4F87892236445
:106B900007238DF8093088E7012304F517764FF0B5
:106BA000FF398DF8093080E704F5247304F5177672
:106BB00032220093311A0423FFF712FE0028DDD0A1
:106BC00004F52773311A362200930423FFF708FED9
:106BD00000287FF465AFD1E7D4F86C3204F517765E
:106BE0004FF0FF39236404238DF809305DE7D4F8B2
:106BF0006C3204F51776D4F87892236403238DF869
:106C0000093052E7032304F517764FF0FF398DF86A
:106C10000930D4F86C32236447E700BF4C2B0020C6
:106C2000E87200200100004310B5044601710929F3
:106C30000FD8DFE801F0610F1F2431053E4E0F54DD
:106C400083690622D0F880022361431C227367D136
:106C5000A06010BDD0F8B40203F0DCF9012805D023
:106C60000022D4F8B402114603F06CF9A36A013390
:106C7000A36210BDFFF7D6FEE369636110BDFFF7A5
:106C8000D1FE0120A1694FF47A624FF47A53207348
:106C9000C4E90412A36010BDD0F86C12D0F8B4029D
:106CA00000F05EFF06F0A6FF4FF47A73A061A360C8
:106CB00010BDFFF7B7FE0723D4F884022373FFF754
:106CC00005F94FF47A724EF6602302FB00F063611F
:106CD000BEE7FFF7A7FE0123D4F88802EEE7FFF72F
:106CE000A1FE0120A1694FF4FA524FF47A63207398
:106CF0002161A260636110BDD0F86C32C3B9D4F8D1
:106D0000B40203F087F9022815D0002320686371CC
:106D100004F0B2F8D4F8B802BDE81040FFF73ABD6D
:106D2000FFF7D4F84FF47A7303FB00F0A06010BDB6
:106D3000FFF778FEE3E70022D4F8B402114603F02F
:106D400001F9E2E710B50446D0E99B12D0F8B4028D
:106D500003F0F8F8D4F87412D4F8B40203F002F98E
:106D6000D4F87C12D4F8B40203F008F90221D4F864
:106D7000B40203F05DF9A369D4F88002052106226C
:106D80002361431C2171227305D0FFF79FF84FF454
:106D90007A7303FB00F0D4F8BC32A0603BB1D4F8A6
:106DA000C8222046D4F8B412BDE81040184710BDE0
:106DB00030B502798DB00446531E082B09D8DFE8A0
:106DC00003F0688E0A38540A0A7B0A002046FFF74F
:106DD000B9FF0DB030BD063A012A40F2CE8006F070
:106DE00009FF2269A368801A984280F0BF8020467C
:106DF00003A9FFF7A9FD421C00F0C7800028E8DDC9
:106E00009DF82C30052B00F0C480062BE1D1012326
:106E1000D4F8B402237103F0FDF8012805D0002254
:106E2000D4F8B402114603F08DF8A36A0133A362CB
:106E3000CFE706F0DFFEA269A368801A9842C5D2A8
:106E40000022D4F86C12D4F8B40200F01BFD012823
:106E50000546BED12046FFF7E5FDD4F8B402257102
:106E600003F0D8F80128E0D0D9E7D0F8B40203F055
:106E7000D1F800285FD16379012BAAD1FFF7A4FCD8
:106E800000212046FFF7D0FE0DB0BDE83040FFF7EF
:106E9000A1BC02230371FFF7C5FDE269D4F8C0323B
:106EA0006261002B95D0D4F8C4222046D4F8B412E5
:106EB0000DB0BDE83040184709230371FFF7B2FD5C
:106EC000A36901204FF4FA514FF47A622361D4F898
:106ED000C0322073A1606261002BE4D179E703A97D
:106EE000FFF732FD411C92D000287FF772AF9DF86A
:106EF0002C30022B7FF46DAF0DF10C0C04F52475D2
:106F00004FF0030EBCE80F000FC5BCE80F000FC523
:106F1000DCF8003020462B6084F804E0FFF782FDA7
:106F20000120A1694FF47A624FF47A532073C4E9C7
:106F30000412A3604DE7214602AB03A80C22019383
:106F40000023009002924FF40A7251F8340B04F0BF
:106F50003DF806F04FFE2269A368801A98427FF63A
:106F600038AF217B2046FFF75FFE32E7217B2046CA
:106F70000DB0BDE83040FFF757BED0F8B40203F0C3
:106F800049F800287FF42BAF75E72046FFF74AFD4C
:106F90001FE7039B002B3FF41CAF069B002B3FF425
:106FA00018AF0A9D002D3FF414AFA36923616B1C39
:106FB00017D1CDE9085503AD04F51B7C0FCDACE826
:106FC0000F000FCDACE80F002B68CCF8003094F820
:106FD0006832002B3FF4FAAE04212046FFF724FE6E
:106FE000F7E62846FEF772FFB3281ED84FF0344369
:106FF0000A93089B23B1099B13B10A9B9D42DAD0E7
:107000000A98FEF763FF4008FEF760FF03460A9800
:107010000893FEF75BFF05460A98FEF757FFA5EBBE
:10702000D000FEF753FF0990C5E70A98FEF74EFF20
:10703000024B9842DDD9024B0A93DAE79BC4200049
:107040000020C49B2DE9F041064684B0FFF7BCFB4D
:1070500066B1D6F80080B8F1000F07D0404603F0C3
:10706000F7F8074610B1294C65792DB1FFF7B2FB4F
:10707000002004B0BDE8F0810C2101A804F00EFC52
:10708000234B2A46022101200193CDE9027503F02A
:107090000BFD20600028E9D001A90C2203F038FE86
:1070A00078BB062204F12001404602F0E7FF40BB16
:1070B00021461848FFF74CFBC4F8B80208B37368C0
:1070C0004FF47A62B068C4F8B482E261C4F8603206
:1070D000FEF7FCFED4F8602203462046002AC4F8DE
:1070E0006432337B0CBF0121082184F86832FFF73A
:1070F0009BFD01236371FFF76DFB204604B0BDE8E3
:10710000F081206803F0B8FEB0E700BF88D8002007
:1071100001000044417F000028B110B543790446C6
:10712000012B01D010BD7047FFF74EFB2046002118
:10713000FFF77AFDBDE81040FFF74CBB00B1407986
:10714000704700BF38B5054680B10A4CFFF73CFBDD
:107150006279012A08D1D4F8B422AA4218BF0024C7
:10716000FFF738FB204638BD0024F9E704462046E7
:1071700038BD00BF88D80020A9B138B5054600B990
:1071800038BD0C46FFF720FB05F51B7EA446BEE884
:107190000F00ACE80F009EE80F008CE80F00BDE880
:1071A0003840FFF717BB704728B109B1C16170477C
:1071B0004FF47A63C36170472DE9F84307460846E8
:1071C0000D4604F085FB0646384604F081FB2EB1DF
:1071D000731C834205D00020BDE8F8830120BDE880
:1071E000F883013D012400E01C4615F8013F04F13D
:1071F000FF392E2B08D0385D04F09AFB80462878A2
:1072000004F096FB804509D1A64204F10103EBD8B6
:10721000A01BB0FA80F04009BDE8F8834C46F7E7C0
:107220002DE9F0414FF4007388B005460393FFF752
:10723000CBFABDB16B69ABB14FF48071E86804F073
:1072400053FB0138FE280DD80C22294605A804F06E
:1072500091FA05A804F096F9012800F082805B4EAF
:10726000337A2BB1FFF7B6FA002008B0BDE8F08101
:107270004FF41C71304604F011FBD5E90523C6E933
:107280000323EB682A8AB361B28504F085FB2B8A5D
:107290003085012B62D0022BE4D14FF4E053002261
:1072A0000221BDF81400738503F0FEFB3060002856
:1072B000D8D0042403AB06224549009403F000FF14
:1072C00003AB009405224249306803F0F9FEBDF893
:1072D00016301BB94FF45453ADF816300C2205A9E3
:1072E000306803F05FFC013061D0328D0024394BEF
:1072F000E9683948F2853363778D049404F00AFB1A
:1073000004AA36493448364D04F01AFBDFF8CC8025
:1073100006E0044483F83A000020013404F010FB36
:10732000601C284404F0D4FA331904AA414600280A
:10733000EFD1254411342549A5F801700127E870E3
:107340002F7128487462FFF703FA706078B33772C0
:10735000FFF740FA1D4808B0BDE8F0814FF4807394
:107360009DE7069802F082FF044620B3002603E062
:1073700002F064FD044618B3BDF814302046771CB3
:107380000BB1DB0703D502F037FE0790D0B9069B9F
:1073900030463E46002BEBD005A804F0F3F8002859
:1073A0007FF460AF204602F053FF069057E7306845
:1073B00003F062FD56E702F0EDFD04460028D5D14A
:1073C0000024E9E70123ADF81430E5E7ECD500200F
:1073D00017E503000100000127D6002028660020E1
:1073E00026D60020198600002DE9F04F4FF0000945
:1073F00083B0154683460F461646C8460193347837
:1074000004F0C003C02B1BD0B3BBBBF1000F31D0C5
:1074100087B3BC4234D2631C013F584631469A467A
:10742000DAB204F0A7F93F1B5346D3441E44B542D9
:1074300038BF3546002CE2D1284603B0BDE8F08FB6
:10744000B8F1000F00D102354FEA0428737808F430
:107450007C5898440C9B98450ED209F10109019B78
:10746000B9F1040F03EB0806C9D913F8084004F07A
:10747000C003C9E7631CD9E7002003B0BDE8F08F63
:10748000184603B0BDE8F08F2DE9F043037AADF55F
:10749000037D0446022B09D0032B00F09480012BBE
:1074A00000F081800DF5037DBDE8F08306460023E2
:1074B0004FF4007256F82E0B314603F0F7FD0C28FE
:1074C000054640F29B80E28D238D9A42EAD1B4F9C1
:1074D0003030002BE6DA608EFEF7F4FC0128E1D1B3
:1074E000334604F13A02FF2102A80095FFF77CFF22
:1074F00007460028D6D0A16902A8FFF75DFE012843
:10750000D0D104374FF0000806EB05090AE0B3F5C7
:10751000A06F00F08380388908F10108FEF7D2FCE3
:107520000A300744A08EFEF7CDFC404540F287802C
:107530004F4580F084803A463346FF2102A80095EB
:10754000FFF752FF0746002879D0A16902A8FFF78C
:1075500033FE0128DFD13B88628D9A42D7D17B88E8
:10756000B3F5807FD7D1B2F5807F236A6BD103F169
:107570002302D7F80A104FEA021C04EB021224F887
:107580000C00916004EB031201337968032BC2F8FD
:107590003C122362BFD9002B84D0032323720DF544
:1075A000037DBDE8F08301460023426A51F82E0BAB
:1075B00003F002FD636A8342EFD106F01BFB022356
:1075C000606123726EE7FFF7FFF8206803F054FC58
:1075D0006068FFF7DFF800232372FFF7FBF8216AEA
:1075E00049B90846A269D4E90353AC460DF5037DB9
:1075F000BDE8F043604704F50C70F3E706F0FAFAD3
:107600006369C01AB0F57A7F7FF64CAFE369013346
:10761000052BE361C1D80123237243E77B88B3F5CF
:10762000807F7FF478AF334607F10A02FF2142A83A
:107630000095FFF7D9FE0DF20913A3616BE7236AEA
:10764000002BAAD12EE723334FF0020C102207F1B2
:107650000A01180104EB031324F800C003F1080029
:1076600004F088F8236A8DE710B50446006802F03C
:10767000D7FD237B834207D0207301462068D4E9DD
:107680000432BDE81040184710BD00BF70B5044675
:10769000FFF79AF834B1236823B1636813B10E4D34
:1076A0002E790EB1002070BD1821284604F0F6F89E
:1076B000A3680A48D4E900126B61296029462A614F
:1076C000FFF746F8A8600028ECD001232E732B7139
:1076D000FFF780F8284670BDD4DB0020F987000052
:1076E00068B110B50446FFF76FF8204612F0D8FED7
:1076F000204612F0C5FEBDE81040FFF76BB870479A
:1077000002F09EBD70B50E4E044600F1F00502E099
:107710001834AC4213D0A368002BF9D006F06AFAF3
:10772000E368C01AB042F3D9206908B102F024F925
:1077300020461834182104F0B1F8AC42EBD170BDEA
:10774000804F12002DE9F047856D0F461646002345
:10775000A846284684681830BC4248D001330A2B1A
:10776000F8D12B4600249A68183312B301340A2C3E
:10777000F9D10024A146A24606E00AF1010A08F167
:107780001808BAF10A0F14D006F034FAD8F80C3001
:10779000C01A4845F1D954460AF1010A06F02AFAFE
:1077A000D8F80C30BAF10A0F08F11808A0EB030959
:1077B000EAD104EB44084FEA440905EBC808D8F8BD
:1077C000100020B102F0D8F80023C8E90433A14426
:1077D0000622314605EBC9052C462846AF6003F06A
:1077E000C9FF06F007FAE8602046BDE8F08703EB22
:1077F00043030622314605EBC304204603F0BAFFDB
:1078000006F0F8F9E0602046BDE8F08720B3F8B54F
:107810000E46F1B1074601F1F0050C4681652046A0
:107820001834182104F03AF8AC42F8D132460C4929
:107830000C4806F011FAC6F8F00050B139460A4873
:1078400001F02CFDB0FA80F3C6F8F4005B09584251
:10785000F8BD4FF0FF30F8BD4FF0FF30704700BF6C
:1078600095880000E09304009188000010B5846DB5
:1078700034B1D4F8F00006F00FFA0023C4F8F03069
:1078800010BD00BF70B50546C8B1836DA3B10C46ED
:10789000164601F04DFDA86D00238446DCF8085023
:1078A0000CF1180CAC420DD001330A2BF6D1002498
:1078B00001F046FD204670BD1C46204670BD0446C2
:1078C000204670BD03EB43030622084900EBC305C5
:1078D000284603F0E9FF0028E9D00124002EE7D074
:1078E00006222946304603F045FFE1E7582B0020E9
:1078F0004B692DE9F0431B2B85B0866DCD68019156
:1079000003D92A88B2F5807F05D0084602F034F802
:1079100005B0BDE8F0832A79062AF6D16A88082ADC
:10792000F3D16A79042AF0D11C2B044604D0C3F1A8
:107930001C0101A802F0E4F80622204602A902F088
:1079400085FB074638B905F10808062202A940461A
:1079500003F0AAFF08B90199D7E706223449404647
:1079600003F0A2FF0028F6D0D5F80E10E36AD5F890
:1079700018908B424ED04B4544D0A66D334602E062
:1079800001370A2FE7D09A6818339142F8D11823AB
:107990000622414603FB0766304603F0EBFE06F085
:1079A00029F9F060336943B132464FF40061204653
:1079B00000F044FA0023C6E90433EB88B3F5807F76
:1079C000C9D1E36A4B45C6D1002305F112064146F1
:1079D0000622AB7102233046EB7103F0CBFE02A905
:1079E0004046062203F0C6FED5F80E10E36A324682
:1079F000A9612046C5F80E3040F60601019B00F053
:107A00001DFA85E742462046FFF79CFE0646002801
:107A1000C8D1D2E723B9A36DD3F8F8304B45CCD108
:107A2000012384F85430D6F8F40001F0B3FCC4E725
:107A3000502B002060B32DE9F043D0F8588083B07C
:107A40000446B8F1000F20D00E4601F071FC012170
:107A50001C2001F03DFE0746A8B1C56800234FF089
:107A6000060920462B706946EB704A46AB7101232C
:107A700085F804906B70EB710823AB7004236B7175
:107A800002F0E4FA28B101F05BFC03B0BDE8F0833A
:107A9000704705F112004A460B4903F06BFE4A4657
:107AA000694605F1080003F065FEE36AAE61C5F8BA
:107AB0000E300BB9C8F8F8603B46044A40F60601A0
:107AC000204600F0BBF9DEE7582B0020502B0020A9
:107AD0002DE9F041D0F8588006460D46174601F0D2
:107AE00027FCC4460023DCF808400CF1180CAC421B
:107AF00019D001330A2BF6D1184A29463046FFF730
:107B000021FE0446206908B101F036FF276106F026
:107B100071F80346294630466361FFF78BFFBDE8E5
:107B2000F04101F00DBC03EB430308EBC3042369F0
:107B300004F11008002BE9D006F05CF86369C01A64
:107B4000B0F57A7FDED8D8F800000028DED001F04A
:107B500013FF2761BDE8F04101F0F2BB582B002074
:107B600000B583B0CDE9001003F0E8FDDDE90010B9
:107B7000FFF760FF03B05DF804EB03F0EDBD00BF5D
:107B800070B5846D002501F0D3FB04F1F006206987
:107B900018B101F0F1FEC4E904551834B442F6D12D
:107BA000BDE8704001F0CCBB2DE9F047B1F1200EEB
:107BB000844642D42EF01F0002F1400302F120015E
:107BC000184431F81E5C203131F8403C31F83C4C0F
:107BD0002B4431F83A9C31F8388C234431F8367C08
:107BE00031F8346C4B4431F8325C31F8304C43445A
:107BF00031F82EAC31F82C9C3B4431F82A8C31F80A
:107C0000287C334431F8266C2B4431F8245C23441F
:107C100031F8224C884253444B4443443B44334460
:107C20002B4423449C44CCD14FEA5E114B1CC1EB46
:107C3000C16102EB43120EEB4111B1F108041DD4F6
:107C400024F0070002F1100302F10801184431F892
:107C5000083C083131F80E7C31F80C6C3B4431F8AB
:107C60000A5C884233442B449C44F0D1E1084B1C0D
:107C7000C1EB417102EBC30204EBC1018D1E12D4B2
:107C800069084C1C02EB440432F8023BA2429C44BB
:107C9000FAD1C1EBC171604605EB410109B1207811
:107CA0006044BDE8F08714466046F7E7F0B5D0E9D8
:107CB000032683B00C468E4228BF0E4641B30746CA
:107CC0000025A41B28463146FFF76EFF05465CB130
:107CD0003F6816F00103FA6809D1396926468C42DB
:107CE000EFD3CE18002CECD1284603B0F0BD12F82B
:107CF000010B013C0192FEF7E5F839694FF0FF33C3
:107D000005442646A142019AEBD9002CD9D1EBE7D4
:107D10000D46E9E708B5FFF7C9FF4FF6FF730344C7
:107D20001A0C03D012FA83F31A0CFBD1D84380B299
:107D300008BD00BF38B514460D461146FFF7B6FF23
:107D4000034620461C46FEF7BDF84FF6FF732B4452
:107D500023441844030C03D013FA80F0030CFBD126
:107D600080B238BD38B51C4615460A461946FFF79D
:107D70001BFF2A462146FFF717FF4FF6FF73034408
:107D80001A0C03D012FA83F31A0CFBD1D84380B239
:107D900038BD00BF014B93F900007047C9E00020D7
:107DA000014B1870704700BFC9E00020002818BFC1
:107DB0000E2A05D970B50E4682B011B902B070BD59
:107DC0007047144669460622054602F03FF900282E
:107DD000F4D106226946B01803F066FD0028EDD004
:107DE0000122A4F10E0106F10E0001F067FD00284A
:107DF000E4D03378FF2B0ED0012B03D1836943F0FD
:107E000004038361B389B3F5C16F11D0082B0AD085
:107E100001F0B2FDD2E77378FF2BF3D1836943F011
:107E200002038361EEE70146284600F0DBFCC5E76C
:107E300001462846FFF75CFDC0E700BF2DE9F0478B
:107E4000064688461746D0F80C901C461BB15A6966
:107E500083689A4225D801210E2001F039FC05469D
:107E6000F8B1D0F80CA0062230460AEB020102F06D
:107E7000EDF8B0B939460622504603F07BFC404687
:107E8000FEF720F8AAF80C0024B12846214601F09C
:107E9000E3FE0546D9F80C3029463046BDE8F047E8
:107EA00018472046BDE8F04701F066BDC16849B1FA
:107EB000203108B5FFF7AAFC18B9044A136801334A
:107EC000136008BD4FF0FF30704700BF54DB002047
:107ED00008B5FFF7CBFC024A1368013B136008BDED
:107EE00054DB0020FFF74CBEC16A09B1FFF7A2BD09
:107EF00010B582B006220446694602F0A7F808B120
:107F000002B010BD03466A464FF6FF712046FFF7E8
:107F100095FF02B010BD00BFF0B50C4683B0064619
:107F200001462046174600F0CFFC78BB04F0F00372
:107F3000E02B0FD06D46214630462A46FFF7A2FCC3
:107F400058B33B462A464FF400613046FFF776FFB0
:107F500003B0F0BD01225E2320466D46ADF800203F
:107F60008DF80230FDF7B2FF03462046C3F3064307
:107F70008DF80330FDF7AAFF034620461B0A8DF853
:107F80000430FDF7A3FF8DF80500DAE76D46062201
:107F90000549284603F0EEFBD3E73A462146304632
:107FA000FFF796FDD4E700BF502B0020C3685A6945
:107FB000CAB14FF0010C5E2300B583B0C1F3062EA9
:107FC000ADF800C0C1F3074C8DF80230C1F3076370
:107FD00069468DF803E08DF804C08DF805309047B0
:107FE00003B05DF804FB7047C3681A69CAB14FF06B
:107FF000010C5E2300B583B0C1F3062EADF800C0BE
:10800000C1F3074C8DF80230C1F3076369468DF860
:1080100003E08DF804C08DF80530904703B05DF89B
:1080200004FB704750B1036993F800C0BCF1010F25
:1080300004D15B6B13B11B6803B118474FF0FF30DD
:10804000704700BF50B1036993F800C0BCF1010F45
:1080500004D15B6B13B15B6803B118474FF0FF307D
:10806000704700BF10B5044682B088B10369197823
:1080700001290DD15B6B5BB11B684BB10DF10602A1
:10808000984728B9BDF80600C0F3800002B010BDC3
:1080900094F8240002B010BD70B5002182B04FF4F6
:1080A00000420546C66842F21074ADF80610FFF7AC
:1080B000C9FF01E0013C49D02B690DF10602002106
:1080C000284693F800C0BCF1010F04D15B6B13B1DB
:1080D0001B6803B19847BDF90630002BEADBF6694F
:1080E0001EB12846B047064668BB0DF1060431466E
:1080F00028462246FFF796FFBDF80630314628464F
:1081000023F4806242F4905292B2FFF79BFF05F095
:1081100071FD064610E05B6BA3B11B6893B19847F5
:1081200001300FD0BDF806309B060BD405F062FD80
:10813000801BB0F5FA6F05D22B69224628461978C4
:108140000129E8D00026304602B070BDF369B3B112
:108150002846984706460028F5D10DF1060221462B
:108160002846FFF75FFFBDF806202146284622F487
:10817000806242F4905292B2FFF764FFE2E70DF1A1
:108180000602214628462646FFF74CFFBDF806208A
:108190002146284622F4806242F4905292B2FFF7C0
:1081A00051FFD0E7F0B5DE681C46002389B00F46CA
:1081B0000546B370F37010B1036A9B0715D461696B
:1081C00020460792FFF7A6FD079A708000233946E4
:1081D00028460093CDE902434024CDE9043301232E
:1081E000019400F03FFE09B0F0BD6169079200F014
:1081F000D3FA079A0028E2D1A36943F02003A361D0
:10820000E4E700BF2DE9F0410D46516988B023290C
:10821000019227D92429064601AF29D1384601F019
:10822000CBFB01301DD0019B00210120D3F80C8035
:1082300098F8112002F092F8044690B1836983B156
:1082400005AB02AA08F10801304600F0ADFA384645
:108250001C2101F055FCA469019B05AA02A928462E
:10826000A047019A104601F087FB08B0BDE8F081F5
:10827000C1F12401384601F043FC019B384659699D
:1082800001F09AFB0130CED1EBE700BFF0B583B02F
:1082900004460E4615460898019301F06DFB0198BF
:1082A00044B338B304210DEB010001F085FB01302C
:1082B00001981FD08369AF689B06B668C56813D55F
:1082C0002146304600F000FB98B906F0F003E02BA1
:1082D0000FD02B78033B092B0BD8DFE803F03C3899
:1082E0000A0A0A220A0A180F4169FFF713FD00283B
:1082F000E6D0019801F040FB03B0F0BD6B78012B94
:10830000F7D8019A09212046FFF77CFFF4E76B7844
:108310005BB3012BEDD10821019A2046FFF772FFD4
:10832000EAE701984369072BE4D92146384600F073
:10833000CBFA0028DDD107F0F003E02BD9D028706C
:108340003246019B39462046FFF72CFFD4E7697877
:108350000029CED1E0E76B780C2BCAD8044920461F
:10836000019AC95CFFF74EFFC6E70721D4E700BFBB
:10837000441E00202DE9F04F83B00193C3B1DD68A6
:1083800006461846EC88D5F80C9024F0E004D5F8A1
:1083900010A05CB990466A7A0F46012A10D12A785B
:1083A000920002F03C02AA5C122A04D901F0E4FA1D
:1083B00003B0BDE8F08F314941FA02F2D307F5D49A
:1083C0003146484600F080FA002841D109F0E00328
:1083D000E02B3DD03146504600F076FA002837D1E8
:1083E0000AF0F003E02B33D00198816911F0060404
:1083F000DCD12146082001F06BF9834640B3C36805
:108400000C2F1C715C719C71DC7109D1B8F1040FE7
:1084100020D10EB330890093FDF754FD009B988066
:108420001F7083F801802B7801999B004A6903F043
:108430003C0303F10800904217D3584601F00CFCAE
:1084400003464A46514630460193FFF7ABFEAFE77D
:108450000198ABE70C2FE3D140460093FDF732FDC6
:10846000009B4FF000089880DAE7C2F1080201A8EB
:10847000D11801F045FB0199DFE700BFFE18F8FFB6
:10848000F0B5002583B010F8014B8DF80450002C96
:108490003DD00E460A270DF1040C2B4611E09CF846
:1084A000001017FB012201B98BBBFF2A2FD88CF8D3
:1084B00000201BB90135042D29D8012310F8014BE8
:1084C000D4B1A4F130025FFA82FEBEF1090FE6D901
:1084D0002E2C14BF002303F00103C3B1A5F1040344
:1084E000B3FA83F35B0993B910F8014B0CF1010C5B
:1084F0008CF80030002CE4D1032D08D9042230463A
:108500000DEB020103F036F9204603B0F0BD4FF049
:10851000FF3003B0F0BD00BFFFF7B2BF70B5154626
:1085200004460E4600F004FF6B6962681344B3F51D
:10853000804F14D80021042001F0CAF878B16A698C
:1085400029466368C6601344636001F085FB0146F9
:10855000204601F099FB00F0F3FE002070BD00F012
:10856000EFFE4FF0FF3070BD70B50568A5B1EB6848
:1085700004462E680B6000F0DBFE1EB16368726972
:108580009B1A63600023204629462B6001F086FB7E
:1085900000F0D6FE304670BD2E46304670BD00BF9E
:1085A00038B594461A46049B04461D1E18BF012583
:1085B000002918BF00254DB142B141698988C9071A
:1085C00004D5614600F0BCFD10B938BD6FF0050060
:1085D00084F88400FFF7E4FB4FF0FF3038BD00BFA4
:1085E00070B5049E04467BB176B10D4611461A461D
:1085F00033684BB145B943699B88DB0704D53346E3
:1086000000F06AFD10B970BD6FF0050084F88400B9
:10861000FFF7C6FB4FF0FF3070BD00BF38B5044612
:1086200000F086FE6369BBB100250BE0D968D1601C
:10863000D9680A6162699A4208BF616101F09CF9D8
:1086400063694BB11A6998689A42EFD1656101F08C
:1086500093F96369002BF5D163685BB122681A60F6
:10866000226802B15360204601F046FBBDE8384065
:1086700000F066BE226801490A60F2E7DCDC0020F7
:1086800010B500F055FE0A4B186838B1037A013B6B
:10869000DBB2037233B100680028F7D1BDE81040A7
:1086A00000F04EBE0468FFF7B9FF2046EDE700BFBB
:1086B000DCDC002010B500240E4B0F494FF4FA709B
:1086C00022461C6005F0C8FA0C4B186070B10C48CB
:1086D000782103F0E3F821460A4800F0DFFDB0FA04
:1086E00080F3094A5B091060584210BD4FF0FF301B
:1086F00010BD00BFDCDC002011980000E8DC002089
:1087000058DB0020C99A0000D8DC002070B50E4C60
:1087100000F00EFE206820B1FFF780FF20680028DF
:10872000FAD10A4C216829B1204601F0B7FA216834
:108730000029F9D10026064D666000F001FE286888
:1087400005F0AAFA2E6070BDDCDC0020E0DC002021
:10875000E8DC002038B5044601F02CFC0D4B1D6808
:10876000ADB12B46DA6B1AB1D96A614011420CD017
:108770005B69002BF6D108B1836C43B92B4601E04D
:108780005B6923B19A6C002AFAD0184638BD0346BB
:10879000184638BDFCDB002080681431814294BF4C
:1087A00000200120704700BF2DE9F04107460E462A
:1087B00010460C211C4615464FF0010803F06EF8D8
:1087C000FB690C21A5F8008020466B60F368AB6064
:1087D00003F064F8FB69A4F8008063603369A36068
:1087E000BDE8F08178B110B50C4601B910BD0A465C
:1087F00001460848FFF792FE30B9074BBDE810402C
:10880000186800F0C7BD70472046BDE8104001F071
:10881000B3B800BFE0DC0020D8DC002010B50C4C61
:1088200000F086FD206820B1FFF7F8FE20680028E0
:10883000FAD1084C216829B1204601F02FFA2168AD
:108840000029F9D100236360BDE8104000F078BD35
:10885000DCDC0020E0DC002070B5154D00242B4648
:10886000224606E01E68864213D001320C330A2AE3
:1088700007D09E68002EF5D101321C460C330A2A1F
:10888000F7D124B1A3680133012BA36009D020469E
:1088900070BD5E688E42E8D102EB420205EB8204B5
:1088A000F0E7C4E9000101F087FC204670BD00BF7D
:1088B00058DB002018B18368013B836003B1704727
:1088C000D0E9000101F07EBC431E033310D86FF4E1
:1088D000AB7398420CD069B10B6C834208D04B6CDF
:1088E000834205D08B6B181AB0FA80F040097047AC
:1088F0000120704700B583B0019002F01FFF0D4BBF
:1089000001981B6843B912E05A6C904207D09A6BE9
:10891000904204D05B6953B11A6C9042F4D10120AB
:10892000019002F019FF019803B05DF804FB1846AE
:10893000F6E700BFFCDB00202DE9F0478CB0B14E1C
:108940000027DFF8C48200F0F3FC03A93046FFF7EC
:108950000BFE049028B34760142104A801F02CF802
:10896000013000F08780049BDC686088D4F810A098
:10897000FDF7A8FA049B054694F800905A698242D4
:1089800005D3132A03D94FEA191104290ED018462A
:1089900000F0F2FF03A93046FFF7E6FD049000283F
:1089A000D9D100F0CDFC0CB0BDE8F0874FEA8909C1
:1089B00009F03C09B9F1130FE9D94845E7D3039908
:1089C000C86A50455AD19542C0F0DF80E18821F055
:1089D000400100295BD10399096A09070AD5617A28
:1089E00001F0EF00012801D0062903D1996941F077
:1089F00020019961B2F5004F1846C9D8002309F14A
:108A00000802194600F0A4FE4946054604A801F0F4
:108A100077F8DDF80CA00C2106A802F03FFF4FF01C
:108A20000109DAF81C300C21ADF8189009A8079359
:108A3000E368089302F032FFDAF81C3009AAADF8B7
:108A4000249006A90A93236903980B930095049B2D
:108A500001F0D0FD627A4846002101F07FFC002839
:108A600000F0E480009509AA446906A9DDE9030342
:108A7000A0476AE7049800F07FFF66E75046FFF7DB
:108A800023FF002800F08880049B5A699BE7114669
:108A900005A8059300F090FF013000F05481059B7C
:108AA000D8F80040D3F80C90002C00F05181B9F8B0
:108AB000042003E02468002C00F04A81638993427B
:108AC000F8D1617A99F809309942F3D1E168D9F87F
:108AD0000C309942EED12169D9F810309942E9D190
:108AE00099F8005005A8AD0005F03C05294601F0B5
:108AF00007F8B9F80200FDF7E5F9401BA9F80200F4
:108B0000B9F80600830600F19B80FDF7DBF9C00091
:108B100083B20598A9F80630C9F8080061690D46C6
:108B200002E0ED68A94253D0EA889342F9D2A94203
:108B30004ED02969B1F806A049888A44BAEB030AE5
:108B400040F08580B9F8020018449042A0EB020181
:108B50003EDD6B88994230D3ED682B69986800F050
:108B60000BFF2B691A6993427FD0D968D160D9680D
:108B70000A61626993427AD0954200F0E680B9F8C2
:108B80000630B9F80200EA88DEE7A91A04A800F066
:108B9000B7FF049B5A6919E7039AD36A002B40D0A8
:108BA000049B0AF0F00ABAF1E00F04D012691278BF
:108BB000032A7FF4ECAE5A6905E788B21B1A104409
:108BC0006B80E88005F1080000F09AFFB9F80630E4
:108BD0002A69002A42D0616900293FD0D168C9F8CA
:108BE0001020C9F80C10D168C1F81090C2F80C9090
:108BF0006269D188994235D80B4691464946002290
:108C00000BE000BFE0DC0020DCDC00204B88C96802
:108C10001A44494592B244D0CB889A42F6D0049780
:108C200093E6049B99698907BBD5C4E7049800F0D3
:108C3000A3FE2B46022203210398FFF79BFB84E649
:108C400099F8013043F0010389F801305DE7B9F884
:108C500002309A450ED300F08FFEE0E7C9F80C9081
:108C6000C9F81090C4F81490C8E7676187E70A460E
:108C7000616181E705A8514600F042FFB9F806207E
:108C80001FFA8AF3B9F80200C01A1344A9F80200C7
:108C900080B2A9F806309BB26269954298D0EA8802
:108CA00052E7D9F810305B78D807B8D4D9F8083033
:108CB0000593D9F80C504D450AD01846A96800F024
:108CC000CBFF0590ED680346D4F814904D45F4D1E0
:108CD00099F800101A698900586901F03C010A44AA
:108CE00008441A61DA68586180B2521ADA60FDF7F6
:108CF000E9F8A9F80200E368C9F80C3099F80130E6
:108D0000226923F00103C9F81020627A89F8013042
:108D100089F8092062682368002A62D013602368FA
:108D200003B15A60204600F0E7FF059B0493002B37
:108D30003FF40BAEDC685A6994F800904FEA890959
:108D400009F03C0956E6059885E7B9F806303FE793
:108D500099F8004005A8A40004F03C04214600F066
:108D6000CFFEB9F80200FDF7ADF8001BA9F802002C
:108D7000182000F0D1FF04460028E4D0D8F80030D5
:108D8000236003B15C60142327716771A771E771D9
:108D90002372C8F80040B9F80430638199F80930AB
:108DA0006372D9F80C30E360D9F810302361B9F858
:108DB0000600850605D599F8013043F0010389F8CE
:108DC0000130FDF77FF8059AC000C9F80C90C9F88A
:108DD000109083B2C9F80820A9F80630C4F814909E
:108DE0000CE7C8F800309BE72DE9F041D2F80C8081
:108DF0001F460023044615460E4688F80A3088F8B8
:108E00000B30036ADB0717D5936943F010039361B6
:108E100021463046FFF758FD40EA0703DBB21BB995
:108E200006F0F003E02B12D123692A463146204692
:108E30001B69BDE8F041184798F8001010468900FA
:108E400001F03C01FEF766FFA8F80A00E0E7E36ADC
:108E5000E26B73401342E7D04FF6A963B34318BFE8
:108E6000A66CE1E72DE9F04F2DED028B87B01D4692
:108E70009DF848909DF84C809DF854609DF858B03E
:108E8000CDE90421002800F0CF800446059B0BB9F2
:108E9000E36A0593149A53691433B3F5004F0AD962
:108EA0006FF00705104600F067FD284607B0BDECDF
:108EB000028BBDE8F08F0121142000F009FC074669
:108EC000002800F0C880179B43B11798042304AA18
:108ED00005A90088FEF746FF179B1880D7F80CA05D
:108EE0007A4A9AF80030108803F00F0343F04003E9
:108EF0008AF80030431C1380FCF7E4FF9AF8002046
:108F0000003E8AF8019022F00F0218BF0126149942
:108F100042F00502B3014E698AF80020AAF8063033
:108F20001436059BB6B2AAF80400CAF80C30049BAC
:108F300030468AF80880CAF810308AF80950FCF7E1
:108F4000C1FF1499AAF80200384600F085FEA76810
:108F500002461490B74272D29AF80090BAF80630DE
:108F60004FEA89095B0609F03C09A7EB090727F0DE
:108F7000070795D4072F93D90190494614A800F00C
:108F80001BFD0130019A66D009EB0703149D9E4238
:108F9000E968019308EE101A63D9131DDDF8048007
:108FA000CDE9024B9A468B461CE0A6EB0807E08011
:108FB000414600233A46284600F0CAFBB844014621
:108FC00000287CD0149800F047FE1490808AFCF7AB
:108FD00079FF149B60804645CAF80030149B03F16A
:108FE000040A3CD90021484600F072FB1490002886
:108FF00061D04A46C068594602F0BCFB149BA8EBFE
:109000000900DC68C0F3CF00237823F00F0343F09E
:1090100005032370FCF756FF07EB080340F020021E
:10902000B342C2D2E280C3E71046FFF793FB044687
:1090300000287FF42BAF149A6FF00F0532E700255C
:1090400020465B460499FFF7CFFE284607B0BDECEB
:10905000028BBDE8F08F149A6FF0020522E7DDE97C
:10906000024B18EE106A149500277088FCF72AFF4F
:10907000019B191A14A800F043FD149B988AFCF771
:1090800021FFF388708043F02003F38000261495BD
:1090900008E05B4604992046FFF7A6FE1495002DD4
:1090A0003FF403AF28466D6802464660002FF0D0BB
:1090B00000F062FCF2E7DDE9024B0127E6E71498D5
:1090C0000127DDE9024B00F057FCDFE7C0E000209C
:1090D00047F6C470704700BF172910B408D018298C
:1090E0001ED0162910D06FF008005DF8044B7047B1
:1090F0001968032920D990F86C40042100201460DD
:109100005DF8044B196070471968032914D990F869
:109110006D400421002014605DF8044B1960704715
:109120001968032908D990F86E40042100201460C2
:109130005DF8044B196070476FF00500D5E700BF7C
:10914000F8B51C46A1F1160305461746042B5DD859
:10915000DFE803F0342D2003030078680E46A0B347
:1091600001F09EF8082C12D188B1396801F0F003A3
:10917000E02B0CD16B6953B19B79022B07D1D5F849
:1091800090402CB3236883422BD0192E3BD06FF034
:109190000500F8BD032CFAD94369002BF7D09B7961
:1091A000022BF4D13B68002085F86E30F8BD032C0B
:1091B000EDD93B68002085F86C30F8BD032CE6D96A
:1091C0003B68002085F86D30F8BD00F0F3FEC9E77C
:1091D000192EDCD1FFF740FBC5F8900098B120466E
:1091E000F8BD62689142D0D1192E0CD0A368013B22
:1091F000A36023B100231846C5F89030F8BD11468E
:1092000000F0E0FFF6E76FF00D00F8BD6FF008002A
:10921000F8BD00BF0D4B10B51C6814B90DE02468F3
:109220005CB163688342FAD1A3680BB16069984767
:10923000074B1B6813B10123237410BDE26823742C
:10924000002AFAD06069BDE810401047D0DB00204A
:10925000ECDB00202DE9F843054618208846174628
:109260001E46DDF8209000F057FD80B10A4B044601
:10927000C0F8088031461A68C0F814902846656026
:10928000E7601C602260BDE8F843FCF7DFBE4FF0EA
:10929000FF30BDE8F88300BFD0DB00200B4B70B57A
:1092A0001C68064618200D46621C1A6000F034FD4A
:1092B00050B10022064B446082601A68C660456166
:1092C00018600260204670BD0446FBE7F072002083
:1092D000D0DB002010B4154C2268AAB1134601E07F
:1092E0001B688BB159688142FAD19A4203D116E0CA
:1092F000516881420BD094461268002AF8D1184672
:109300005DF8044B00F0F8BC5DF8044B7047126840
:1093100018465DF8044BCCF8002000F0EDBC1A684C
:10932000184622605DF8044B00F0E6BCD0DB00205C
:10933000024A136801331360704700BFECDB002062
:109340002DE9F041114F3B68012B04D03B68013BF4
:109350003B60BDE8F081DFF838800026D8F8004097
:10936000002CF3D0002201E0246864B1257C012D9B
:10937000FAD1E3682674002BF6D060699847246818
:109380002A46002CF2D1002AE8D1DFE7ECDB0020EE
:10939000D0DB002038B5124D124A2B681468013317
:1093A0002B6014B90DE024685CB163688342FAD184
:1093B000A3680BB1606998472B68012B05D0012386
:1093C0002374BDE83840FFF7BBBF0022E368227476
:1093D000002BF6D060699847BDE83840FFF7B0BF72
:1093E000ECDB0020D0DB002000230249024A0B60A6
:1093F00013607047ECDB0020D0DB0020E0B1082ACE
:1094000038BF082202F10B038B4214D200F1030C87
:10941000014450422CF0030C02EB0C03CCF8042066
:10942000073303406046C91A5B60B1FBF2F1196073
:10943000CCF8003070470020704700BF0023036065
:10944000704700BF59B338B505460C46FFF770FFAB
:10945000D5E90030211A5A688B420C4607D28A425D
:1094600009D89A4207D913468B425A68F7D39342D8
:10947000F9D39142F7D2D1F800E00EFB001C62450F
:109480000ED04A60D3F800C019460CFB00118C4284
:1094900012D05C602B60BDE83840FFF751BF7047C9
:1094A000D2F800C0F444C1F800C052684A605A685B
:1094B0009342E7D10B46E8E7226862441A60646889
:1094C0005C602B60BDE83840FFF73ABFF8B5064650
:1094D0000C46FFF72DFF00257068621E34680244B9
:1094E00063682746A446B2FBF0F2013200E05B68F5
:1094F0001968914206D31DB1D5F800E0714501D23B
:1095000067461D46A3429C46F1D175B17B686968E8
:1095100099422B6810D093420BD09B1A2B6000FB12
:1095200003F3EA502B44C5183760FFF709FF2846BC
:10953000F8BD2B467960F6E79342EED10025F4E7BB
:1095400038B50546FFF7F4FE2968A9B10A684B68EB
:10955000541EC3B1994201D117E03BB11A685B6850
:10956000A24288BF02F1FF348B42F6D1FFF7E8FE3A
:10957000686804FB00F038BD0C46FFF7E1FE686840
:1095800004FB00F038BD9942F0D1002CEED0941EBF
:10959000FFF7D6FE686804FB00F038BD2DE9F04FF8
:1095A000046883B0002C40D081EAE17AD4F81490AA
:1095B0000E46AAEBE17AD14537D300290746256943
:1095C00024DDA3698D4201937DD8DFF8008110E08E
:1095D0000B60D4F800B02146D8F800005C46FFF7D5
:1095E00031FFBBF1000F1ED0DBF810201544B5424F
:1095F0001ED823683B60A1680B68012B03F1FF3381
:10960000E6D1D8F80000FFF71DFFE2E709EB010201
:1096100095421ADA264603E033691D44954216DA6C
:109620003668002EF8D100243C6003B0BDE8F08F0E
:10963000521B3244019BAE1BA361E36826611344B5
:10964000E360A9EB0A036361EEE72B4626461A4462
:10965000521B35683261E5B1DFF870800DE00B60B8
:10966000D5F800B02946D8F80000FFF7EBFE5D46BC
:10967000C6F800B0BBF1000F0AD0A9680B68012B37
:1096800003F1FF33EBD1D8F80000FFF7DBFEE7E78B
:109690003269002AD5D1B1680B68012B0CD0013B8F
:1096A000DFF828800B6034683146D8F80000FFF7F7
:1096B000C9FE002CC5D1B6E7DFF81080D8F800004D
:1096C000FFF7C0FEEFE70A46B4E700BFF0DB00207B
:1096D0002DE9F0411D4F0D4606461C213868FFF765
:1096E000F5FE003D044618BF012500B9C5B9A4B177
:1096F00006F1040838684146FFF7E8FE034600B962
:10970000B5B9EBB100220121C4E900221960191D8D
:10971000A360C4E90316C4E905622046BDE8F081F0
:1097200000F04AFE1C213868FFF7D0FE0446DEE751
:1097300000F042FE41463868FFF7C8FE0346E0E706
:10974000214638681C46FFF77DFEE6E7F0DB002087
:109750002DE9F84F4FF0000C04468B469046056902
:109760000068AC440028FAD1B8F1FF3F00F09D80BA
:1097700008EB0B025A4538BF5A4694457DD34E4EEE
:109780001F1E4FF01C01306818BF0127FFF79EFE17
:10979000824608B9002F7DD1BAF1000F6DD00023A9
:1097A000CAF81480CAF80430A369CAF818302369CB
:1097B0005B4538D9E26808EB0B09A3685A44CAF83C
:1097C0000830CAF80C201A6801321A602369A9EB24
:1097D0000309B9F1000F55DDA3EB0B0355464FF01C
:1097E0000008CAF810301C213068FFF76FFE2860AF
:1097F00008B90FBB48B324680546C0F80480A368C5
:10980000D4F818C01A68E16801328360C0F818C043
:109810001A602369C160A9EB0302002A42DB91466A
:109820000361E0D131E024681946226913449B4565
:10983000F9D2ABEB010BBDE700F0BEFD1C21306897
:10984000FFF744FE28600028D5D1DAF808100B682D
:10985000012B2DD0013B0B6051463068DAF80040F7
:10986000FFF7F0FD2B689C4207D021463068246842
:10987000FFF7E8FD2B68A342F7D14FF0000A5046EE
:10988000BDE8F88F5046CAF81080002303605046A8
:10989000BDE8F88F00F090FD1C213068FFF716FE40
:1098A000824679E7C0F81090EFE7ACEB0B0866E76B
:1098B0003068FFF7C7FDCFE7F0DB002070B50D463D
:1098C000064611462846FFF703FF044620B12A4604
:1098D0003146C06801F04EFF204670BD92B3F8B526
:1098E0001F46054616460446002322692468134491
:1098F000002CFAD1721C06D072188A4238BF0A4670
:10990000934201D2F8BD5E1A2C698C420AD82D68A8
:1099100022462B691C44A142F9D2891A1C4601E057
:1099200000212C69641AEB683846B442194428BFF8
:109930003446361B224601F01DFF27442D68002EB9
:10994000EED1F8BD704700BF38B5044658B1816804
:109950000B68012B09D0013B064D0B60214628689E
:109960002468FFF76FFD204638BD024D2868FFF7D9
:1099700069FDF3E7F0DB0020D8B170B504460D4E69
:1099800005E00B6029463068FFF75CFD84B1254691
:109990002468A9680B68012B03F1FF33F1D130680B
:1099A000FFF750FD29463068FFF74CFD002CEED143
:1099B00070BD7047F0DB00202DE9F04F066883B0E2
:1099C000002E58D0B1FA81F388465B09002952D0A5
:1099D00032698A424FD2716941454CD307463546B8
:1099E00000E02A6913442D68984501D9002DF8D16B
:1099F000DFF808A108F10401DAF80000FFF766FDBE
:109A00000446002876D00346012243F8042B18466A
:109A10000193D6E9031201F0ADFEB168D6F81090BB
:109A20000A68019B012A5AD0013A0A60C6E902433A
:109A30003468A5420CD122E00B60D4F800B0214676
:109A4000DAF80000FFF7FEFC5D45F3685C4617D0CE
:109A500003EB09002269E16801F08CFEA16822692C
:109A60000B689144012B03F1FF33E5D1DAF80000D4
:109A7000FFF7E8FCE1E7002003B0BDE8F08FAB465C
:109A8000A8EB090403EB0900DBF80C10A9EB0809AB
:109A9000224601F06FFEDBF810304B44CBF810305B
:109AA0006BB1DBF80C302344CBF80C300020C6F847
:109AB00000B0C6F810803E6003B0BDE8F08FDBF860
:109AC00008100B68012B10D0013B0B60DBF8004045
:109AD0005946DAF80000A346FFF7B4FCE6E7DAF8E7
:109AE0000000FFF7AFFC019BA0E7DAF80000FFF7EA
:109AF000A9FCEBE74FF0FF30BEE700BFF0DB002032
:109B000009B1FFF74BBD70472DE9F04784B0002A3B
:109B10004FD0D0F800808146CDF80C80B8F1000F0E
:109B200047D00D46D8F81410174602EB050A5145E8
:109B30003FD3002D58D0D8F810209542C0F0878030
:109B40004046444624686CB323699E18B5422DD222
:109B5000954203945AD0721BBA422FD9C91BC8F838
:109B60001410A168096801295CD0D21B002110469D
:109B70000192FFF7ADFD019A8046002860D023696D
:109B8000E1689B1BC0685344194401F0F3FD23694D
:109B900022689B1BC8F800202B44C4F80080236176
:109BA000D9F80040204604B0BDE8F0873246204690
:109BB000C8E70024204604B0BDE8F0871FD0AD1BE5
:109BC0002B44236123685961E91937D02046FFF7F8
:109BD000E5FCD9F80040D8F814302046DB1BC8F863
:109BE000143004B0BDE8F08703A81146FFF7D6FC97
:109BF000039C2046C9F8004004B0BDE8F087DB1B99
:109C0000C91B23614446C8F81410CBE7616139468B
:109C1000FFF7C4FCD8F81430D9F80040DB1BC8F8B3
:109C20001430BFE72B44D21B981BE368C1191844BA
:109C3000194401F09FFD2369DB1BB0E74446CAE7E6
:109C4000D9F80020044653693B445361AAE71646FD
:109C5000444613467FE700BF98B1024699B10346D8
:109C600030B418461B68002BFBD18D699469536989
:109C700001602C43486903441046C2E9053430BCF6
:109C8000704708467047704703682BB11A465B68F7
:109C9000002BFBD1516070470160704760B138B54F
:109CA0000446006838B188420CD0044640688842B7
:109CB00003D00028F9D138BD70474568FFF75CFE36
:109CC000656038BD4568FFF757FE256038BD00BFA9
:109CD00008B50822FFF792FBB0FA80F3024A5B094D
:109CE0001060584208BD00BFF0DB0020014B18682F
:109CF000FFF726BCF0DB0020024B01461868FFF797
:109D0000A1BB00BFF0DB0020024B01461868FFF743
:109D1000DDBB00BFF0DB0020074B014610B582B071
:109D200018680191FFF7D2FB044610B1019901F0C8
:109D3000B5FD204602B010BDF0DB0020014B1868D5
:109D4000FFF77CBBF0DB002070B504460D461646DD
:109D5000FFF7EEFA0023E56284F8503084F85430BF
:109D600055B14EB92B061AD4E16B69B3CA43FF2330
:109D70006FF0FF0063631EE005EA060265EA060372
:109D8000C4E90E266364284601F018FE23695B6966
:109D90000BB120469847BDE87040FFF7D1BA05F0F7
:109DA000C003802B16D005F0E003C02B1AD0636BE4
:109DB000E16BD843CA432B4029402843236345EA3B
:109DC0000203A1632064DDE7FF236FF0FF02194661
:109DD000E363CCE7E16B71B1CA434FF6FF730C4804
:109DE0006363E8E7E16B61B1CA436FF07F434FF013
:109DF0007F406363DFE74FF6FF73054A1946E3636D
:109E0000EBE76FF07F434FF07F421946E363ECE7E7
:109E10000000FFFF10B5FFF78BFA074B1C683CB141
:109E2000236920469B6903B198476469002CF7D1E8
:109E3000BDE81040FFF784BAFCDB002038B50446CB
:109E400001F07CFC054B1D6825B11CB16D69013C1E
:109E5000002DFAD101F080FC284638BDFCDB002043
:109E600060B10388012B0AD1064B8268186810B9CB
:109E700004E0406928B1C36A9A42FAD170470020D1
:109E800070477047FCDB002068B138B5104C236880
:109E900043B19842054602D106E09D4204D05B6979
:109EA000002BFAD138BD70472B69DB680BB128460F
:109EB0009847D5E905324AB1536103B19A61054B20
:109EC0001A689542EED122681A6038BD2360F4E723
:109ED000FCDB0020F8DB002038B501F02FFC0B4D37
:109EE000FFF726FA0A4B00221A60FFF729FA01F061
:109EF00033FC2C682CB12046FFF7C6FF6469002CA8
:109F0000F9D10023034A2B60136038BDFCDB00202D
:109F1000F4DB0020F8DB002010B582B0044601F02D
:109F20000DFC074B186810B904E0406910B1844279
:109F3000FBD10120019001F00FFC019802B010BD8F
:109F4000FCDB002070B504460D46164601F0F6FB1A
:109F500024B1324629462046FFF7F6FEBDE87040A0
:109F600001F0FABB48B138B504460D4601F0E6FBF6
:109F7000A564BDE8384001F0EFBB704748B138B583
:109F800004460D4601F0DAFBE564BDE8384001F017
:109F9000E3BB704700B583B001F0D0FB044B1868F9
:109FA000019001F0D9FB019803B05DF804FB00BFFC
:109FB000F8DB0020014B1868704700BFF8DB002079
:109FC00010B5044682B030B101F0B8FBE06A0190F0
:109FD00001F0C2FB019802B010BD00BF10B50446ED
:109FE00082B030B101F0AAFBE06B019001F0B4FB4C
:109FF000019802B010BD00BF10B5044682B030B168
:10A0000001F09CFBE06C019001F0A6FB019802B00E
:10A0100010BD00BF10B5044682B038B101F08EFB10
:10A0200094F85000019001F097FB019802B010BD28
:10A0300050B138B504460D4601F080FB84F850500D
:10A04000BDE8384001F088BB704700BF002918BF49
:10A05000002A10D078B103696BB110B45C689442E7
:10A0600004D8DB6913B15DF8044B18474FF0FF309B
:10A070005DF8044B70474FF0FF30704700B585B076
:10A08000CDE90210019201F059FB0398DDE90121AD
:10A09000FFF7DCFF019001F05FFB019805B05DF870
:10A0A00004FB00BF032A70B5154604460E460DD8C2
:10A0B0008CB186B1236973B15A68AA420BD11B6A6D
:10A0C0004BB131462046BDE870401847086800BAD9
:10A0D00001F074FCECE74FF0FF3070BDF8B560B1F3
:10A0E000036904464BB1284D0E4617462B6813B939
:10A0F00007E05B692BB19C42FBD14FF0FF3528464E
:10A10000F8BDFFF715F92B68636103B19C6100236B
:10A1100001202C60A3612346DA69824212D05B6978
:10A12000002BF9D1226923629368E0614BB320468A
:10A130009847054640B12046FFF7A6FEFFF700F915
:10A140002846F8BD0130E6E706B18FB923691B78D0
:10A15000013B012B05D90D4B1A68002AEED11C607A
:10A16000ECE72046FDF7A2FE0028F4D00546E2E722
:10A170003A4631462046FFF795FF0028E6D00546CF
:10A18000D9E74FF0FF35D6E7FCDB0020F8DB0020F5
:10A1900000B585B0CDE90210019201F0CFFA039825
:10A1A000DDE90121FFF79AFF019001F0D5FA01984E
:10A1B00005B05DF804FB00BF18B10369DB6A03B1A9
:10A1C0001847704718B103691B6B03B118477047F4
:10A1D00070B5E8B1036904465B6ACBB103F00AFDD0
:10A1E000A36A0546C31AC82B15D92369204694F8DB
:10A1F00024605B6A9847A56284F82400054646B946
:10A20000864206D023695B691BB12046984700E06F
:10A210000125284670BD94F82450284670BD00BF23
:10A2200000B583B0019001F089FA0198FFF7D0FFE3
:10A23000019001F091FA019803B05DF804FB00BFB2
:10A24000024B1B6803B11847704700BFF4DB0020C6
:10A2500010B5044682B030B101F070FAE0690190A7
:10A2600001F07AFA019802B010BD00BF38B505467A
:10A2700001F064FA65B1094B1C6814B904E0646923
:10A2800014B1E3699D42FAD101F066FA204638BD67
:10A290002C4601F061FA204638BD00BFFCDB0020EF
:10A2A00050B1074B1B6813B904E05B6913B1DA695D
:10A2B0008242FAD11846704703461846704700BFDD
:10A2C000FCDB0020F8B5FFF733F8134B134D0026E5
:10A2D000DA6805F10C071E601AB19047431C04466A
:10A2E0000BD0BD420DD055F8043FDA681E60002A3D
:10A2F000F7D09047431C0446F3D1FFF721F82046DE
:10A30000F8BDFEF7D7F901304FF0FF3418BF002435
:10A31000FFF716F82046F8BD28730020A02B002078
:10A3200038B5FFF705F80B4B0B4C1B6904F10C0516
:10A3300003B19847AC4206D054F8043F1B69002B88
:10A34000F7D1AC42F8D1FEF7E1F9BDE83840FEF7AD
:10A35000F7BF00BF28730020A02B0020144BB3F8D8
:10A3600004C030B510EA0C0F124C04F10C0E07D0EB
:10A3700093F806C08C4510D011B99D68954212D053
:10A38000744512D054F8043FB3F804C010EA0C0F1F
:10A39000F6D093F806C08C45EED122B19D68954267
:10A3A00001D0002DECD1184630BD0023184630BD39
:10A3B00028730020A02B002038B50B4B0B4CDB6919
:10A3C00004F10C0503B19847AC4206D054F8043FA1
:10A3D000DB69002BF7D1AC42F8D1FEF71FFABDE8DC
:10A3E0003840FFF717BD00BF28730020A02B0020C6
:10A3F00003464FF40062402100209A64A3F86C10D9
:10A400009A63704738B50C460546FEF791FFE207A0
:10A4100008D4A30702D5012385F85030FEF790FF3A
:10A42000002038BD012305F1340085F8403000F0EC
:10A43000CFFFEEE72DE9F047044686B015461E46ED
:10A4400088460E9FFEF774FFA36CAB4260D367B3E0
:10A45000404600222946FFF731FA804600285AD0AC
:10A4600016F0040611D17868D4F81090FFF718FFA1
:10A470003B88012B1CD094F98530002B46D1FEF788
:10A480005FFF284606B0BDE8F087012394F88C9062
:10A49000D4F810A084F88C307868FFF701FF3B886F
:10A4A000012B30D084F88C90E5E704F15407CFE716
:10A4B0005FFA89F3B146BA6894F86D7002F0F00C57
:10A4C000A16EBCF1E00F0CBF94F86EC094F86CC0A4
:10A4D00000970027CDE901C80597039794F88C7081
:10A4E0000497FEF7BFFC0EB184F88C900028C2D010
:10A4F0000146204600F04AF9FEF722FF4FF0FF30F8
:10A5000006B0BDE8F0875FFA8AF3D4E70020EFE7F2
:10A510006FF00700ECE76FF00200E9E7F0B51C46CA
:10A5200089B005460E4684F002040C2105A803926A
:10A53000C4F340040E9F01F0B1F905AB039A314614
:10A5400005F13400009400F0C7FF431C12D095F9C8
:10A55000853043B904461FB1394605A801F030F8EB
:10A56000204609B0F0BD002128464FF0FF3400F02E
:10A570000DF9F5E76FF00701F6E700BF30B50446C7
:10A5800083B000250191FEF7D3FE0C22019904F15E
:10A59000540001F0EFF8032304F13400A4F86250F2
:10A5A0002373A4F8565000F013FFFEF7C9FE2846A7
:10A5B00003B030BD00B583B00190FEF7B9FE01993C
:10A5C000044800F015F9FEF7BBFE002003B05DF86B
:10A5D00004FB00BF6874002010B5054C216829B148
:10A5E000204600F005F921680029F9D110BD00BF0F
:10A5F000687400202DE9F84F0A9C002B18BF002C2E
:10A6000059D00746002856D01E465B69002B52D011
:10A610000B8888461546012B69D04FF00009394652
:10A62000284600F0A5FF002865D0524B1C68002C7E
:10A6300041D04FF0000A01E0246804B323694B4580
:10A64000FAD1284600F084FF002836D02B88012B51
:10A65000F2D1D4F890100029EED04A68AB689A4243
:10A66000EAD10B689F42E7D1BAF1000F03D09AF804
:10A670004030002B68D0A2462468002CDED1BAF10D
:10A68000000F18D09AF84030ABB923462146304627
:10A690004FF0FF32FFF75CF8044660B101464246D6
:10A6A0000AF1340000F0C6FE013004D12046BDE8B6
:10A6B000F84FFFF761B9BDE8F88F04F1600B584619
:10A6C00000F060FF28B95846294600F067FF0028CF
:10A6D000B2D004F1540B584600F054FF0028C3D107
:10A6E0005846414600F05AFF0028BDD1A4E7E36870
:10A6F00093F8099093E7284600F02AFF002894D1A8
:10A700001C4A4B4629461068424600F0EBF80446C6
:10A710000028D0D090F84030002BCCD119463046DC
:10A720004FF0FF32FFF714F805460028C3D001466A
:10A73000424604F1340000F07DFE0130BBD12846D2
:10A74000BDE8F84FFFF718B919464FF0FF32304611
:10A75000FEF7FEFF834600288DD00AF13400424602
:10A76000594600F067FE013085D15846A246FFF7F2
:10A7700003F961E7687400200348302108B501F04F
:10A780008DF8002008BD00BF98DC002090F98520DE
:10A7900003461AB10020114683F88500084683F865
:10A7A0008410FDF7FDBA00BF38B505460C46FEF72C
:10A7B000BFFD2B68236003B15C60002363602C60E5
:10A7C000BDE83840FEF7BCBD38B50C460546FEF77F
:10A7D000AFFD63684BB122681A6023680BB16268F1
:10A7E0005A60BDE83840FEF7ABBD23682B60F4E744
:10A7F00038B50D460446FEF79BFDFEF799FD6B68E4
:10A8000053B32A681A602B680BB16A685A60FEF766
:10A8100097FDFEF78DFDEC6B3CB120466468FFF7B9
:10A82000ABF8002CF9D1EC636C63FEF789FDFEF701
:10A830007FFDEC6C3CB120466468FFF79DF8002C6E
:10A84000F9D1EC646C64FEF77BFD2846FFF754FAFF
:10A85000BDE83840FEF774BD2B682360D3E700BF26
:10A8600000283DD030B5B1F802E001E00068C8B181
:10A87000B0F862C0F445F9D1B1F800C01CF0010F86
:10A880000CF001040FD08D686DB1B0F86050AC458C
:10A89000ECD1002CEAD0856E8C68A542E6D132B9A5
:10A8A000B3B1012030BD002BEFD0002AF8D0B0F8B2
:10A8B00054501488AC42D9D1E407D7D5C56D9468FB
:10A8C000A542D3D1B0F856C05488A445CED1E8E70C
:10A8D000002ACBD0B0F854501488AC42C6D1EBE774
:10A8E000704700BF2DE9F04100284CD04FF0030E17
:10A8F000002504699C4226D1B0F862C04C88A4456A
:10A9000021D1446E14B14E68B4421CD1B0F86040FD
:10A91000E6071ED5866EE6B1B1F800C01CF0010F47
:10A9200038D10124B0F854C01CF0010F1ED0C66D00
:10A93000E6B11AB1178817F0010F34D10134A645DA
:10A9400001D9A646054600680028D2D12846BDE8B0
:10A95000F0810C8814F00104E4D08C68B0F854C085
:10A96000003C18BF01241CF0010FE0D13AB1B2F84D
:10A9700000C01CF0010F02D09668002EDED1744595
:10A9800005D2002CDDD105462846BDE8F0814FF008
:10A99000010ED8E78F68002FC3D0A445D3D1BE42A3
:10A9A000D1D10024BEE7D2F80880B8F1000FC5D09D
:10A9B000BC45C8D14645C6D1B0F856705688B74296
:10A9C000DDD0C0E72DE9F04184B0284F04460C22C9
:10A9D00001A8B7F8008044F2010643F6FE7500F0C6
:10A9E000C9FEFEF7A5FC08EB06039BB2AB422AD8D2
:10A9F00008F101081FFA88F84046FBF763FAADF842
:10AA000006004CB3BDF804E02346DDF80CC00EF0A0
:10AA1000010101E01B68FBB1B3F862208242F9D169
:10AA20000029E0D0BCF1000FDDD0B3F860209645DE
:10AA3000F0D10029EED09A6E9445EBD108EB0603D5
:10AA40009BB2AB42D4D94FF440484046FBF73AFAA8
:10AA5000ADF80600002CD5D1A7F80080FEF770FCF9
:10AA6000BDF8060004B0BDE8F08100BF9677002075
:10AA700038B505469420FFF747F9044690B1942273
:10AA8000294600F077FE0023C4E90033A360237356
:10AA9000A3612363E36163626363E3636364E36409
:10AAA000A4F88430204638BD2DE9F84F07460E46FD
:10AAB000904600F043FE394B1B78002B53D0DFF853
:10AAC000E0A0FEF735FC0024534653F8045B3DB18B
:10AAD00001340C2CF9D1FEF733FC6FF0010044E097
:10AAE0004FF0FF330AEB840B4AF82430FEF728FCC2
:10AAF000424631463846FFF731FC814600283DD0BA
:10AB00009420FFF709F9064600283DD04AF82400B2
:10AB1000A0F860700573C0F808B0C0F81490C0F8D1
:10AB20001080B8F1000F02D1D9F808300361A6F8FF
:10AB30005470FEF7FDFBD9F80030336003B15E605E
:10AB400000237360C9F80060FEF7FAFBD9F82030E3
:10AB50005B681BB130469847013018D000F0FCFD0F
:10AB60005846BDE8F88F6FF018004FF0000BFDF766
:10AB700017F900F0F1FD5846BDE8F88F6FF00900B5
:10AB800000234AF82430F0E76FF00200F8E731467E
:10AB90007069FFF72DFEFDF7FDF8F1E7E7E0002013
:10ABA00098DC0020F0B587B005460C46164600F04C
:10ABB000C5FD564B1B78002B66D0002D64D02D6848
:10ABC000002D61D02B7B042B00F099806F693A6ACD
:10ABD0001278002A51D1002C00F08580002E00F060
:10ABE00082802388DA0740F181800B2E7BD96E4664
:10ABF00094E8070086E80700002A7AD0BDF8023002
:10AC000013B9BB79032B69D10C2205F160040DEB5C
:10AC10000200214600F0AEFDBDF80C30BDF800206A
:10AC20001340ADF80C30DB073AD40198FFF738FB3E
:10AC3000BDF80C30012B59D100283DD0C36A0593D3
:10AC4000BDF80E3083B36B6903A93246186801233F
:10AC5000FFF706FE00284FD120460C2200F08AFDA7
:10AC60006B691B6ADC681CB131462846A047044664
:10AC700000F072FD204607B0F0BD032B42D0022B3E
:10AC8000A9D16FF015061EE06FF01B064FF0FF34E0
:10AC90003046FDF785F800F05FFD204607B0F0BDB7
:10ACA000059B002BCCD1C0E76B6903A91868FFF79F
:10ACB00089FEADF80E00C6E70298FDF74BFD0028AF
:10ACC000BCD16FF00F0695F9850050B1002385F8CF
:10ACD000853085F88400FDF763F8D7E76FF00E063E
:10ACE000F1E73046F5E76FF00506ECE76FF00B068D
:10ACF000E9E76FF00606E6E76FF00D06E3E76FF0B1
:10AD00000A06E0E76FF01206DDE700BFE7E000208B
:10AD1000F8B505460C46164600F010FD554B1B785D
:10AD2000002B6DD0002D6BD02D68002D68D0002C2D
:10AD300042D0002E40D02288D10740F190800B2EC7
:10AD40003AD9B5F86260002E36D1B5F8603013F00C
:10AD500001072ED1A16801F0F000E0283AD193421A
:10AD6000678859D063686B66002F3ED03E46A5F8D1
:10AD70006260FEF7DDFAEC6B3CB120466468FEF7DA
:10AD8000FBFD002CF9D1EC636C63FEF7D9FAFEF7FA
:10AD9000CFFAEC6C3CB120466468FEF7EDFD002C68
:10ADA000F9D1EC646C64FEF7CBFA00F0D5FC00201E
:10ADB000F8BDA96E0029CDD06FF0050095F985305A
:10ADC0001BB10022184685F8852085F88400FCF721
:10ADD000E7FF19E0002932D16788FFB92288B5F86A
:10ADE0006030934215D063686B666B699A79032A69
:10ADF000BDD005F160011868FFF7E4FD0646B6E72F
:10AE00006FF01B00FCF7CCFF00F0A6FC4FF0FF300A
:10AE1000F8BDDA07E7D5A168A966A3E76B69214603
:10AE2000186800231A46FFF71BFDD8B92288B5F829
:10AE30006030934219D063683E466B6697E73FB92E
:10AE40002046FFF70DF80028C6D16FF00E00B5E7D9
:10AE50000021A86EFDF738FD0028BDD1F0E76FF0A6
:10AE60000B00ABE76FF00D00A8E7DB07D3D46368F6
:10AE70006B667BE7E7E0002038B5044600F05EFC37
:10AE8000114B1B78B3B1ACB125689DB1D5F89000DA
:10AE900008B1FDF70FFD6B691B6A9B681BB1284663
:10AEA0009847054610B900231D46236000F054FC66
:10AEB000284638BD4FF0FF356FF01B00FCF770FFE0
:10AEC00000F04AFC284638BDE7E000202DE9F043B9
:10AED00085B0164604460D461F46DDF8308000F06A
:10AEE0002DFC344A1278002A41D0002C3FD024682F
:10AEF000002C3CD0B8F1000F27D00D9B2BB3B8F835
:10AF00000030DB074CD50D9B0B2B46D9D8F8083009
:10AF1000002B3FD0002D40D094F85030002B42D170
:10AF200063691B6AD3F81890B9F1000F3ED03B4615
:10AF3000324629462046CDF80080C847039000F0ED
:10AF40000BFC039805B0BDE8F083B4F85430DA0781
:10AF50001AD46FF0130094F985301BB10022184603
:10AF600084F8852084F88400FCF71AFF03E06FF072
:10AF70001B00FCF715FF4FF0FF30039000F0ECFBD7
:10AF8000039805B0BDE8F083E36D002BE1D04FF0EE
:10AF90000008BFE76FF00600DDE76FF00500DAE7B5
:10AFA0006FF00B00D7E76FF01400D4E76FF00A00E2
:10AFB000D1E700BFE7E0002010B5002482B0CDE962
:10AFC0000044FFF783FF02B010BD00BF2DE9F0433E
:10AFD00085B00D46044690461F460C9E00F0AEFB21
:10AFE0003149097800293BD0002C39D02468002C45
:10AFF00036D0002D31D0B4F862301BB963699B792B
:10B00000032B3AD10D9B002E18BF002B14BF012239
:10B0100000221AD194F84030002B3CD163691B6A9E
:10B02000D3F81490B9F1000F3BD0002A3B464246BA
:10B03000294608BF002620460096C847039000F026
:10B040008BFB039805B0BDE8F0831B682BB1B4F807
:10B050006010C90722D50B2BDCD86FF005000EE07D
:10B060006FF01B00FCF79CFE4FF0FF30039000F0E8
:10B0700073FB039805B0BDE8F0836FF0040094F90A
:10B0800085301BB10022184684F8852084F884009E
:10B09000FCF786FEE8E76FF01400F0E76FF00B00B6
:10B0A000EDE76FF00A00EAE7E7E0002010B50024C2
:10B0B00082B0CDE90044FFF789FF02B010BD00BFA8
:10B0C0002DE9F04184B01D4604468846174600F03D
:10B0D00035FB3B4B1B783BB334B3266826B3002DBE
:10B0E0006AD00A9B002B67D0364B984514D0736901
:10B0F000002B61D01B6A1C6A002C5DD00A9B3A466B
:10B100004146304600932B46A047039000F024FBB5
:10B11000039804B0BDE8F0817B1E052B3ED8DFE824
:10B1200003F015202B3D0A0A6FF01B00FCF738FED8
:10B130004FF0FF30E9E70A9B032B3DD92B68052F21
:10B140004FF000000CBFB364B363DEE70A9B032B30
:10B1500032D92B6800201B1A18BF012386F88D30C6
:10B16000D3E70A9B032B27D92B6800201B1A18BF93
:10B17000012386F88C30C8E70A9B032B1CD96B8807
:10B180004FF47A72002002FB03F3C6F888302B7864
:10B190001B1A18BF012386F88E30B6E76FF008003F
:10B1A00096F985301BB10022184686F8852086F86E
:10B1B0008400FCF7F5FDBBE76FF00500F0E700BF8A
:10B1C000E7E0002017E503002DE9F04184B01D46BB
:10B1D00004460F461646DDF8288000F0AFFA794B9A
:10B1E0001B78002B34D0002C32D0D4F800C0BCF136
:10B1F000000F2DD0002D00F0E280B8F1000F00F01C
:10B20000DE80714B9F4217D0DCF81430002B00F029
:10B21000D6801B6A5C6A002C00F0D1802B46324637
:10B2200039466046CDF80080A047039000F094FABC
:10B23000039804B0BDE8F0810D2E00F2B280DFE883
:10B2400006F07485919DB02020323F4E0E0E5C6852
:10B250006FF01B00FCF7A4FD4FF0FF30E5E7D8F8D6
:10B260000030032B40F2AB8004230A2E4FF0000085
:10B27000C8F800300CBFDCF83430DCF844302B6008
:10B28000D3E7D8F80030032B40F299800423052E31
:10B290004FF00000C8F800300CBFDCF84830DCF894
:10B2A00038302B60C1E7D8F80030002B00F08780E1
:10B2B00001230020C8F800309CF80C302B70B4E754
:10B2C000D8F80030002B7AD001220023C8F80020E3
:10B2D00018469CF984202A708CF88430A5E7D8F8A9
:10B2E0000030002B6BD00122DCF81430C8F80020AD
:10B2F00003B19B7900202B7097E7D8F80030032B1F
:10B300005DD904230020C8F80030DCF82C302B6015
:10B310008BE7D8F80030032B51D904230020C8F85C
:10B320000030DCF828302B607FE7D8F80030032BA2
:10B3300045D904230020C8F800309CF80C30A3F154
:10B340000403B3FA83F35B092B606EE7D8F800308F
:10B35000032B34D904230020C8F800309CF88D302A
:10B360002B6062E7D8F80030032B28D90423002093
:10B37000C8F800309CF88C302B6056E7D8F80030C5
:10B38000032B1CD90423114A0020C8F800309CF874
:10B390008E302B70DCF88830A2FB03239B096B8076
:10B3A00043E76FF008009CF985301BB10022184676
:10B3B0008CF885208CF88400FCF7F2FC4CE76FF0E9
:10B3C0000500F0E7E7E0002017E50300D34D621029
:10B3D00038B50546FDF7ACFF4DB1AC683CB1204631
:10B3E0006468FEF7C9FA002CF9D1AC602C60BDE8A6
:10B3F0003840FDF7A5BF00BF38B50D460446FDF740
:10B4000097FF6B69D4E900120B4493420CD829468C
:10B41000A068FEF721FC6A692368A06013442360DA
:10B42000FDF78EFF002038BDFDF78AFF4FF0FF309B
:10B4300038BD00BFF8B504460D461746FDF778FF46
:10B4400022686B691344626893421BD800210C2068
:10B45000FEF73EF90646A8B139460C22C06800F056
:10B4600089F96A69236829463046134444F8083B41
:10B47000FEF7F2FB01462046FEF706FCFDF760FFF3
:10B480000020F8BDFDF75CFF4FF0FF30F8BD00BFB6
:10B4900070B50546806868B11E460B4641698A4210
:10B4A00028BF0A4600211446FEF718FA012E04D0E0
:10B4B000204670BD0446204670BDFDF739FF05F1FA
:10B4C00008002146FEF71CFB2B681B1B2B60FDF7B9
:10B4D00037FF204670BD00BF2DE9F84385689DF811
:10B4E000208005B32F6806469946D7B10B46796987
:10B4F00038468A4228BF0A4600211446FEF7EEF974
:10B5000048460C22E96800F035F96B690C3BA34210
:10B5100088BF4FF0FF34B8F1000F08D12046BDE8D6
:10B52000F8833C46ECE72C462046BDE8F883FDF75F
:10B53000FFFE1FB133687A699B1A336006F1080079
:10B540002946FEF7ABFBFDF7FBFE2046BDE8F8837E
:10B5500068B1038813F0010308D0806800F0F000A0
:10B56000A0F1E000B0FA80F040097047184670473B
:10B5700010B10388DB0701D4002070478068FDF715
:10B58000A3B900BF38B10388DB0704D58068B0FADF
:10B5900080F0400970470120704700BF20B119B109
:10B5A00002880B88934201D00020704713F00103FA
:10B5B000FAD080688B68C01AB0FA80F040097047F2
:10B5C000034608461BB111B11A88D20700D4704750
:10B5D0000C22194600F0CEB810B5044610B103880D
:10B5E000012B01D0002010BD4068FEF759FE002855
:10B5F000F9D1A068BDE81040FDF7ACB8F8B5002857
:10B6000053D043680446002B4FD083682E4D2F4AF9
:10B61000C1682B6011601BB31B68002B45D02C4EFA
:10B6200030469847002840D12B68CBB19A68294F03
:10B630008AB1316879B1304690473B789BB14FF081
:10B64000FF342B682BB1DB681BB12148026802B1C3
:10B6500098472046F8BD3A782AB14FF0FF34F2E718
:10B660001C4F3B780BBBD4E90001FEF731FB0446CD
:10B670000028E6D1FBF79AF804460028E1D1FDF74F
:10B68000B3FE154A154B0A2014601C6002F096FAAE
:10B6900001300ED0FEF716FE01300AD0FFF76CF82D
:10B6A000013006D001233B70CBE74FF0FF3420463A
:10B6B000F8BD4FF0FF34FEF70FFCFEF731FE02F04D
:10B6C0008BFAFEF73BFBBCE7A4D50020ACD50020ED
:10B6D000C8DC0020E7E00020FCDB0020F8DB0020D5
:10B6E00008B502F0AFFABDE80840FBF715B800BF97
:10B6F000054B1A681AB112681AB110B110471046FA
:10B7000070474FF0FF307047A4D50020044B1A68F3
:10B710002AB192681AB110B1036803B1104770479B
:10B72000A4D50020044B1A682AB1D2681AB110B10E
:10B73000036803B110477047A4D50020044B1B6871
:10B740002BB19B681BB10348026802B118477047D0
:10B75000A4D50020C8DC0020044B1B682BB1DB689B
:10B760001BB10348026802B118477047A4D50020F6
:10B77000C8DC0020032A7ED90B4630B5CC0705D59E
:10B7800011F8013B013A00F8013B0B469D0704D537
:10B7900031F8023B023A20F8023B950976D001F1DC
:10B7A00040034FEA851E00F1400C03EB851553F86A
:10B7B000404C40330CF1400C4CF8804CAB4253F8F9
:10B7C0007C4C4CF87C4C53F8784C4CF8784C53F843
:10B7D000744C4CF8744C53F8704C4CF8704C53F853
:10B7E0006C4C4CF86C4C53F8684C4CF8684C53F863
:10B7F000644C4CF8644C53F8604C4CF8604C53F873
:10B800005C4C4CF85C4C53F8584C4CF8584C53F882
:10B81000544C4CF8544C53F8504C4CF8504C53F892
:10B820004C4C4CF84C4C53F8484C4CF8484C53F8A2
:10B83000444C4CF8444CBAD101EB0E03704412F066
:10B840003C0FC2F3830123D08D00A0F1040C03EB65
:10B85000810153F8044B8B424CF8044FF9D1284432
:10B86000940703D531F8023B20F8023BD20701D5FB
:10B870000B78037030BD930703D531F8023B20F8F5
:10B88000023BD30744BF0B78037070470B46D6E7E3
:10B890001946E5E70AB107F08FB870470A4611B1BB
:10B8A000002107F089B870477AB1013A431E013987
:10B8B00000EB020C01E0634506D013F8010F11F80C
:10B8C000012F801AF7D0704770471046FBE700BF82
:10B8D00048B1034613F8010B28B1002013F8012BDF
:10B8E0000130002AFAD1704778B1034613F8012BD2
:10B8F0006AB1B1FA81F0400911B908E0814205D07E
:10B9000013F8012B0130002AF8D17047704700204E
:10B91000FBE700BF50B149B10B782BB100F8013BF8
:10B9200011F8013F002BF9D100230370704700BFCD
:10B93000A0F14103192B01D82030C0B2704700BFDD
:10B9400008B330B405468C4615F8014B01E09C4223
:10B9500015D01CF8013B002BF9D1C4B115F8014BEF
:10B960008C4601E0002BF9D01CF8013B9C42F9D138
:10B970003CB1002305F8013C156030BC70472846F7
:10B98000E0E72546F8E710680028DAD1704720463E
:10B99000146030BC704700BF10B5074C44F2A710CC
:10B9A0006FF0004200232168A1FB000105F0FAFDC1
:10B9B0001046226010BD00BF90DC0020024A1368D0
:10B9C00018441060704700BF90DC0020836993F832
:10B9D0008020042A19D0A2F1050CBCF1010F13D864
:10B9E000052A1BD0DA6E0A21013A83F8801003324F
:10B9F00011D84FF0FF31012299660273D3F88420E9
:10BA000042F00802C3F8842070470721012283F81E
:10BA100080100273F2E73022DA66EAE71A6A8A4295
:10BA2000E0D0082283F88020E8E700BFF8B50023C3
:10BA3000876914460E461370BB8BA3B10D4643F0C5
:10BA40000170FAF743FA286025780E4B0435EDB201
:10BA50002570B87F43EA0020FAF738FA705123784E
:10BA600003332370F8BDC06DFCF774FE30B18368FA
:10BA7000283B9BB2BB8325783544E0E72578BB8B18
:10BA80003544DCE70000030370B58469064688216D
:10BA90002046FFF703FF4FF40672B56B336FA287A2
:10BAA0001A4AA383954227D89BB2A5609D4238BF0E
:10BAB000A583A37F4FF4405C0CFA03F2AA420AD29A
:10BAC0000133DBB20CFA03F2591C9E46AA42CBB2F8
:10BAD000F8D384F81EE04FF0FF330C220B49636665
:10BAE000E3676367A366A367C4E91B33736BA16352
:10BAF000C4E912221BB970BD1546A260D9E706F150
:10BB00003400BDE87040FFF763BC00BF0000FF0FCA
:10BB1000062970B5049D86690AD10E3A86461C46F0
:10BB2000072A10D8DFE802F0160F181B0F20230990
:10BB30000495BDE87040FCF753BDC36F0422236039
:10BB400000202A6070BD6FF00801FEF71FFE4FF065
:10BB5000FF3070BD036FF1E790F88030EEE7D6F864
:10BB60008430C3F3C003E9E7436F5B08E6E7836F04
:10BB70005B08E3E738B5456A95B10446FDF7D8FBA5
:10BB8000646A25462468002CFBD1286B2946836A09
:10BB90002430013B4360FEF717FE2C63FDF7D0FB1A
:10BBA000284638BD10B504468820FEF7B5F8E0B148
:10BBB00000234FF400424FF46151A06123671846FF
:10BBC00084F88E3096234FF0010C6167A26408213F
:10BBD000A2634FF48072A367402384F880C0E167BA
:10BBE000A4F88C20A4F86C3010BD20466FF0020140
:10BBF000FEF7CCFD4FF0FF3010BD00BF2DE9F04146
:10BC000006460D46FDF794FB344B1C68002C57D0BC
:10BC1000002701E02468A4B1B4F862206B889A423E
:10BC2000F8D1237B042B34D1002FF3D104F1600829
:10BC30004046FFF7A7FC002848D027462468002C80
:10BC4000EAD1002F3CD0FC696CB104F154003146BC
:10BC5000FFF7A4FC20B1B4F8562073889A4213D0A1
:10BC60002468002CF1D17C6A6CB104F15400314697
:10BC7000FFF794FC20B1B4F8562073889A4203D0A1
:10BC80002468002CF1D13C46FDF75AFB2046BDE864
:10BC9000F081294604F16000FFF780FC0028B9D04C
:10BCA000237B002BB6D0314604F15400FFF776FC1D
:10BCB0000028AFD0B4F8562073889A42AAD1E3E79F
:10BCC0000024FDF73DFB2046BDE8F08140462946B3
:10BCD000FFF764FC002818BF27469BE78C74002000
:10BCE000062970B5049D16D1152A0446944639D804
:10BCF0009E464FF46513D340DB0701D5042D39D19F
:10BD0000ACF10E0CBCF1070F2CD8DFE80CF00F2BB8
:10BD1000152B2B1D24090495BDE87040FCF740BC91
:10BD2000DEF8003033B30020E36770BDDEF800308A
:10BD300003B30020236770BDDEF8003003B1012398
:10BD4000002084F8803070BDDEF8003093B15B00D5
:10BD50000020636770BDDEF800305BB15B0000203F
:10BD6000A36770BD6FF008012046FEF70FFD4FF08E
:10BD7000FF3070BD6FF00501F6E700BF2DE9F0431D
:10BD8000044689B04069FEF78BFA0021064614206C
:10BD9000FDF79EFC002800F0AA8005461421C0682B
:10BDA000FFF77CFDE76A27B194F83080B8F1000F07
:10BDB00043D1EB6850221A73EF68E388E0693B8057
:10BDC000638A7B80FAF782F87860EF68206AFAF776
:10BDD0007DF8EB68B86094F824205A73E08CEF6823
:10BDE000FAF770F80346616B2846FB81FDF734FFD4
:10BDF0000546208DEF68FAF765F8EB680022788237
:10BE000003F110071A82238A012B06D1002E64D079
:10BE1000336A9B0753D4EF681037AA8A4FF4C06186
:10BE20002846FBF787FF3880E8681030238A012B0B
:10BE30002FD0002009B0BDE8F0830021282007950D
:10BE4000FDF746FC814600284ED0C0682821FFF748
:10BE500025FD49460798FDF7FFFE7B1E0021076878
:10BE6000079013F8010FFA68505401318845F8D152
:10BE70008A0703D021F003010431C9B2283907A889
:10BE8000FDF73EFE3B69079A1433D2689B0013739B
:10BE900092E72368E168A269E3B15C781F7893F8C0
:10BEA000203000940024029501970394CDE90430DA
:10BEB00006233046FCF7D6FF09B0BDE8F083696978
:10BEC0003046FCF769FC0028A5D1AB6943F020039C
:10BED000AB61ABE71C464027E3E7A069FCF73AFCFF
:10BEE0000646002894D196E72846FDF745FD606B8D
:10BEF00008B1FDF741FD6FF002009BE7037B7BB3C8
:10BF0000826910B592F880308EB00446012B25D09E
:10BF10000A2B23D0022B24D0D368002004210793BE
:10BF200004F16C030C22089001A88DF8241004F190
:10BF300060010093FFF71EFC04A80C2204F15401D9
:10BF4000FFF718FC00236846ADF82630ADF828301E
:10BF50000B938DF830300D93FFF710FF0EB010BD2E
:10BF600070470023506A14210793D9E7F0B50C46B7
:10BF7000114691B01D46E2680646019192F80DC047
:10BF80001CF0100323D090680024F9F79FFF4FF0B6
:10BF9000040C019909900C228DF82CC00A940DEB29
:10BFA00002000296FFF7E6FB06A80C222946FFF7DF
:10BFB000E1FB002302A8ADF82E30ADF830300D9330
:10BFC0008DF838300F93FFF7D9FE11B0F0BD09930B
:10BFD0005068F9F77BFFE26867694FF0140C537BF8
:10BFE000127B03F00104C3F34003120901993C449E
:10BFF0001C44A4EB82040444CDE700BF00293DD0DB
:10C00000CA68F8B5137B0F461B09052B4FEA830E50
:10C0100033D90646142423E0611C71452DD295F8CE
:10C0200001C0611E8C44F44527D2022B1FD0032B84
:10C030000CD1AA78D6F884300C2A43F0200328BF0C
:10C040000C2286F83E20FA68C6F88430A3185B7884
:10C050001C44137B1B09B4EB830F4FEA830E0CD2F5
:10C06000A35CA5184BB1012BD6D10134F1E7688848
:10C07000F9F728FFFA68B087E8E7F8BD704700BF16
:10C0800038B5144D00221449C82001F0E5FD2860A0
:10C09000A8B1002211494FF4FA7001F0DDFD104BF8
:10C0A0000446186070B1FFF777FC0E490346002084
:10C0B0000A6802F57A4252FA83F30B6038BD4FF0FA
:10C0C000FF3038BD286801F0E7FD4FF0FF302C60ED
:10C0D00038BD00BFCCDC0020A1D700007DE400000B
:10C0E000D0DC0020A8D50020F8B5036B0546002B56
:10C0F0002FD0027B022A1AD09A6A03F1240786699C
:10C10000013A9A626EB134682CB120466468FDF73A
:10C1100033FC002CF9D100233046C6E90033FDF78B
:10C12000EBFD29463846BDE8F840FEF761BB1A6AC8
:10C1300003F11C078669013A1A62002EF1D03468B7
:10C14000002CE8D020466468FDF716FC002CF9D1DD
:10C15000E1E78669D6F884303468DB0705D5D4B1C9
:10C1600020466468FDF708FCF9E72CB120466468B6
:10C17000FDF702FC002CF9D1002405F14400C6E9CA
:10C180000044FFF725F905F154002C730C21BDE89C
:10C19000F840FFF783BB00233046C6E90033FDF7C4
:10C1A000ABFD29460248BDE8F840FEF721BB00BFC1
:10C1B0008C74002010B5037B0446042B05D016E0D8
:10C1C000FFF79CFEE069FFF78FFFE0690028F7D1D9
:10C1D000606A38B1FFF792FE606AFFF785FF606A18
:10C1E0000028F7D12046BDE81040FFF77DBFFFF7DC
:10C1F00085FE2046BDE81040FFF776BF70B5037B93
:10C2000004460D468669042B0DD0FFF73DFC002344
:10C210000322E562E3650020A4F85630042386F883
:10C220008020237370BDFDF783F8236AA26A9918F2
:10C230008D4208D23BB1E069FFF7BCFF236AA26AD6
:10C2400098188542F6D3AA4205D9606AFFF7B2FF73
:10C25000A36A9D42F9D3E562FDF772F8002070BD34
:10C2600038B5104CFDF764F8206858B18269D2F8EF
:10C27000843043F00103C2F88430FFF79BFF20684D
:10C280000028F3D1084D094C286801F005FD20680D
:10C2900001F002FD00232B602360BDE83840FDF76C
:10C2A0004FB800BF8C740020CCDC0020D0DC002014
:10C2B000F8B5FDF73DF8174B1D68B5B10027AE691D
:10C2C0002C462D68D6F88430DB0712D4237B042B50
:10C2D00015D034682CB120466468FDF74DFB002C66
:10C2E000F9D1C6E90077002DE9D1BDE8F840FDF7A6
:10C2F00027B82046FFF7F8FE002DE0D1F5E7E0690A
:10C300000028F0D0FFF756FFE0690028FAD1002D91
:10C31000D5D1EAE78C740020002A18BF002B31D059
:10C3200038B501B938BDDB680546104693F802C040
:10C3300093F803E04CEA0E2CA2F802C01A785B785E
:10C3400042EA03234B80FFF759FC0028EAD08369B7
:10C35000092DE7D801A252F825F000BF43D500000F
:10C360003BD5000017D500001FD500001FD50000E9
:10C3700017D5000017D50000B5D40000B5D40000D3
:10C3800033D500007047E82380F8853038BD037B43
:10C39000042BC7D0EE2380F88530BDE83840FFF786
:10C3A000A3BEF72380F8853038BDF82380F88530A8
:10C3B00038BD9A8F1A6338BD2DE9F04F84699146D4
:10C3C000456B9846A2688FB0A3690746551B0E4679
:10C3D000D4F820A025EAE575AB4203D2E91AA08B78
:10C3E000814260D3B207A56166D5B5F5405F0AF119
:10C3F000010A55D8ADB2F30710D594F880300AF190
:10C40000010A042B5BD0072B02D1092384F880306A
:10C41000D4F8843043F00403C4F8843016F0100BD1
:10C4200007F16C034FF00C0207F1600101A818BF7F
:10C43000D4F824B00093FFF79DF90C2207F15401C2
:10C4400004A8FFF797F94FF0FF336846A367236A04
:10C45000ADF8265000250793CDF820B08DF8246064
:10C46000CDF82C908DF83080ADF828500D95FFF761
:10C4700085FC236925645A1C03F10053C4F820A0ED
:10C480009A4206D8524501D8534504D20FB0BDE8B0
:10C49000F08F5245F8D8C4F810A00FB0BDE8F08F67
:10C4A0004FF44055A7E7B1EB520F9BD2002B18BFBA
:10C4B0001D46B207A56198D4A37FDD409AE7052306
:10C4C00084F88030D4F8843043F00403C4F8843016
:10C4D000A4E700BF30B5856985B0044695F8803083
:10C4E000052B0DD0092B0BD0022B17D000231021C8
:10C4F0001A46FFF761FF4FF0FF33AB6705B030BD61
:10C500002A6A00232046511E1A4629621121FFF78C
:10C5100053FF4FF0FF33AB6705B030BD2B6A0DF111
:10C52000070202A9013B2B62FFF780FA9DF8073052
:10C5300002AA12212046FFF73FFF4FF0FF33AB67FF
:10C5400005B030BD2DE9F041054682B0144603F038
:10C55000020687690191DDF82080FCF7E9FE284694
:10C56000B6FA86F3019950F8342F5B09A24228BF2E
:10C570002246FEF78DFF0446EEB93B6CBA8B0344AE
:10C58000B3EB420F3B642BD32B7B032B10D0002C3F
:10C5900032D0B8F1000F05D00C2205F1540140460D
:10C5A000FFF7E8F8FCF7CCFE204602B0BDE8F081CA
:10C5B0002846FFF78FFF002CEBD12B7B032B1BD1E1
:10C5C000B8F1000F05D00C22404605F15401FFF7E9
:10C5D000D1F8D7F884301B07E4D56FF019010DE0CE
:10C5E000BA68B3EB520FCFD2BA69002AE3D1002B5D
:10C5F000CAD1002CE1D0CCE76FF013010191FCF718
:10C600009FFE28460199FEF7C1F84FF0FF30CCE7B6
:10C6100038B5FCF78DFE154B1D68D5B12B7BAA698B
:10C620002BB1936F581C02D0013B9367CBB16C6A5E
:10C6300064B1237BA26933B1936F591C03F1FF33BB
:10C6400001D093674BB12468002CF2D12D68002DE6
:10C65000E4D1BDE83840FCF773BE2046FFF73AFF4F
:10C66000F1E72846FFF736FFE1E700BF8C740020B2
:10C67000F0B5054685B008460C46FEF7ADFF00282C
:10C680004CD001462046FEF773FF00283AD12046E1
:10C69000FEF75EFF002835D12846224FAE69FFF72E
:10C6A000F3F90DF1070202A92846FFF7BFF93B682D
:10C6B0003362013394E80700336105F1540383E8E2
:10C6C0000700FCF735FE9DF8073002AA0221284634
:10C6D000FFF772FE0446F0B9012386F8803002238A
:10C6E0002B73FFF759F93B6803F57A4353FA80F04F
:10C6F000B36C33671E233860F366FCF721FE2046D7
:10C7000005B0F0BD6FF00E04214628464FF0FF340F
:10C71000FEF73CF8F3E7FCF713FEF5E76FF00F04C4
:10C72000F2E700BFA8D500202DE9F047856906464D
:10C73000D0F844A08EB0EB68D5F82090C06DA3EB84
:10C740000907A9EB03085744B94228BF39460C46EC
:10C75000FCF7BEFC04F11403984296F8503038BF41
:10C76000A0F114043F1BB7FA87F77F09002C5FD0B4
:10C77000002F5DD0002B67D11827B269736B9068CA
:10C780009169C31A23EAE37399420AD2B2F81CC032
:10C790005A1A624505D2B2EB500F02D2002918BFD7
:10C7A0000B46AB61002C47D0716C00232246F06C25
:10C7B000A1EB0A014144FCF7CBFF804600285AD088
:10C7C00006F16C0306F160010C2201A80093FEF74C
:10C7D000D1FF06F154010C2204A80026FEF7CAFF7F
:10C7E0002B6A68464C4407936B6A8DF82470089353
:10C7F000AB69AA7FCDF83480D3404FF0FF32ADF85B
:10C800002860AA67ADF826300B968DF83060FFF7E8
:10C81000B5FA2B692E645A1C03F100532C629A421C
:10C820000CD8944201D39C420AD90EB0BDE8F087DF
:10C8300003B11FBB1027A0E7A046C1E79442F2D383
:10C840002C610EB0BDE8F087192795F8803009F10A
:10C850000109042B0BD0072B02D1092385F8803066
:10C86000D5F8843043F00403C5F8843085E7052308
:10C8700085F88030F4E74C442C62D6E71127E4E7D2
:10C880002DE9F843856907468946D5F88400296A69
:10C8900020F04003AA6AC5F88430EB685B1A9E1842
:10C8A0005ED42A6BA98F9C187A6CB4FBF1F403EB6D
:10C8B000020801FB04F446454346A8BF4646B4427D
:10C8C000A8BF3446002C52DD89F00109002609F08A
:10C8D0000109A14229DDEB6AB4EB530F1DDCD5F849
:10C8E0008430DA0619D4E9682A6A914202D097F8AE
:10C8F000802072B1A219904556D0696FAA6C481C6D
:10C9000001D0914201D92A656A6743F04003C5F816
:10C910008430BEB90020BDE8F8832644214638465D
:10C92000FFF702FF002EF5D00CE03846FFF7FCFEC3
:10C93000A98F641A0E44B9F1000FEAD0002CC8DCAC
:10C94000002EE7D095F8603033B3022B34D04FF08F
:10C95000FF322B6F93426A6719D00120BDE8F8833C
:10C960000223314485F860307B6C29629B1A97F86A
:10C970005020002ACED000F004000343CAD11A464A
:10C9800038461121FFF718FD2B6F0133E5D1AB6C51
:10C9900001202B67BDE8F8832B6A002101226B611F
:10C9A000E96785F86020D2E7464621463846FFF71A
:10C9B000BBFE002EAED0C5E76A692B6A511C02F19E
:10C9C0000052914204D99942E7D99A42BFD3E4E791
:10C9D0009942FAD9BBE700BF38B5037B032B25D1B9
:10C9E0000D460446FCF7A4FCAA0702D594F8503083
:10C9F00043B1EB0702D594F8403063B1FCF7A0FCDB
:10CA0000002038BD0121204684F85010FFF738FF80
:10CA1000EB07F3D5EFE704F13400FEF7D9FC01236F
:10CA200084F84030FCF78CFC0020EAE76FF013013B
:10CA3000FDF7ACFE4FF0FF3038BD00BF38B5037BCB
:10CA40008569002B3ED090F88E300446012B02D130
:10CA5000D0F888303BB3FCF76BFC237B032B24D14D
:10CA600094F85030002B44D0FCF76AFCFCF760FCD3
:10CA7000D5F8843043F00103C5F88430237BA3B399
:10CA800095F880300A2B08D094F88E30012B23D0F3
:10CA900030230122EB6684F84020636B83BBFCF7F4
:10CAA0004FFC002038BDFCF743FCD5F8843020460D
:10CAB00043F00103C5F88430FFF77CFBFCF740FC32
:10CAC000002038BDD5F8843043F00103C5F8843028
:10CAD000FFF70AFB002038BDD4F88830002BD7D0F0
:10CAE0000A4AA2FB03235B09D3E72046FFF7FCFABF
:10CAF000D5E70121204684F85010FFF7C1FEB3E7C7
:10CB000004F13400FEF764FCC9E700BFD34D6210A6
:10CB1000CB682DE9F04F054684699868174688462A
:10CB20002DED028B83B0F9F7D1F995F88D20D8F867
:10CB30000C300646012A93F80DA00CBF6A6F4FF027
:10CB4000FF32A2663A68520701D50122A267E16866
:10CB50004FF0FF32B142626600F099800023A6EBED
:10CB60000109226B63646B6C994528BF9946A24BFF
:10CB70009A4216D8A16B8A4200F2158102EB090392
:10CB8000994280F07181636B216313440A465B1AFA
:10CB90004B446363934204D39B1A6363A38F134490
:10CBA0002363494605F14C00FCF7AAFF6B6CA3EB2D
:10CBB00009036B64236AE6605A1C03F100539A422E
:10CBC00044D9B24246D9B34244D2636913F1005208
:10CBD00080F03482B34206D8B24204D394F8601095
:10CBE000012900F02881D8F80C30D8F8142003F17E
:10CBF0000C00D4F884100E077CD503784FF001099F
:10CC00001B09B2EB830F3B6884BF43F002033B6018
:10CC1000190702D41AF0080F02D02846FFF75AFC71
:10CC2000D4F884102846C1F3C011FFF729FE3B68F1
:10CC300010B143F001033B60A26A6AB96A6C5AB151
:10CC4000626F013200F0D580226D0BE0B242BCD899
:10CC5000B342BAD32662B8E7D4F88420520602D48D
:10CC60004FF0FF326267226AE168914214BFA26C02
:10CC70004FF0FF3213F0090F226702D19B0700F13A
:10CC8000D180484603B0BDEC028BBDE8F08FD4F8EC
:10CC90002090B14526D06A6C22B3197B03F10C00B9
:10CCA000D8F814200909B2EB810FA2D11AF0030FB2
:10CCB0009FD1616C022901F1010C00F09781C4F849
:10CCC00044C096E70133DA005B00A265E36503EB3D
:10CCD000D2034FF0FF32A364002384F86030D8F809
:10CCE0000C30E267D4F8841003F10C00D8F814205B
:10CCF0000E0782D4CDF800800178AE69090993F857
:10CD00000D80B2EB810F4FEA810906D118F0210F97
:10CD100003D13B684FF001097AE75868F9F7D6F874
:10CD2000736A9842706842D0009BB268596908449F
:10CD3000904263D83A6842F002023A603268002AB0
:10CD400000F03C814FF0000B01920CE0804501D8CF
:10CD500081451ED2DDF804B0009BDBF80420002AD8
:10CD600000F023810192DB685868F9F7AFF8009B67
:10CD700000F10108DB685868F9F7A8F8019B00F199
:10CD80000059DB685868F9F7A1F8C845DED9804535
:10CD9000DED8009BBBF1000F00F01281CBF804300D
:10CDA000019A5A6003E1636B4B446363F2E6002827
:10CDB000BAD118F0010F40F0088149466846FCF7E7
:10CDC0009FFE0099002900F0FD804A694FF000099C
:10CDD000736AE86B13447362FCF73EFF009BE863E1
:10CDE0005A696B6B13446B633B6843F004033B600D
:10CDF0000EE7A26C226535E7FFFFFE0FDB6858687F
:10CE0000F9F764F8736A9842009B93D04FF00109D8
:10CE1000DB685868F9F75AF8D6F82480404527D0DF
:10CE20003B68F5E62846FFF755FB484603B0BDECE6
:10CE3000028BBDE8F08FA26DE36F002A3FF442AF92
:10CE4000A3EBD203E06D002B1A44B8BF5B42012A6A
:10CE5000A3EB9003B8BF01220344A265002B3FF768
:10CE600035AF0B46E16532E71A462363636B91E603
:10CE70003368002BD4D0424608EE109AB0461646CE
:10CE8000DB685868F9F722F8D8F800308346DB6889
:10CE90005868F9F71BF800F10050834506D85E4545
:10CEA00001D3864204D918EE109AB9E75E45F8D34B
:10CEB000D8F8003016F1005BDB682CBF4FF0010999
:10CEC0004FF000095868F9F701F8D8F80020D2F8B7
:10CED0000CC053699CF80C100909A3EB81030344AF
:10CEE000B9F1000F15D19E4201D89B4513D253686A
:10CEF000104601925A69C8F80030D8F804309B1ADD
:10CF0000C8F80430FCF738FDD8F80030002BB7D152
:10CF1000C9E79E42E9D8DCF80400F8F7D7FFD8F853
:10CF20000030A6EB000BDB685868F8F7CFFFD8E9B4
:10CF30000032D9685E69A2EB060C0A7B01931209E4
:10CF4000C8F804C0A6EB82065A68C8F80020002280
:10CF500006445A6001F10C034A7BD00715D41978B6
:10CF6000042309090DEB030003FB01B1FCF7C8FD25
:10CF7000019939B16B6B4A69E86B13446B63FCF739
:10CF80006BFEE863C8F82460BEE788680136F8F7EE
:10CF90009DFF01462846FEF719FD3A68019B42F0C5
:10CFA0000802DB683A600C33D9E7CBF804307268CA
:10CFB0004FF0000959690A44726029E73360F6E7C7
:10CFC0003360EDE689463B6822E6009BDB689868A3
:10CFD000F8F77CFF01462846FEF7F8FC736A013338
:10CFE00073623B6843F008033B60E6E60423A26AF1
:10CFF000A18F6364236B93428CBF53085B084A0084
:10D00000B3EB410FA36301D21346A2632846236307
:10D010002662FFF789FB3B68C4F8209043F00103C8
:10D020003B60022384F860304FF0FF33D8F81420BF
:10D03000E367D8F80C3003F10C00DAE5B3423FF6B1
:10D04000CBADCBE52DE9F041037B90B0856923B3EF
:10D050006B6E04465E1C02D0013B34D06B66EB6EF7
:10D06000581C02D0013B1BD0EB662B6F5A1C03D01F
:10D07000013B00F0AB802B67A96E4F1C02D0013939
:10D0800051D0A966696F481C02D001392BD069675D
:10D09000EB6F5A1C01D00133EB6710B0BDE8F08193
:10D0A000D5F884304FF0FF32D907EA6600F1BA8034
:10D0B00094F9853013F1180F0FD009330DD0E923FF
:10D0C00084F8853009E04FF0FF336B6690F98530C6
:10D0D000183302D0EF2380F88530204610B0BDE829
:10D0E000F041FFF701B8A6694FF0FF336B67B36AF1
:10D0F000002B40F0D18001212046FFF715FB326A5A
:10D10000336D013A782B326206D05B00782B40F207
:10D11000EA80782213463265726E73670132B7D1A6
:10D1200030237366B4E74FF0FF33A7690120AB6685
:10D13000FCF7CEFA80460028A4D0A269636B906801
:10D140009169C31A23EAE373994209D2968B5A1A5A
:10D15000B24205D2B2EB500F02D2002918BF0B46E3
:10D16000BA7F04F16001D3400C229EB204F16C033B
:10D170000DEB02000293FEF7FDFA0C2204F15401BC
:10D1800006A8FEF7F7FAFB6802A8013B09937B6A41
:10D19000ADF82E600A931023CDF83C808DF82C302A
:10D1A0000023ADF830300D938DF83830FEF7E6FDF2
:10D1B0007A6EA36F561CBB6600F09180E16F01FB95
:10D1C00003F39A427FF65EAF7B665BE795F88030AB
:10D1D0004FF0FF32012B2A676ED0022B2DD12B6A24
:10D1E0000DF1070202A92046013B2B62FEF71EFC4F
:10D1F0009DF8073002AA12212046FFF7DDF8EA6801
:10D20000686D9042D5E9121302D00B46E9646A6555
:10D21000782B3FF430AF5B00782B5ED97822134631
:10D22000EA6428E795F880300A2B3FF456AF204691
:10D2300010B0BDE8F041FEF7BDBF696ED5F884308F
:10D24000013123F0040201D130236B66E96842F01A
:10D250001002286B2962A96AAB8F8842C5F8842026
:10D260002B634FEA430388BF48084FF0FF3298BF53
:10D2700040080021EA67834238BF03462046AB637B
:10D28000022385F86030FFF7FBFAD5F8843023F0ED
:10D290001003C5F88430B2E7D6F88430204643F056
:10D2A0001003C6F88430FFF7EBFAD6F8843023F089
:10D2B0001003C6F88430EBE62B6A0DF1070202A9D1
:10D2C0002046013B2B62FEF7B1FB9DF8073002AA16
:10D2D00002212046FFF770F891E7EB64CBE6E26F9E
:10D2E00002FB03F370E7336516E700BF38B5FCF7C0
:10D2F0001FF8134B1D68B5B1EC692CB120462468AA
:10D30000FFF7A0FE002CF9D16C6A2CB120462468EE
:10D31000FFF798FE002CF9D12C682846FFF792FE03
:10D320000CB12546E8E7FEF737FB064A136803F51C
:10D330007A4353FA80F31360BDE83840FCF700B835
:10D340008C740020A8D500202DE9F0471446484AE7
:10D3500005468769944200F287801E46037B032BB3
:10D360007AD114B92046BDE8F0878946FBF7E0FF83
:10D37000D5E911A8FCF7BAFC40F6C90398425CD97C
:10D38000A8EB0A08804528BF8046A04551D2B8F1D5
:10D39000000F52D073073CD595F88C30CBBB0126DB
:10D3A0004846414685F88C603246D7F8843043F0D1
:10D3B0008003C7F88430FCF781FA044628B305F1EE
:10D3C000440921464846FEF717F800283DD1BB6ABC
:10D3D00063B97B6F013334D04446B6B9FBF7B0FF75
:10D3E0002046BDE8F087FFF74BFA38B12B7B0121CF
:10D3F0002846032BF7D04846FDF7EAFFD7F88430DC
:10D4000023F08003C7F88430E6E7002385F88C30EA
:10D41000E4E7D7F8843048460122414643F08003D0
:10D42000C7F88430FCF74AFA04460028D6D0002614
:10D43000C5E7A04528BFA046ACE70024FBF780FF66
:10D4400090E7BB6C3B657B67C6E720460024FCF792
:10D450007BFAFBF775FF85E76FF0130128464FF065
:10D46000FF34FDF793F97DE76FF00501F6E700BFA4
:10D470000000FF0F2DE9F04F89B0074616460D4614
:10D480000193DB6812981C7BFCF776FA01A824094B
:10D49000A4002146FCF790FA013008D00198836976
:10D4A0009B060BD539462846FEF762F8F0B1019984
:10D4B0000846FCF761FA09B0BDE8F08F828A4FF4A4
:10D4C000C061FAF737FC324605F1080132F8083B33
:10D4D000012B0CBF04231023FAF744FC0028E6D1EB
:10D4E00039462846FEF744F80028E0D12846FEF7E2
:10D4F0002FF801990028DBD14B69A342D8D3CB6820
:10D50000304639461A886A805B887380FEF730F8A7
:10D5100018B93046FEF71CF838B101992B4632464F
:10D520000020FEF723FD0199C2E731462846FEF7A9
:10D5300065FB0446002800F0BC81037B042B00F04F
:10D54000C381019B0022D4F818805A600592DA68E2
:10D5500004935068F8F7BAFC049B0746DB689868A8
:10D5600093F80CA0F8F7B2FC0499834698F8802051
:10D57000CB6802F0FD005B7B012803F03F0938D047
:10D58000022A00F0C681D8F82420781C07F1005C3C
:10D590004FEA1A1A964660454FEA8A0A00F25D8100
:10D5A000904202D8944580F05B81D8F818307344DB
:10D5B000581C03F1005C60450AD8B84200F28A8129
:10D5C000BC45C0F087812046FEF784FF01996FE7D4
:10D5D000B842F8D9BC45F6D2049A5269A2EB0A02C5
:10D5E0003A44904240F28C81944580F0898198F8C9
:10D5F000802009F01403142B19D019F0040F25D141
:10D6000019F0020A27D0022A00F0D48102F0FD03AB
:10D61000012B00F0A98104992B46324604F16C00DD
:10D62000FEF7A4FC2046FEF75FFD019940E7012AC2
:10D63000E3D1D8F820309B457FF439AFEE23204664
:10D6400084F88530FEF750FD019931E702F0FD02C4
:10D65000012AF3D12BE7012A00F04581032A00F0CB
:10D66000428119F0100940F08281022AABD002F009
:10D67000FD02012A7FF41BAF049BDB68D889F8F711
:10D6800021FC98F83E309840D8F82C30C8F8280093
:10D69000834298F8803003F1FF3338BFC8F82C007C
:10D6A000092B3ED8DFE803F04C278616B91616A6DC
:10D6B000CF9A256B21462A6A05F11C00AB6A013A14
:10D6C00001332A62AB62FDF77FF8214605F12400A1
:10D6D000FDF76AF805AA04992046FFF719FA0546EE
:10D6E00094F840301BB1636B002B40F03C82012D5D
:10D6F0007FF4E1AEDBE6042388F880300323237354
:10D700004FF0FF3398F88120C8F80CB0032AC8E91D
:10D710001B33CED0BAF1000FDCD094F88D30012B42
:10D7200040D094F84030002B3FF4C1AE636B002B27
:10D730003FF4BDAE04F13400FDF74AFE0199B7E6AF
:10D740000137C8F82470B9F1000F00F0D7810499AF
:10D75000A069C8F80CB0FEF751FCA369D3F8842087
:10D7600012F0200207D19A779A68B2F5405F02D989
:10D770004FF440529A609A8F1A63B8F83C30002BED
:10D780003FF449AF4FF0FF332046C8E91B33FEF7A3
:10D79000A1FE0423032288F8803094F88D30227390
:10D7A000012BBED1636FC8F8683094F84030002B6D
:10D7B000BCD17CE6A26A236A1344E26A9342C0F0B9
:10D7C00025810C2104F15400FEF768F80023C8E914
:10D7D0000A3394F84030002BA8D168E62B46324635
:10D7E000049904F16C00FEF7C1FB94F84030002B63
:10D7F0009CD15CE6D8F820309B4592D14FF0FF33A6
:10D800000A21302288F88010C8F86830C8E91B2344
:10D8100094F84030002B89D149E605AA04992046A6
:10D82000FFF776F9D8F82020D8F80C3005469A4250
:10D830007FF456AF98F88030052B7FF451AF062364
:10D8400088F880304CE7D8F820309B457FF42FAE25
:10D850002046FEF749FC01992AE690423FF6A2AE27
:10D860004969501C02F1005CA1EB0A016045394492
:10D8700077D888423FF6A7AE8C45FFF4A4AED71BFD
:10D88000514604A800933A46FCF73EF9009B9806DF
:10D8900000F19680049BD8F82470DB68384600932A
:10D8A000F8F714FB009B58600223D8F824E0059396
:10D8B0007BE60199CB685B7B5A073FF5F9AD2B46B8
:10D8C0003246FEF753FBF2E50C2229465430FDF7B1
:10D8D00051FF36E6049A5269A2EB0A023A4490429A
:10D8E0007FF682AE83E619F0100F3FF4E0AD0499A5
:10D8F0002B46324604F16C00FEF738FB0199D7E560
:10D90000991A04A8FCF7FCF8059B43F00203059361
:10D910006DE698F88120012A7FF435AE13F00200FD
:10D92000D8F824203FF431AE02F1FF3C67457FF484
:10D930002CAE5B073FF582AE8246D8F82430013B1F
:10D94000BB427FF468AE19F010093FF43CAED8F842
:10D9500020309B45CBD1049BDB68D889F8F7B2FA1D
:10D9600092E6884288D88AE719F01009F3D0022A93
:10D9700015D9032ABBD0D8E903239A423CD8934552
:10D9800001D39B4511D95A1C03F100539A423AD84E
:10D990009345FFF48CAD9B453FF689AD13E6002A15
:10D9A000E9D0D8F820309B45A1D1BAF1000F3FF45F
:10D9B00063AED0E798F88120012A7FF42CAEBCE753
:10D9C000049AD268508AF8F77DFA8742009B06D9FC
:10D9D00003F01F09049BDB6883F80D905AE7049B52
:10D9E000DB68588AF8F76EFA049BC01BDF6880B2C8
:10D9F000F8F768FA78824DE79345C2D3BAF1000F81
:10DA00003FF43AAEA7E79345C5D3DCE52046FDF7E2
:10DA10002FF881460C2104F15400FDF73FFFB9F1C6
:10DA2000000F63D00C22314609F16000FDF7A2FE21
:10DA30008820FCF771F98246002800F08980C9F837
:10DA400018004846FEF720F8D8F82820236A4946EF
:10DA5000CAF8282004F11C00D8F82C200133013723
:10DA6000CAF82C200022C8E90A22DFF84C81236280
:10DA7000C9F83040FCF798FED8F80030CAF8247096
:10DA8000CAF8203001330499CAF81030022389F80B
:10DA90000C3040F20233AAF88030D9F81800FEF7B3
:10DAA000ADFAD9F81830D3F8842012F0200207D14B
:10DAB0009A779A68B2F5405F02D94FF440529A6063
:10DAC0009A8F1A63BAF83C30002B51D12B4632465C
:10DAD000049904F16C00FEF749FA4846FEF704FB8E
:10DAE00094F84030002B7FF421AEE0E4C8E90A99B5
:10DAF00094F84030002B7FF419AED8E4D8F84830C1
:10DB00000499C8F87030A069FEF778FAA369D3F8D1
:10DB10008420910608D49A6883F81E90B2F5405F7D
:10DB200002D94FF440529A609A8F1A63B8F83C3089
:10DB3000002B3FF470AD4FF481732046A8F880307D
:10DB4000FEF7C8FC94F84030002B7FF4EFADAEE454
:10DB50004846FCF7D1F8C8E90AAA94F84030002BEF
:10DB60007FF4E4ADA3E404F13400FDF731FCBEE53D
:10DB70000DF10F02484606A9FDF758FF06AA9DF8C9
:10DB80000F3012214846FEF717FCFDF705FFD8F8C5
:10DB900000301E2203F57A43CAF86C2053FA80F352
:10DBA000DAF84820C8F80030CAF8702094F84030FD
:10DBB000002B7FF4BBAD7AE4A8D50020054B1B6891
:10DBC0002BB11868B0FA80F04009404270474FF01E
:10DBD000FF307047ACD5002038B5054D2C6834B106
:10DBE00020462468FCF788F82C60002CF8D138BD5A
:10DBF000B0D50020014B1B681B681847ACD500202E
:10DC000038B5FBF795FB0D4B1C689CB10C4D2B6890
:10DC10001B689847D4E90123801A984207D32B68E0
:10DC20001B689847E36860600BB1206998472468D7
:10DC3000002CECD1BDE83840FBF782BBB0D500200A
:10DC4000ACD5002008B5FDF779FDFFF7D9FFBDE899
:10DC50000840FDF781BD00BFF8B5B0B10E46A1B1D7
:10DC6000054614201746FCF757F8044658B1084BF0
:10DC7000084A196812681860126801609047C4E980
:10DC80000367C4E901052046F8BD00242046F8BD1D
:10DC9000B0D50020ACD5002058B1064A13688342A5
:10DCA00003D01A461B688342FBD103681360FCF75C
:10DCB00023B87047B0D5002003464FF400624FF000
:10DCC000400C012100209A64A3F86CC083F86E1008
:10DCD0009A63704738B50C460546FBF729FBE20707
:10DCE00008D4A30702D5012385F85030FBF728FBA1
:10DCF000002038BD012305F1340085F84030FDF7E0
:10DD000067FBEEE72DE9F04F044687B015469846CD
:10DD10000F46DDF84090FBF70BFBA36CAB42C0F065
:10DD2000B180B9F1000F00F09180384600222946F9
:10DD3000FBF7C4FD0746002800F0A780B4F8623066
:10DD4000002B7AD018F0040847D1C346D9F8040054
:10DD500000B9606EFCF7A4FA012182460820FBF7A7
:10DD6000B7FC002800F09480C6683946B4F86230E9
:10DD70003380B9F802307380FBF76EFF0746808A64
:10DD8000F8F7A0F80023B080B371F371B9F8003050
:10DD9000012B06D1BAF1000F6AD0DAF820309B07C8
:10DDA0005AD4BA8A4FF488513846F9F7C3FF33463C
:10DDB00023F8060FB9F80020012A14D0B8F1000F9B
:10DDC00001D084F88CB094F98530002B58D1FBF742
:10DDD000B7FA284607B0BDE8F08F012394F88CB05D
:10DDE00084F88C30B2E7D9F8082094F86D0002F07E
:10DDF000F006A16EE02E0CBF94F86E6094F86C6093
:10DE0000009050460593CDE9016794F88C30049357
:10DE1000002303931123FBF725F8B8F1000F18D165
:10DE20000028D0D001462046FCF7B0FCFBF788FA6A
:10DE30004FF0FF3007B0BDE8F08F636904F1600177
:10DE40001868FCF7BFFDA4F862007BE704F15409F1
:10DE50006BE784F88CB0E3E779695046FAF79CFCED
:10DE600000289ED1BA69034642F02002BA61A1E7B8
:10DE7000D9F80800FAF76EFC824600288DD190E7A9
:10DE80000020CFE76FF00700CCE76FF00200C9E792
:10DE90003846FBF771FDB8F1000FF6D06FF00200C5
:10DEA00084F88CB0BEE700BF2DE9F0410E4686B085
:10DEB0000C21054690461C460DEB01000C9FFDF71A
:10DEC000EDFC95F98510C9B984F00203424631464C
:10DED00005F13400C3F34003009303ABFDF7FCFAF4
:10DEE00004461FB1394603A8FDF76AFB631C03D043
:10DEF000204606B0BDE8F0816FF0070128464FF0DC
:10DF0000FF34FCF743FCF3E710B5044682B00191FF
:10DF1000FBF70EFA0C22019904F15400FDF72AFCDC
:10DF2000032304F134002373FDF752FAFBF708FAD8
:10DF3000002002B010BD00BF00B583B00190FBF718
:10DF4000F7F901990448FCF753FCFBF7F9F90020B5
:10DF500003B05DF804FB00BFB074002010B5054CA1
:10DF6000216829B12046FCF743FC21680029F9D13A
:10DF700010BD00BFB07400202DE9F04383B00193C1
:10DF8000002B7FD0064600287CD00F4601A8082130
:10DF90001446FBF711FD013074D0019BDD68A888A1
:10DFA000F7F790FF019B8046596981426AD372D886
:10DFB000EB881BB1019883699B0651D5EA7801A8CB
:10DFC000AB78082143EA02236A7863802B7843EA1E
:10DFD00002237B80FBF794FD31462046FDF7C8FA0B
:10DFE00000287CD05D4B1D68002D4BD04FF0000801
:10DFF00001E02D6815B3B5F8622063889A42F8D124
:10E000002046FDF7A5FA00284AD02388012BF0D13D
:10E01000D5F890100029ECD04A68A3689A42E8D15C
:10E020000B68B342E5D1B8F1000F03D098F8403047
:10E03000002B6ED0A8462D68002DDCD1B8F1000F62
:10E0400020D098F84030EBB93A46019908F13400F5
:10E05000FDF7F0F9013015D00A98FBF78DFC17E0B9
:10E0600042464FF48851F9F765FE224607F1080150
:10E0700032F8083B012B0CBF04231023F9F772FE82
:10E0800000289BD00A98FBF777FC0198FBF774FCFB
:10E0900003B0BDE8F083411A01A8FBF731FD87E723
:10E0A00005F160094846FDF76DFA28B94846214652
:10E0B000FDF774FA00289CD005F154094846FDF795
:10E0C00061FA0028AFD148463946FDF767FA0028C3
:10E0D0008FD0B5F856207B889A42A4D089E7204695
:10E0E000FDF736FA00287FF47DAF1C4A1123214644
:10E0F00010683A46FCF7F6FB10B390F84030002B5E
:10E10000C0D13A4601993430FDF794F90130A3D1DA
:10E11000B8E719464FF0FF320198FBF719FB81462B
:10E12000002887D008F134003A464946FDF782F9C5
:10E1300001307FF47FAF4846A846FBF71DFC58E747
:10E140000198FBF719FC2388012BA1D103220A9B1C
:10E1500030461146FAF70EF99AE700BFB074002076
:10E16000002A18BF002B36D02DE9F0410E4681B3AE
:10E170000138154608282CD8DFE800F034052E2E8B
:10E1800005052B2B31006FF01707184AD3F80C80C8
:10E19000146814B91DE02468DCB1294604F1540068
:10E1A000FDF7FCF90028F6D0B4F85620B8F8023094
:10E1B0009A42F0D1B4F86220B8F800309A42EAD11D
:10E1C00004F160003146FDF7E9F90028E3D084F856
:10E1D0008570BDE8F08170476FF01107D5E76FF0EB
:10E1E0000807D2E76FF00707CFE700BFB074002041
:10E1F000844641EA000313F003036DD1403A41D352
:10E2000051F8043B40F8043B51F8043B40F8043B10
:10E2100051F8043B40F8043B51F8043B40F8043B00
:10E2200051F8043B40F8043B51F8043B40F8043BF0
:10E2300051F8043B40F8043B51F8043B40F8043BE0
:10E2400051F8043B40F8043B51F8043B40F8043BD0
:10E2500051F8043B40F8043B51F8043B40F8043BC0
:10E2600051F8043B40F8043B51F8043B40F8043BB0
:10E2700051F8043B40F8043B51F8043B40F8043BA0
:10E28000403ABDD2303211D351F8043B40F8043B40
:10E2900051F8043B40F8043B51F8043B40F8043B80
:10E2A00051F8043B40F8043B103AEDD20C3205D350
:10E2B00051F8043B40F8043B043AF9D2043208D048
:10E2C000D2071CBF11F8013B00F8013B01D30B88BA
:10E2D00003806046704700BF082A13D38B078DD098
:10E2E00010F003038AD0C3F10403D21ADB071CBF6A
:10E2F00011F8013B00F8013B80D331F8023B20F8D4
:10E30000023B7BE7043AD9D3013A11F8013B00F80C
:10E31000013BF9D20B7803704B7843708B78837094
:10E32000604670472A2849D8F8B5254F04463B78FF
:10E33000E3B9244B1B5DFF2B29D0234A02EB0412C7
:10E3400091680A6802F44050B0F5805F30D01C0636
:10E350001FD41E4C2360236AD80704D402F0D0FCDB
:10E36000236AD907FAD5194B586AF8BD174D184ECC
:10E3700001E002F0C5FCAB6C1B06FAD4B36C13F0E1
:10E380008003F6D13B700F4B1B5DFF2BD5D10020D6
:10E39000F8BD0F4C03F07F032360236ADA0704D42F
:10E3A00002F0AEFC236ADB07FAD5094B586AF8BDC8
:10E3B00022F480521C060A60EBD4CAE700207047A2
:10E3C000E8E00020482C0020DC27002000400C4022
:10E3D00000800C40082830B422D00A280CBF4FF42B
:10E3E00005714FF44671104C104D636C626C2B40FC
:10E3F0000F4802F003021A43636C03F0E003134377
:10E400000B436364436C426C2B4002F003021A43DB
:10E41000436C03F0E0031343194330BC416470477D
:10E420004FF44071DFE700BF00400C4000FCFFFFED
:10E4300000800C40A249A34B88422DE9F047A24C32
:10E440005E699A69D4F80C801BD9A04B984240F2BF
:10E450000281C31A9E491B0AA1FB031340F22761E4
:10E46000DB0903EB830303EB830303F2E2438B42F9
:10E4700028BF0B46A3F54877964BA3FB0737FF0849
:10E4800004E0954FB8428CBF0E2706278D4908F04F
:10E490001F09D1F88030B94543F0C003C1F880307E
:10E4A0000CD228F01F08A1F5F82148EA0708C1F8A6
:10E4B0000C800B68002BFCDA08F01F0916F00073C3
:10E4C00024D186490C698649A14300F0EA8082F490
:10E4D000805134464FF4805514F0605F04D026F02C
:10E4E00060561E43774B5E6111F4405F07D022F403
:10E4F000405274492A438A618B6C1A07FCD446F057
:10E500000076704A5661936C9B06FCD4754CA04211
:10E5100000F2CE804FF0010C0146634603FB01126E
:10E5200003F1010E0CF10105A24218D8BEF1080F4B
:10E530004FF0010340F08D80BCF1040F00F2918098
:10E540000A18A24200F2A48005FB00F1AC4603F1D8
:10E55000010E03FB01120CF10105A242E6D90CF1F8
:10E56000FF318C0286EA81215F4810445F4A904265
:10E570007FD9DFF8A4A16C225D48584DB0FBFEF0B6
:10E58000D5F800E0B0FBFCF0DFF890C10EEA0C0C0F
:10E59000D44509D042F400524FF4805CC5F800C065
:10E5A0002A602A68002AFCDA464A156905F0070540
:10E5B0009D4203D01361936CDD03FCD411F4E05F42
:10E5C00009D026F4E05604F4E0543E4A264356614E
:10E5D000936C9907FCD44749474A014491423CD87F
:10E5E000464BC909A3FB0131090B4B1E1B0286EAEE
:10E5F000030212F4407F06D026F4407603F4407301
:10E60000304A334353612F4A536923F000735361F7
:10E61000936C9B06FCD43A4B4F45A3FB00234FF071
:10E62000FF324FEA9343B0FBF1F1B2FBF3F3354A0B
:10E630001060354A1160354A136008D228F01F086F
:10E64000214A48EA0707D7601368002BFCDABDE8C7
:10E65000F087734662E7122718E74FF440730421EE
:10E66000C5E70CF1FF31204807238C02104486EAED
:10E670008121274ADFF8A8A0A2FB0020020D25482F
:10E68000362A38BF362202FB00F042EA0A0A74E753
:10E690004FEA8C24002386EA8C214FF0010EAC4611
:10E6A00062E71D4686F0C05411464FF0C05313E791
:10E6B00000244FF0010C024631462346E64653E75C
:10E6C00000A4781F00C00F40000008400046C3238C
:10E6D00023B24C001F85EB5100366E0100800D40C7
:10E6E00040300080FFB19F26808D5B00FF7EF64D9D
:10E6F00000643F4D7FD1F0087F17B42C9F10E500D8
:10E7000083DE1B43606800205C68002000DE002080
:10E71000819F5E16001BB7006C2000807F30018057
:10E720000020008000B970472DE9F84F0121814693
:10E73000214C224D224E54E8003F2A68306844E8BC
:10E740000013002BF7D11F494B684FF47A7BDFF899
:10E7500078A01B1A01270BFB02F8DAF80020A3FBB4
:10E7600002325A4594BF9044D84454E8003F2A6886
:10E77000306844E80073002BF7D14B68DAF800C02A
:10E780001B1A0BFB02F2A3FB0C3CBCF57A7F94BF77
:10E79000624402F57A72A2EB0802B2F57A7F06D3E0
:10E7A000B9F1010908F57A78DFD1BDE8F88F02F0F8
:10E7B000A7FA0449D9E700BFA0E000209CE00020B0
:10E7C00098E00020001000E000DE002030B40F4B85
:10E7D0004FF0010C0E4D0F4C53E8002F28682168B4
:10E7E00043E800C2002AF7D10B4B5B680B4A5B1A67
:10E7F0004FF47A71126801FB00F0A3FB023230BCC7
:10E800008A4294BF80184018704700BFA0E00020E3
:10E810009CE0002098E00020001000E000DE0020D6
:10E82000362816D80201104B03EB00109B5810B489
:10E83000C2685C68144205D061B95DF8044BC3F846
:10E8400088207047836851B1084A5DF8044B1A600C
:10E85000704770475DF8044BC3F884207047044A42
:10E860005DF8044B1A607047DC27002038F0010087
:10E870003830010036280BD8064B020103EB00109C
:10E880009A58C36892681A4214BF0120002070474A
:10E8900000207047DC270020362829D8164B0201BB
:10E8A000012903EB00109A5810B45368C4680ED0C5
:10E8B00004290CD023EA040353608368A9B1022918
:10E8C00017D003290CBF0D4A0D4A1A6007E02343F5
:10E8D00001295360836808D040F638021A60436803
:10E8E00015225DF8044B1A60704738221A60F6E76B
:10E8F0007047044A1A60F2E7DC2700203830010034
:10E900003800010038F0010030B4124A0020124BE8
:10E910000121124D124CC2F8F032C2F8F402C2F8D2
:10E92000B810C2F8A000C2F8A450C2F8B0105369E1
:10E93000DB07FCD551612378DB07F0D41368054968
:10E9400043F0010313600B68DB07FCD462B630BCF4
:10E95000704700BF00802A400504012401000F0019
:10E9600000812A4070B50E4C4FF6FF7E0D4E04F12B
:10E970007E05A6F58053002102E0B34281B204D2A5
:10E980001A88481C02337245F7D124F8021FAC42A2
:10E9900006F58056EDD1044B01221A7070BD00BF00
:10E9A00002DE002000107C60EBE0002041F2BB039F
:10E9B00098422FD8184B10B51B7804463BB3A008DB
:10E9C000164B04F00301164CA3FB0023C21A03EB01
:10E9D0005203144A5B09C3EB831E9C46A0EB0E0353
:10E9E00041EA8C01FF2034F813C01A444FEA4C0C62
:10E9F00013030CEB023CBCEB023F07D91A8802332D
:10EA0000D4B28C4208BF100A9C45F7D810BDFFF75E
:10EA1000A9FFD4E7FF207047EBE000200541100478
:10EA200004DE0020C0070600F8B50F46164672B691
:10EA3000344B40F20641344A9A610222DA610022E4
:10EA4000C3F8A020C3F8F012C3F8F422C3F8F822E8
:10EA5000C3F8FC224FF47022C3F8A4200122C3F8AB
:10EA6000B02020F01F038219BFF34F8F4FF0E02436
:10EA7000C4F85C3F20339A42FAD8BFF34F8FBFF3FC
:10EA80006F8F204D6B69DA07FCD501231F49B2B2A5
:10EA900020F07F406B6142F47022C5F8F01242F220
:10EAA0000121184CC5F8F412C5F8BC30C5F8A00017
:10EAB000C5F8A420C5F8B030154D01E05B0609D4B7
:10EAC000636913F00100F9D041236361BDE8F840A8
:10EAD000FFF71ABF082E0AD836B1324639463744F6
:10EAE00006462846FFF784FB40236361E8E7A6F16A
:10EAF0000800082639463246374406462846FFF7BE
:10EB000077FBF1E700802A40F05AF05A32041808E7
:10EB100080812A4010B472B6284B0221284C002272
:10EB20009C614FF47024D96140F20641C3F8F012A1
:10EB30000121C3F8F422C3F8F822C3F8FC22C3F879
:10EB4000A020A2F58052C3F8A4400240C3F8B01040
:10EB5000BFF34F8F02F5805102F120034FF0E02CFC
:10EB6000994234BF0121802102EB41118B42CCF844
:10EB70005C2F1A4603F12003F8D1BFF34F8FBFF388
:10EB80006F8F0E4A5369D907FCD501240D490E4BEE
:10EB900054610340C2F8F0124FF470200749C2F8E4
:10EBA000A030C2F8A400C2F8B0404B69DB07FCD526
:10EBB00001235DF8044B4B61FFF7A6BE00802A409D
:10EBC000F05AF05A2004180800F0FF0041F2BB038D
:10EBD000984200F28980464B2DE9F0471B78C2B07D
:10EBE00005468946002B7CD0AB08424E05F0030554
:10EBF000414FA6FB03269A1B06EB5206760945EA0F
:10EC00008605C6EB86169E1B3C4B37F816403344F0
:10EC100060004FEA033800EB0330B0EB033F64D9E8
:10EC200043464FF0FF0C1A880233D1B2A94208BF05
:10EC30004FEA122C9842F6D8E14541D0B4F5006F66
:10EC400041D302AC4FF48072FF21204603F0B4FEA2
:10EC500008F5805008F102034246984234BF012073
:10EC60004FF4006008EB4000134602321B888242DA
:10EC7000D9B24FEA13236354F6D104F805900DF18D
:10EC800007090DF2071A00254C464046FFF742FFE0
:10EC900014F801CF08EB450002220DF10601631EB6
:10ECA000BCF1FF0FA3EB090306D043EA0C230135A7
:10ECB000ADF80630FFF7B8FEA245E9D127F81650A7
:10ECC00042B0BDE8F08745EA092502A902220134D5
:10ECD000ADF80850FFF7A8FE27F8164042B0BDE88F
:10ECE000F087FFF73FFE7FE770474FF0FF0CA3E789
:10ECF000EBE000200541100404DE0020C007060000
:10ED000062B170B505460C468E182046013415F8E0
:10ED1000011BFFF75BFFB442F7D170BD704700BF26
:10ED2000704700BF362858D80001F0B4344C354D38
:10ED30002358AB4256D049D8B3F1844F4BD0A5F5F8
:10ED40008045AB4240D1304D2044304E304CC4F869
:10ED5000B462D0E901C4C0684FF0E0264FF000571C
:10ED6000042AC6F810712FD85E6926EA00065E6193
:10ED70004FF00506CCF80060266846F48036266021
:10ED80005C6824EA00045C60224C54F8224090FA4B
:10ED9000A0F2B2FA82F245F822106FEA00011DD00B
:10EDA000DD690F2A01EA0501D9611DDC5200032546
:10EDB000D968944005FA02F221EA02022243DA609D
:10EDC00098615A6902435A61F0BC7047124DAB42D8
:10EDD000FAD1124DB8E7124DB6E77047DA6902432F
:10EDE000DA61EDE70F4DAFE7103A032519695200DC
:10EDF000944005FA02F221EA020222431A61DFE797
:10EE0000DC2700200080004278750020C10000004F
:10EE100000780020641E002000C0004278760020A8
:10EE2000F8740020F87500204FF0010C0CFA01FC7A
:10EE300001EB410100EB411170B5B1F80EE01FFA92
:10EE40008CF5254C1FFA8EFE24782E010EFB033321
:10EE500006F0F006E340B0F888417345A4B228BF3D
:10EE600073463443012AA0F888410DD0022A28D0E5
:10EE7000C2B10CF00F02B0F888C11FFA8CFC4CEA4A
:10EE8000020CA0F888C170BD9BB20CF00F022D02DD
:10EE9000CB82B0F8803105F470659BB22B43A0F8AB
:10EEA0008031E8E7AEEB030E0CF00F021FFA8EFE86
:10EEB000A1F80AE0B0F880319BB21343A0F880318A
:10EEC000D9E79BB20CF00F02CB83B0F880319BB234
:10EED0001E43A0F88061CEE79C77002001EB410340
:10EEE000F6EE006A00EB4313B3F80EC0314B1FFA85
:10EEF0008CFC93ED007AB8EE477A70B5C7EE007AD5
:10EF00004FF0010E4E000EFA01FE1FFA8EF577EE5D
:10EF1000A67AFCEEE77A17EE903AB3F5803F46D337
:10EF200000224FF6FF745B080132A34201D9062A82
:10EF3000F9D9120142F4806292B2022B4FF6FF74AB
:10EF40004FEA0515314438BF02230EF00F0EEDB223
:10EF5000A34200EB411128BF2346B0F88841A4B278
:10EF60002C43A0F88841CA805A1E92B2CA814A89AD
:10EF700092B203FB02F2B2FBFCF292B24A81CA8A5D
:10EF800092B203FB02F2B2FBFCF292B2CA82CA8BCB
:10EF900092B202FB03F3B3FBFCF39BB2CB83B0F85A
:10EFA00088319BB243EA0E03A0F8883170BD4FF45C
:10EFB0008062C2E75C680020214BF6EE006A4FF6E3
:10EFC000FE7C93ED007AB8EE477AC7EE007A77EED2
:10EFD000A67AFCEEE77A17EE903A63452CD9002228
:10EFE0005B080132634501D9062AF9D9083242F299
:10EFF000260C4CEA422C1FFA8CFC022B00EB411130
:10F000004FF6FE7038BF02230A8A834292B228BFAD
:10F010000346C88880B2C0F10110104403FB02F21D
:10F02000B2FBF0F29B1A92B2C3F101039BB2CB8008
:10F030000A82A1F80CC0704743F2260CDDE700BF3E
:10F040005C68002036284BD8F8B52A4D044615F8E0
:10F05000202005EB8005012A2DD0022A3FD16B78B4
:10F06000C3F3011003283ED0234A02EB803203F0A1
:10F07000030C224889B2634602EB4C1C0678BCF8AC
:10F0800006E05801BCF810301FFA8EFECEF1011ECA
:10F090001EFA83F303F1FF3E0EFB01F1F1408E45B2
:10F0A00023D95B1AC3F101039BB289B20244ACF8C5
:10F0B000063011820DE06A78C2F30113032B10D0E1
:10F0C0000F4800EB83308BB202F00301AA78FFF700
:10F0D000ABFE0C4BEA7803EB04135B681A60F8BDD7
:10F0E00070470948EFE7094AC1E7991E4FF6FF73D9
:10F0F000DBE700BF742C002000C01D409C7700207F
:10F1000000C03D40DC27002000803E4000801E40C3
:10F11000362808D8154B13F8202003EB8003012A6A
:10F1200002D0022A0DD070475978C1F30112032A88
:10F1300013D00F4801F0030100EB82309A78FFF7FB
:10F14000CDBE5978C1F30113032B0CD0094800EB55
:10F15000833001F00301FFF72FBF074801F00301DF
:10F160009A78FFF7BBBE0548F3E700BF742C002078
:10F1700000C03D4000C01D4000803E4000801E4059
:10F1800000230F2248F2B82C194610B54FF47044F2
:10F190004FF4806EA0F88C414FF46044A0F88E21AB
:10F1A0000A46A0F89031B0F888319BB243F0F003E2
:10F1B000A0F8883101EB4103013100EB431304292E
:10F1C0009C80A3F806E05A841A865A805A81A3F8D4
:10F1D0000EC05A82DA825A83DA83EBD1B0F88831D2
:10F1E0009BB243F00F03A0F88831B0F888319BB28E
:10F1F00043F47063A0F8883110BD00BF374B384A24
:10F20000996F384841F47F0170B5996741F2010662
:10F21000D3F8801045F6C05543F226040A43C3F8DC
:10F220008020FFF7ADFF00F58040FFF7A9FF00F554
:10F230008040FFF7A5FF00F58040FFF7A1FF002207
:10F24000A0F503104FF00F0E114600EB42134FEAEA
:10F25000421C01329981042A5981A3F80EE09E8252
:10F26000DD8020F80C1019829C81EED100221E480E
:10F270004FF00F0E41F20106114645F6C05543F21C
:10F28000260400EB42134FEA421C01329981042A02
:10F290005981A3F80EE09E82DD8020F80C101982BF
:10F2A0009C81EED1002211480F2641F20105114642
:10F2B00045F6C05443F2260E00EB42134FEA421CBF
:10F2C00001329981042A5981DE819D82DC8020F8F7
:10F2D0000C101982A3F80CE0EED170BD00C00F40F5
:10F2E000000003FC00C03D4000001E4000401E40E6
:10F2F00010280346044A28BF10231078012B38BF7A
:10F3000001231370704700BF9C77002072B6EFF3A3
:10F310000583524CC4F884301EF0040F0CBFEFF389
:10F320000882EFF309824FF0E0234D4E4D4DD3F8A4
:10F33000280DD3F82C1DC4E92201D3F8341DD3F8CD
:10F34000383DC4E924139369C4F89830D369C4F8EC
:10F350009C3000F0D1F884ED280A01F06FFD0B21FC
:10F360004FF0FF32C4F8A4000B46C4F880103E49A9
:10F37000301D5A40202402F00103013C01FB03F33D
:10F3800083EA5202F7D1A84202D073680646EFE73B
:10F39000324BC3F8A820BFF34F8F4FF0E023304922
:10F3A000324AC3F8701FC3F8702FBFF34F8FBFF3FB
:10F3B0006F8F2F4A02252F48D36E2F4943F44053B5
:10F3C000D3660560D3692D4823F07F0343F04003E3
:10F3D000D3610B6883423DD8264D00214FF0E023D6
:10F3E0004FF0FF3229600126C5F808112449C5F8FD
:10F3F0000011C5F80861C3F88021C3F88421C3F85F
:10F400008821C3F88C21C3F8902101E000F066F94F
:10F41000D5F80C31002BF9D00134C5F80C614F2C14
:10F42000F4D9184B022018494FF00042C1F84001AE
:10F430005A63D5F80C313BB9144815490D4A01639C
:10F44000D2F80C31002BFAD04FF0E023114AC3F868
:10F450000C2DFEE7FEF7EEFFBEE700BF00FF272002
:10F4600080FF2720A8FF27202083B8EDA0FF2720BA
:10F4700000C00F400040084060680020803DCD0B78
:10F48000009F240000900D4000002E4000800F409F
:10F49000F100AD0B0400FA050A490A6838B108B555
:10F4A00013180948834204D810460B6008BD104663
:10F4B000704703F0EBFD0C234FF0FF320360104662
:10F4C00008BD00BFE46C0020000028200020704729
:10F4D0004FF0FF30704700BF4FF4005300204B60E7
:10F4E000704700BF012070474FF0FF30704700BFEA
:10F4F00030BFFDE7FFF70ABF124AD2F880305B0742
:10F50000FBD5D2F880301048C3F30B230F4990EDA0
:10F51000007A07EE903A91ED006AB8EE477A0C4A0D
:10F52000F8EEE77A0B4BD2ED006A77EEC77A93EDEF
:10F53000007AB8EE477A67EE867A87EEA60A37EE4B
:10F54000400A704700810D40F0DD0020F8DD00200A
:10F55000FCDD0020F4DD0020836BF0B41BB15368A8
:10F5600043F40043536072B6446B3CB31A4B2260C1
:10F57000D3F8B0410C421DD1184E776804E074688E
:10F58000E41BB4F5166F0BD2D3F8404144F4804429
:10F59000C3F84041D3F8B851D3F840416404EED5E4
:10F5A0000D4007D10C4CC0E90225D4F8B0310B4313
:10F5B000C4F8B031426362B6F0BC7047064DC0E992
:10F5C0000224D5F8B0310B43C5F8B0310263426371
:10F5D00062B6F0BC704700BF00002E40001000E093
:10F5E00070B5056B9DB106462A46002403E01268FB
:10F5F0000134012A0CD0536813F08003F7D0326332
:10F600002CB12846B36B2D689847013CF9D170BDE9
:10F61000C6E90C33F4E700BF30B4D9B91F4C204B16
:10F620000021204A01254FF0011099601D60C4E9B6
:10F63000023180245C60C2F8BC01D2F8B0311A48B3
:10F640002B43C2F8B0310160D2F8B031002BFBD1AE
:10F6500030BC70470904154B104C012541F0800166
:10F660009860104A596000F580511D60D96000F51E
:10F670000051A364196100F5405100F580405961C3
:10F6800000219861E164D2F8B03143F48033C2F8CC
:10F69000B031D2F8B031002BFBD1C0E70000002020
:10F6A00040A1002000002E406CD8002060A1002066
:10F6B000084901220B7802FA00F023EA00000870E2
:10F6C00030B9054AD2F8483123F08003C2F84831F6
:10F6D000704700BFEEE0002000002E402DE9F04F03
:10F6E000974C83B0D4F84471FB07C4F8447153D5E8
:10F6F000D4F8AC21002A4AD0924EDFF860A2DFF89D
:10F700007492DFF874B2DFF87482C4F8AC21D6E9E1
:10F710000A20D4F8403143F40053C4F84031D4F8FF
:10F7200040319D04F5D5D4F8403123F40053C4F89A
:10F7300040314FF00113C4F8B431D4F8B45115F08E
:10F740000115FAD193B28446CAF80050B3F5086F98
:10F7500000F0CF8100F2DB8040F202318B4200F0FA
:10F76000E78100F29A80822B00F0CB81B3F5817F94
:10F7700040F08A8010F0780F83B200F003824FF0DF
:10F780000113C4F8C031D4F8AC21002ABDD16C4AB1
:10F79000D2F8BC31002B42D17E0616D5684BD3F887
:10F7A000AC21C3F8AC21D3F8BC21C3F8BC21D3F8F9
:10F7B000B041002CFBD14FF0FF32C3F8B421D3F895
:10F7C000843100F01DFD604B1C60FC0103D55F4BD4
:10F7D0001B6803B19847B80103D55D4B1B6803B1A3
:10F7E0009847790708D5564BD3F8843113F4007342
:10F7F00047D0584B01221A70514BD3F848311A06A2
:10F800000AD53B0608D5544A13782BB1013BDBB22D
:10F810001370002B00F0728203B0BDE8F08F4F49E7
:10F82000C2F8BC310868034240F0D181464A1468EE
:10F830001C40B1D05FEA144810D0424E4FF001098D
:10F8400098FAA8F5B5FA85F506EBC51009FA05F59D
:10F850004030FFF7C5FE38EA0508F1D1A4B2002C0C
:10F860009AD0384E4FF0010894FAA4F5B5FA85F510
:10F8700006EBC51008FA05F5FFF7B2FEAC43F3D16D
:10F880008AE7344A1370B7E7802B7FF478AF3448A7
:10F8900002210580FFF7C0FE75E7B3F5A06F00F009
:10F8A0000B81A3F5D063012B3FF669AF2D4B5D684B
:10F8B000002D3FF464AF1FFA8CFC4FEA124E04E0B7
:10F8C0001D690C33002D3FF45AAF1A887245F7D1E9
:10F8D0005A886245F4D14FEA1E22032A00F0A5811E
:10F8E0001A89000C824228BF0246BEF5007F40F014
:10F8F000A181184B1C4918781C4B0192002818BF95
:10F9000019461B48FEF774FC194D019AE1E142F2D9
:10F9100021218B427CD033D942F221318B4200F03D
:10F9200081804FF6C0018B427FF429AF10F47F4FE6
:10F9300083B27FF424AF43F46E4363F30F0CB5E757
:10F9400000002E400000002070D80020B4E000200D
:10F95000B8E00020F4E00020F5E000206CD80020A2
:10F96000B8DD0020706600209CED026000EE0260B1
:10F970002000202064D800205DCFC6B8C0012E40F2
:10F98000B3F5106F66D042F221018B427FF4F7AEDF
:10F99000030C072B7FF4F3AEB24BB349F560D9608B
:10F9A000B249B360C3F80890C1E9002001221A608F
:10F9B000AF4A5A60AF4A1A61D4F8B01141F0010160
:10F9C000C4F8B01102F5805102F5005259619A61F4
:10F9D000D4F8B031002BFBD1A74AF3649360012324
:10F9E000B264136048F2800353604FF00113C4F80F
:10F9F000BC31D4F8B03143F48033C4F8B0314FF4A3
:10FA00008033CAF80030D4F8B031002BFBD1BAE60D
:10FA100080B238B9994BC2F307421968984B196004
:10FA2000984B1A70944B00229A60F2640122B364DE
:10FA30001A6080225A604FF00113C4F8BC31D4F828
:10FA4000B03143F48033C4F8B031D4F8B031002B76
:10FA5000FBD198E6C2F307428B4B1A708B4BC4F86C
:10FA6000C8318B4BC4F8CC318A4BC4F8D03100F08C
:10FA7000C9FB80222946884802F09EFF874B8022DE
:10FA8000C6F8A0B0C6F8E0307B4BF5645A6001229E
:10FA9000B3649D601A604FF00113C4F8BC31D4F810
:10FAA000B03143F48033C4F8B031CAF80050D4F810
:10FAB000B031002BFBD166E66F4B0121F564196074
:10FAC00080219D60B36459604FF00113C4F8BC31CC
:10FAD000D4F8B03143F48033C4F8B031D4F8B03145
:10FAE000002BFBD1130C5B0643F08073C4F8543138
:10FAF00049E6654B01216A481B780370FFF78CFDCE
:10FB000041E683B210F078007FF439AE03F07F0253
:10FB100058F82210624A1080180600F19E80CB0728
:10FB200001D50123137002215D48FFF775FD2AE618
:10FB300010F0780F83B27FF422AE03F07F0213F04F
:10FB4000800F58F8223014BF43F4803343F0010390
:10FB500048F822300022484BF2649A600122B364D4
:10FB60001A6080225A604FF00113C4F8BC31D4F8F7
:10FB7000B03143F48033C4F8B031D4F8B031002B45
:10FB8000FBD100E603F07F0213F0800F58F822301B
:10FB900014BF23F4803323F0010348F822300022FD
:10FBA000354BF2649A600122B3641A6080225A6075
:10FBB0004FF00113C4F8BC31D4F8B03143F48033B2
:10FBC000C4F8B031D4F8B031002BFBD1DBE5002014
:10FBD000086026490C88486842F221018C427FF473
:10FBE00025AE80B200287FF421AE2E492E4C03C9E9
:10FBF000A18086284FEA11412060A1717FF416AEE2
:10FC000072B62A48017841F008010170D2F8481113
:10FC10000D0605D480200143C2F84401C2F8481102
:10FC200062B6234A5021117000E6000C2A78824205
:10FC300028BF0246BEF5E06F44D11E4B1E4D18781A
:10FC40001E491F4B0192002818BF19462846FEF78F
:10FC5000CFFA07236B70019A3BE0C9033FF561AF10
:10FC600061E700BF60A1002064E8002000A300203D
:10FC70008000070064F8002040A100209CE00020E4
:10FC8000B0E00020F2E00020F3E000200200CC0011
:10FC9000C80002000200C800800000201993D5743B
:10FCA000B8DD002064D80020A8E00020EEE00020AD
:10FCB000F5E00020F4E000202000202000EE0260AB
:10FCC0009CED02602946104D01922846FEF790FAFD
:10FCD000019A25F01F031544BFF34F8F4FF0E02129
:10FCE000C1F8703F20339D42FAD8BFF34F8FBFF366
:10FCF0006F8F05481146FFF78FFC44E50320FFF79F
:10FD0000D7FC0AF0C5FB00BF200020202DE9F047FA
:10FD10001F46831E022B01D9BDE8F087DFF84C9007
:10FD200015460C463C2209EBC01806464FEAC01A9D
:10FD3000002108F10400240402F03EFEB5FA85F229
:10FD40000123520944EA427449F80A40C8F838705D
:10FD5000C8F80830002FDFD0034AB34011680B43C6
:10FD60001360BDE8F08700BF70D8002000000020BD
:10FD70002DE9F0470D46811E022901D9BDE8F08723
:10FD8000C701DFF84C909246044640373C220021E0
:10FD90001E4609EB07082D0408F1040002F00CFED2
:10FDA000BAFA8AF2520945EA427249F8072001225A
:10FDB000C8F83860C8F80820002EDFD0034B103494
:10FDC0001968A2400A431A60BDE8F08770D8002085
:10FDD0000000002012048160C36101F5405342F02D
:10FDE000800210B40124426001F50052046001F564
:10FDF000805401F58041C46081615DF8044BC0E925
:10FE000004237047831E0A46022B00D97047064B15
:10FE100000F110014FF0010C03EBC0100CFA01F1DE
:10FE20004030FFF799BB00BF00000020831E0A4648
:10FE3000022B00D970470121024B814003EBC01017
:10FE4000FFF78ABB0000002040687047124A134B3E
:10FE5000D2F8200220F07F40984210B584B002D240
:10FE600000EB800040000E4C01A90A2200F0B4FF14
:10FE700001A90023204611F8012B01333AB10A2BC6
:10FE800020F8022FF7D11623237004B010BD5B00B9
:10FE9000DBB2237004B010BD00441F408096980070
:10FEA00078770020F8B5144C4FF0E025134E4FF44E
:10FEB000003204EB4024124F06EB40160346C5F80F
:10FEC0008C2121463A883046FFF784FF3B88234443
:10FED000BFF34F8FC5F85C4F2034A342FAD8BFF36D
:10FEE0004F8FBFF36F8F03203146FFF79FFF4FF413
:10FEF0000033C5F80C31F8BDA000202080A10020FF
:10FF0000C2E00020244B2DE9F0411C884368C569FC
:10FF1000C3F30E43E41A002C24DD204920480A785C
:10FF20000078D3B21F4E82421F4807D010F80380DA
:10FF300036F81870C7F50072944218D901330022C0
:10FF400026F81540082B194E88BF134626F81520B1
:10FF500098BFDAB2C554164B0A701A6814441C6074
:10FF6000BDE8F0812846BDE8F041FFF79BBF07EBF5
:10FF70004820104922462744084401EB4521FEF75A
:10FF800037F90B4A284626F8187013682344BDE851
:10FF9000F0411360FFF786BFC2E00020ECE00020D4
:10FFA000EDE00020C4DD0020E4DD0020D4DD0020F1
:10FFB000C0DD0020A00020201D4B1A78002A36D179
:10FFC00002F0FF031B4A12788AB32DE9F0411A4D63
:10FFD0002A8852B3194EC2F50068194F3278194C6D
:10FFE00007EB421704EBC224424638462146FFF78E
:10FFF000F1FE04EB0802BFF34F8F4FF0E023C3F88C
:02000004600496
:10000000704F2034A242FAD8BFF34F8FBFF36F8FE7
:1000100004203946FFF7F6FE33780133DBB2032BB9
:1000200088BF0023337000232B80BDE8F081704728
:10003000F1E00020F3E00020C4E00020F0E0002028
:1000400080A20020A01020202DE9F04F85B0CDE93E
:100050000110002900F0BF800023604CDFF8988178
:10006000DFF898A15E4F009301235E4A23705E4B38
:100070001978B8F8003002EB4119002B40F0A78046
:100080001E461D469B464846FFF7DEFE10F08000E8
:1000900000F08C80BFF34F8F9AF8003084F800B0E6
:1000A00005B93E68002B7DD13B689B1B782B00F285
:1000B00087804E4B1B78002B74D000F021FE01226C
:1000C000B8F8003015462270002BDCD0464AC3F544
:1000D000006011781A4600EBC120454DC902284442
:1000E000019D954217D20393DDE901512A46FEF79F
:1000F0007FF8039B4FF040425B1BA8F800303D4B5C
:10010000C3F88420BFF34F8F009800232844237046
:1001100005B0BDE8F08F364BCD180299FEF768F8B0
:1001200000234FF4006229464846FFF753FEBFF311
:100130004F8F05F1200205F50063934234BF012380
:1001400040234FF0E02205EB4313C2F8705F2035E7
:10015000AB42FAD1BFF34F8FBFF36F8F04204946F4
:10016000FFF750FE204A13780133DBB2032B84BF24
:1001700000231D4A1370B8F80030019AD11A009A72
:100180001A4401910092029A1A4400230292194AD9
:10019000A8F80030C2F88430BFF34F8F23700029D5
:1001A0007FF462AF009805B0BDE8F08F4FF40062B5
:1001B0000D4B8AF8000019781346A8F800208AE74A
:1001C000012300988AF8003005B0BDE8F08F1A4688
:1001D000C3F500607FE70198E5E700BFF1E000208C
:1001E0009CE0002080A20020F0E00020F3E000204E
:1001F000A010202000002E40C4E00020EFE00020EE
:10020000704700BF2D4B002180222D4870B51B7810
:1002100000242C4D8B422C4E0CBF40234FF4007316
:100220002B80338002F0C8FB284A2146284B1470EB
:100230004FF4807227481C8002F0BEFB264A102132
:10024000264B0220C2E90044C2E90244244AC3E921
:1002500000441470234AC3E90244234B1C70234614
:1002600014602246FFF784FD2246318803201F4B8D
:10027000FFF74CFD2346012229880420FFF778FD73
:1002800020460134FFF70EFE082CF9D1184B00214F
:100290004A221848184C0460C3F88410C3F8802020
:1002A000D3F84821154942F08072C3F8482121B1A2
:1002B000134A137843F00103137070BDF4E000207B
:1002C00080A20020C6E00020C2E00020F0E0002074
:1002D000C4E0002080A10020C4DD0020D4DD002087
:1002E000ECE00020C0DD0020EDE0002095100100D2
:1002F00000002E40B4E00020491101000000000081
:10030000F6E000202DE9F04F4FF0E0234FF40032EB
:10031000DFF8C8A083B0C3F88C218B469AF8004060
:1003200000294FD08046E4B20027DFF8B490264B76
:10033000ABEB070225491B78A34204F101043FD02F
:10034000092C234B404628BF00241E5D39F816C0F7
:100350000CEB462319441F4B33F81650A5EB0C0544
:10036000AA421CD20CEB462C18491B4C614401924A
:10037000FDF73EFF216839F816505846019AA1EB67
:100380000B012A44394429F8162021604FF0E0235C
:100390004FF40032C3F80C2103B0BDE8F08F2A46B9
:1003A0002F44FDF725FF0C49E3B230460A68A84404
:1003B000521B0A608AF80030FFF774FDBB45B6D8BF
:1003C0003846E3E70846E1E7ECE00020A000202003
:1003D000E4DD0020C4DD0020C0DD0020EDE00020D1
:1003E000D4DD00200B4B0C4A12781978D3B28A4224
:1003F0000DD0013309480A4A092B0A4928BF0023B6
:10040000C35C31F8131002EB4323585C70474FF084
:10041000FF307047ECE00020EDE00020E4DD00203C
:10042000A0002020D4DD0020044B10B51C680CB1C6
:10043000204610BD00F064FC204610BDC0DD002049
:100440002DE9F84F144E154D33782A78934221D078
:10045000DCB2DFF85090DFF850B0DFF85080104F7A
:100460000134082C5FFA84FA01D90024A24619F855
:100470000400DBF8003038F8102037F81010521A5A
:100480009B1ACBF80030FFF70DFD86F800A02B7803
:10049000A342E5D1BDE8F88FEDE00020ECE00020BC
:1004A000D4DD0020E4DD0020C0DD0020C4DD00201C
:1004B00000B583B001210DF10700FFF723FF20B144
:1004C0009DF8070003B05DF804FB4FF0FF30F9E73B
:1004D000094B00B583B01B788DF807003BB10121B3
:1004E0000DF10700FFF7B0FD03B05DF804FB03F06A
:1004F000FF0003B05DF804FBF3E00020044B1B7821
:1005000003F0FF020BB1FFF79FBD1046704700BF1D
:10051000F3E000202DE9F0410024DFF844800123BE
:100520000D4D27460D4E88F800303378284620358B
:10053000A34204F1010405D0FFF786FC030658BF6F
:1005400007F50067042CF0D1BFF34F8F0023384626
:1005500088F80030BDE8F08180A20020F0E00020A3
:10056000F1E000202DE9F8431D4B1B7813B11D4D20
:100570002A880AB9BDE8F8831B4EC2F500691B49F9
:1005800033784A461A4C01EB43181A4F04EBC32444
:10059000012340463B7021460023FFF71BFC04EB80
:1005A0000902BFF34F8F4FF0E023C3F8704F2034A0
:1005B000A242FAD8BFF34F8FBFF36F8F042041469A
:1005C000FFF720FC33780133DBB2032B88BF002315
:1005D000337000232B80BFF34F8F3B70BDE8F8834F
:1005E000F3E00020C4E00020F0E0002080A2002022
:1005F000A0102020F1E0002070B5EFF3108272B659
:100600000C4C206880B10C4E00254369236073B107
:100610009D6102B962B6836845779847EFF310820F
:1006200072B620680028F0D102B962B670BD33609E
:10063000EFE700BF3CD2002038D20020FFF7DCBF3C
:100640000449054A4968054B196013680133136072
:10065000704700BF001000E09CE0002098E0002000
:10066000704700BF704700BF704700BF704700BFB2
:1006700070B51A4C1A4D2368AB4202D0194AD168A2
:1006800029BBA369AB4202D0164AD169C9B9236B11
:10069000AB4202D0134AD16A69B9A36CAB4209D00C
:1006A000104AD16B31B101211B680F48D163BDE8FD
:1006B0007040184770BD01211B680C48D1629847F3
:1006C000EBE701211B680A48D1619847DFE7012168
:1006D0001B6804F10800D1609847D2E7E0A0002031
:1006E0002C2400200041084030A1002018A1002047
:1006F00000A1002038B5064CA4F1600554F8083C70
:100700002046183CDB689847AC42F7D138BD00BFA3
:1007100030A1002003682DE9F041044688B0174657
:10072000002B4BD000229A600122DA60304D04A8E1
:10073000DFF8E0801D4451F8083B2D1102935B68FF
:1007400005EB45069847F60006F1080058F8063014
:100750004044DB6801909847264A04A9DDE901037B
:10076000029248F806309B689847029B04A8DB6811
:1007700098472368032220481F609A601F4A237904
:100780001F4C535513785178C0F828428B4228BF2C
:100790000B469178D2788B4228BF0B46934228BFF4
:1007A0001346184C4FF0E0224FF08061012084F88E
:1007B0007A30C2F80C1108B0BDE8F081124AD36E4D
:1007C00043F44053D3660122104B1A60104A13467B
:1007D0000260403298680028A8D01033934223600A
:1007E000F8D100231846236008B0BDE8F08100BFAF
:1007F00000BFF7BF2C24002000780020D46C00201C
:100800000118010000E400E000C00F400040084073
:1008100000410840E0A00020F8B5036843B3154C40
:100820000746154E1C44241104EB4405ED00735992
:1008300005F10800DB6830449847104B0021012285
:1008400073513B689960DA60FF230D4A13551378A2
:1008500050789478834228BF0346D078094AA3424F
:1008600028BF2346834228BF034682F87A30396086
:10087000F8BD00BF00BFF7BFE0A000202C2400207F
:10088000D46C002000E400E010B4064B0020064CBD
:10089000064A1C609C611C639C6405495DF8044B1E
:1008A00000F07ABEE0A000202C240020E86C00209C
:1008B00085180100F8B504460D46C71D00230846FB
:1008C0000A2214F8041F0C4E00F0BEF82B682E20EC
:1008D0001B68B3420CD1FFF7FBFD14F8011F002386
:1008E0000A22284600F0B0F8BC42EFD10420F8BD3F
:1008F0002E2128469847F0E75572000008B5F3F717
:10090000B3FEF4F771F800F0FBF9FAE701F026B84E
:10091000012A70B508BF0A228AB091B34FF0210EA8
:1009200001E05FFA86FE0EF1FF36B1FBF2F502FB45
:1009300015145FFA84FC092C0CF137040CF1300C0F
:1009400098BF5FFA8CF40EF1280C88BFE4B2914294
:10095000EC4429460CF8244CE3D24BB10EF1FF3E97
:100960002D225FFA8EFE0EF128036B4403F8242C2F
:10097000036801A9CEF122025B68714498470AB06E
:1009800070BD30224FF0210E8DF82520E5E700BF25
:100990002DE9F0418C688AB0DCB100258846064616
:1009A0002F462B46212201A9404600F08DF9202C2C
:1009B0002246336828BF202201A930465B68A41A6A
:1009C000154498470744002CEBD138460AB0BDE8DF
:1009D000F081274638460AB0BDE8F081002903DBE4
:1009E00000230A22FFF794BF49422D230A22FFF772
:1009F0008FBF00BF00B5036883B040F60D2C022204
:100A000001A95B68ADF804C0984703B05DF804FB2A
:100A1000054B022888BF034610B41C68184663685B
:100A20005DF8044B184700BFFC6800200EB400B509
:100A300082B003AA52F8041B019201F0D1FE02B069
:100A40005DF804EB03B070475AB90368C9B2074AAE
:100A50001B68934200B506D108465DF804EBFFF72A
:100A600037BDFFF755BF5DF804EB1847557200001E
:100A7000FFF7E6BCFFF7B6BCFFF774BDFFF74ABD52
:100A800008461146FFF73ABD884200DB704730B494
:100A9000124C091A2368EBB1114A124D82FB032C48
:100AA000DA179C44C2EB2C4244F2A71C05FB12331C
:100AB0000D4D05FB02F20CFB0322002A0CDA6FF04D
:100AC000004313442360B3FBF1F201FB123330BC4B
:100AD00018447047054BF5E71346F3E708D20020AA
:100AE0005F0B4E831DF30100ECF4FFFF42CE0C1FA1
:100AF000F8B500260446C0E90066866029B10846BC
:100B00000D4602F0D5FC074608B92046F8BD013075
:100B100000F024FF0028F8D0294606702060C4E9C0
:100B2000017702F053FC2046F8BD00BF10B5044623
:100B3000006800F01BFF204610BD00BFF8B504465A
:100B4000154632B9036803B11A7000232046A3602A
:100B5000F8BD43680E469A421CD9511C006801F04A
:100B6000E9F9074660B1A368C4E900050BB9037051
:100B7000276831463846A56002F028FC2046F8BDBB
:100B8000206810B100F0F2FE276000232046C4E97F
:100B90000133F8BD07683146A560384602F016FCFF
:100BA000ECE700BF10B5002382B004460A220846D5
:100BB00001A9A360C4E9003301F002FC01A802F01E
:100BC00077FC01A902462046FFF7B8FF204602B095
:100BD00010BD00BF10B500238AB00446084601A925
:100BE000A360C4E9003300F0A3FE01A802F060FC9A
:100BF00001A902462046FFF7A1FF20460AB010BD1A
:100C000038B505460C4649B1084602F051FC21466C
:100C100002462846FFF792FF284638BD2846A960BD
:100C200038BD00BF2DE9F843044600680D4616465E
:100C30008842A36809D8C218914206D20F1A4FF011
:100C4000010936B92046BDE8F8834FF00009002EAF
:100C5000F8D003EB0608626890450CD908F1010151
:100C600001F068F90028EDD0A368C4E9000813B9C1
:100C700003702068A368B9F1000F08D12946184411
:100C800002F0A4FB2046C4F80880BDE8F883324691
:100C9000C1191844FDF7ACFA2368002203F80820B4
:100CA000F0E700BF8A680968FFF7BCBF38B50546A2
:100CB00041B10C46084602F0FBFB0246214628469D
:100CC000FFF7B0FF284638BDC2B170B5B1FA81F662
:100CD0000C46760919B185689D4201D80E7070BD29
:100CE000ED1A02F1FF3C016820466545194428BF12
:100CF00065462A4601F018FF665570BD704700BF73
:100D00002DE9F8432D4B1E7866B12D4F3B784BB93A
:100D10000123F1073B7043D4B20726D400233B7074
:100D2000730701D4BDE8F883264B1A68002AF9D06E
:100D3000EFF30582002AF5D1EFF3108572B618683B
:100D4000002834D0204C2178002930D10122227093
:100D500042691A60002A2ED0916105B962B6002559
:100D60008368457798472570DCE7DFF8648098F85A
:100D70000030002BD2D00025DFF858902B4659F8D0
:100D800023400135236820461B69984710B16369E9
:100D90009B68984798F80020EBB29A42EFD8BDE7DD
:100DA000FFF742FB0028B7D0AFF30080B4E7002D77
:100DB000B8D162B6B6E7054B1A60CEE7F6E0002080
:100DC000E4E0002034D20020E0E0002040D2002007
:100DD000E1E0002044D2002001F1FF3C70B56646FE
:100DE000002400E00134B0FBF2F502FB1503092BEF
:100DF00003F1370E03F130035FFA8EFE98BF5FFAFE
:100E000083FE9042284606F801EFEBD2631C0022D5
:100E1000C818CA547CB162461CF8015F10F8016D15
:100E2000A1EB0C0302328CF80060013B521A0570F2
:100E300023449A42EFDB084670BD00BF074A506A60
:100E4000936A19468446506A936A9942F9D1844557
:100E5000F7D1DB0B43EA4040704700BF00400D4034
:100E600008B5D0E900325BB1BAB10F4BA3FB021356
:100E7000DB0803EB4303B2EB83030AD1012008BD77
:100E8000094BA3FB0213DB0803EB4303B2EB830321
:100E900001D0D21A4260F02AF0D802F0F7F81C22F2
:100EA000034600201A6008BDABAAAAAA70B5044682
:100EB00038B319B1B2FA82F67609A2B9206800B344
:100EC0006268F2B1184B194902FB03F3B1EBB30F9F
:100ED00017D3A368E3B90022012322606260A260F5
:100EE000E260184670BD1D46049BC0E90012C36055
:100EF000FFF7B6FF03460028F3D06DB9012318466B
:100F000070BD02F0C3F8162200230260184670BDBF
:100F1000002101F051FDDEE7626831462068A560DE
:100F200001F04AFD0123DCE7ABAAAAAA55555515E5
:100F30002DE9F04F5BEC10AB2DED0A8B4FEA1B5CFB
:100F400011EE90EA0CF1FF3640F2FD70864210EE91
:100F5000101A11EE103A89B05A4665464FEA1E54EF
:100F600000F2C680C4F30A06A6F2BE367F2E98BFF2
:100F7000002000F2BD80BFEE000BE14CE14B1444B9
:100F8000C4F3463503EB451693ED006B93ED027BFE
:100F900096ED128B96ED189B96ED162B260D2415CB
:100FA00005EE904A360593ED0C4BB8EEE55B951BCC
:100FB000A5EE062BA5EE079B93ED04AB93ED105B1E
:100FC00093ED08BB93ED067B93ED0A6B93ED0E3B1F
:100FD0000C1E45EC1C4BACEE080BA0EE053BA0EE46
:100FE000046B20EE0A5B30EE024B20EE058BA0EE88
:100FF0000B7BA8EE036B32EE442BA8EE067B32EEA1
:10100000002BB0EE483B39EE022B95EE003B34EE60
:10101000085B20EE080B34EE454B32EE036B34EEEA
:10102000084B36EE046BA0EE076B35EE064B21EE57
:10103000048B18EE902AB0EE487BC2F30A556FF489
:101040007273EB183E2B91EE047B35EE445B35EE6C
:10105000065BA1EE057B00F29380AB4B93ED024B58
:1010600093ED005BB0EE441B93ED042BA8EE051B43
:1010700093ED066B11EE101A31EE441B01F07F0266
:1010800093ED0E4BA1EE028BA1EE068B93ED0C6B54
:1010900037EE087B27EE072B921802F10F0403EBC3
:1010A000C202A7EE046B92ED1C4B03EBC40293ED5E
:1010B0000A3B93ED085B53F834605768A7EE035B77
:1010C0004018002422EE023B37EE047BA219A2EE68
:1010D000057B07EB4033A3EE067B002D5FD043EC8E
:1010E000102BA7EE000B09B0BDEC0A8BBDE8F08F0A
:1010F000D8184EEB0E09461E37466FF0010849F12D
:10110000FF36B8456FF4001777EB0606C0F0208174
:10111000481842EB0209461E374669F10006B845F9
:101120006FF4001777EB0606C0F03981002A6ADBFE
:101130000020C4F30A06A6F2BE337F2B40F2FF77ED
:101140004FD9724B00209A4208BF814200F0FD80C7
:1011500040F2BD35AE4240F29180012972EB0303AB
:1011600034BF01230023BC428CBF00240124A342CE
:101170000ED109B0BDEC0A8BBDE8F04F00F0B4B958
:10118000002BC0F2CE80B5F5816F75D9002AF0DB57
:1011900009B0BDEC0A8BBDE8F04F00F0ADB9A1423B
:1011A00080F21381B7EE003B03F17F5101F500118E
:1011B000104641EC150B27EE057B35EE076BB0EEC4
:1011C000C64BB4EEC34BF1EE10FA61D49FED480B61
:1011D00026EE000B09B0BDEC0A8BBDE8F04F00F025
:1011E000BBB9002D7FF4C7AE9FED437B4BEC16AB34
:1011F00026EE077B53EC172B23F0004217EE101A54
:10120000A2F15072B7E6C4F30A0640F2FE308642FD
:101210007EDD40F23340864200F3FA80801BA0F16D
:1012200020054FF0FF374FF0FF39874009FA05F9E5
:10123000C0F12008019547EA09054FF0FF3727FA6A
:1012400008F945EA0905874023EA07072EEA05055C
:101250003D435DD1019DC3400EFA08F843EA0803FF
:101260002EFA05FE43EA0E0303F00103980422F070
:101270000042CCF30A055EE70025EEE68842934182
:10128000B7EE000B34BF31EE000B30EE410B2AE716
:10129000B5EEC06BF1EE10FA35EE465BBFEE004BDB
:1012A00035EE075B58BFB0EE434B36EE043B34EEF1
:1012B000437B37EE067B37EE057B37EE037B37EE5D
:1012C000446BB5EE406BF1EE10FA04D12A4601F002
:1012D000004343EC162B9FED065B8DED045B9DED0B
:1012E000047B27EE057B8DED067B6FE7AFF3008077
:1012F000000000000000100000000000000030436B
:10130000AB6A19C0E00B0020800200200000F03F13
:101310004BEC10AB09B0BDEC0A8BBDE8F04F00F010
:101320000BB9B7EE000B38EE000B00283FF4DBAE34
:10133000B1EE400BD7E64918594B82F400224FF02A
:1013400000005241884293415DD3B7EE000BCAE6DC
:1013500050EA0904EFD0534C0025A24208BFA9422D
:1013600047D04918504B52418D4273EB02044AD387
:10137000994508BFA84246D103F100439A4208BFED
:10138000A942E2D09A426FEA0E0E34BF0022012237
:101390004FEADE7E724577D09FED3D0BA3E64BEC26
:1013A00017AB002A27EE070B34DB002250EA0909AD
:1013B0005DD1BEF1000FBFF696AE104609B0BDEC90
:1013C0000A8BBDE8F04F00F09FB803F140419FED5C
:1013D000326B01F57001104641EC100BA7EE000BCB
:1013E00020EE060B09B0BDEC0A8BBDE8F04F00F013
:1013F000BFB8DB182A4A8EF4002E4EEB0E0E9D422B
:1014000072EB0E02A1D24BEC17AB37EE010B6AE682
:1014100000202CE7C4F30A02A2F2FF313429C4D819
:10142000C2F586624FF0FF31A2F11D05033201FAC9
:1014300005F701FA02F4C2F120063C4321FA06F74F
:101440003C43914023EA01012EEA04042143ACD13C
:1014500023FA02F20EFA06F632432EFA05F52A4373
:1014600012F00102A2D0B1EE400B01229EE7BEF1C4
:10147000000FBFF638AEB7EE006B86EE007B8DED49
:10148000027B9DED020B2EE621EE010B2BE600BF49
:101490000000000000000000000000000000007FCD
:1014A0000000F0FF0000F03F0000E0FF10B582B048
:1014B0008DED000B044601F0E9FD9DED000B04608D
:1014C00002B010BD82B058B1B1EE407B8DED007B13
:1014D0009DED007B222020EE070B02B0FFF7E6BF58
:1014E000B0EE407BF2E700BF9FED010BFFF7EABFD4
:1014F00000000000000000109FED010BFFF7E2BFAD
:10150000000000000000007082B00028B7EE006B01
:10151000BFEE007B06FE077B8DED007B9DED000B93
:101520009FED037B222080EE070B02B0FFF7BEBFCA
:101530000000000000000000B4EE400BF1EE10FAD5
:1015400030EE407B87EE076BB0EE460B02D62120D3
:10155000FFF7ACBF704700BFB5EE400BF1EE10FADD
:1015600000D070472220FFF7A1BF00BF000000009D
:101570009FED076BB0EEC07BB4EE467BF1EE10FA48
:1015800000DC70472220FFF791BF00BFAFF300805F
:10159000FFFFFFFFFFFFEF7F03460846194600F0FD
:1015A00011BF00BF53B94AB9002908BF00281CBFAA
:1015B0004FF0FF314FF0FF3000F070B9ADF1080C83
:1015C0006DE904CE00F006F8DDF804E0DDE9022361
:1015D00004B070472DE9F047089E0D4604460F46BB
:1015E000002B4AD18A42944665D9B2FA82F343B1BC
:1015F00002FA03FCC3F120029F4020FA02F21743D3
:101600009C404FEA1C4E1FFA8CF5B7FBFEF1220CF2
:101610000EFB117742EA074201FB05F090420AD91E
:101620001CEB020201F1FF3780F01C81904240F276
:10163000198102396244121AA4B2B2FBFEF00EFB09
:10164000102244EA024400FB05F5A5420AD91CEB2E
:10165000040400F1FF3280F00781A54240F20481CA
:101660006444023840EA0140641B00211EB1DC40A2
:101670000023C6E90043BDE8F0878B4208D9002E5D
:1016800000F0ED800021C6E900050846BDE8F087BE
:10169000B3FA83F1002949D1AB4202D3824200F26E
:1016A000F880841A65EB030201201746002EE2D071
:1016B000C6E90047DFE702B9FFDEB2FA82F3002B8A
:1016C00040F090808A1A4FEA1C471FFA8CFE0121D5
:1016D000B2FBF7F507FB1520220C42EA00420EFB95
:1016E00005F0904208D91CEB020205F1FF3802D246
:1016F000904200F2CB804546121AA4B2B2FBF7F03A
:1017000007FB102244EA02440EFB00FEA64508D95E
:101710001CEB040400F1FF3202D2A64500F2BB80AC
:101720001046A4EB0E0440EA05409FE7C1F12007F4
:101730008B4022FA07FC4CEA030C05FA01F420FA6C
:1017400007F3FD404FEA1C492343B5FBF9F81FFAA4
:101750008CFE09FB18551C0C44EA054408FB0EF5E9
:10176000A54202FA01F200FA01F00BD91CEB0404C5
:1017700008F1FF3A80F08880A54240F28580A8F108
:1017800002086444641B9DB2B4FBF9F309FB1344E3
:1017900045EA044403FB0EFEA64508D91CEB0404ED
:1017A00003F1FF356CD2A6456AD9023B644443EA93
:1017B0000843A3FB0295A4EB0E04AC42C846AE4618
:1017C00056D353D056B1B0EB080264EB0E0404FAC2
:1017D00007F7CA40CC401743C6E9007418460021F9
:1017E000BDE8F087C3F1200102FA03FC20FA01F200
:1017F00025FA01F19D402A434FEA1C471FFA8CFE4F
:10180000B1FBF7F007FB1015110C41EA054100FB95
:101810000EF58D4204FA03F408D91CEB010100F126
:10182000FF382FD28D422DD902386144491B92B224
:10183000B1FBF7F507FB151142EA014205FB0EF17A
:10184000914208D91CEB020205F1FF3816D29142F1
:1018500014D9023D6244521A45EA004138E7314644
:10186000304608E73946E6E61046FBE64845A9D289
:10187000B9EB020865EB0C0E013BA3E74546EAE72E
:101880002B4694E74046D1E7D0467BE7023D6244D1
:1018900032E708460AE76444023842E7704700BF6F
:1018A00010B4044C03460A4620685DF8044B194600
:1018B00000F002B87472002038B5A1FB02148CBB92
:1018C00000F05CF80546E0B150F8042C22F0030269
:1018D000043A242A17D8132A1AD91B2AC0E900442B
:1018E0001DD9242A14BF00F1100200F118024FF094
:1018F0000003C0E9024404BF04614461C2E900334B
:101900009360284638BD214601F056F8284638BD78
:1019100002460023C2E900339360284638BD00F137
:101920000802F6E701F0B2FB0C2300250360E8E7AC
:10193000931E222B10B50C460CD80A2A03D000F0B7
:10194000F1FC204610BD0028F9DA2D2301F8013BF7
:101950004042F4E700230B70184610BD024B0146CD
:10196000186800F00BB800BF74720020024B0146EB
:10197000186801F09FBE00BF747200202DE9F04F7F
:1019800001F10B06162E83B0044624D8102900F26C
:10199000BA8000F0A3FA102618220220B54F3A446C
:1019A000A2F1080153688B4200F0BA805A68D968E6
:1019B00022F003021A449D68E9608D60516841F08D
:1019C00001012046516003F1080500F08DFA284618
:1019D00003B0BDE8F08F36F0070600F19480B14205
:1019E00000F2918000F07AFAB6F5FC7FC0F09A819F
:1019F000730A00F08F80042B00F26F81B30903F1AA
:101A0000390003F1380CC3009A4F3B44A3F1080599
:101A10005B689D4206D10CE0002980F22781DB68DB
:101A20009D4206D05A6822F00302911B0F29F3DD74
:101A300060463D69DFF850C265457CD06A6822F097
:101A40000302931B0F2B00F37B81002BC7E904CC0F
:101A500080F26C81B2F5007F80F01A81D30879683A
:101A600001334FEA521E012202FA0EF20A4357F8DE
:101A700033E0C5F808E007EBC3010839E9607A6094
:101A800047F83350CEF80C50831001219940914211
:101A900057D8114206D120F003004900114200F14D
:101AA0000400FAD007EBC0094D468646D5F80C80F5
:101AB000454508D11DE1002B80F22481D8F80C8027
:101AC000454500F01681D8F8042022F00302931B4C
:101AD0000F2BF0DD2046D8E9025408EB060146F052
:101AE0000106C8F80460EC60A56043F00104C7E992
:101AF0000411C1E902CC4C6048F8023000F0F4F95E
:101B000008F1080502E00C2323600025284603B0F5
:101B1000BDE8F08F4FF4007340204FF03F0C73E7A7
:101B2000D3689A4208BF02307FF440AF3D69DFF8C6
:101B300058C1654582D17A6883100121994091424C
:101B4000A7D9BD686B6823F003094E4503D8A9EBFC
:101B500006030F2B7ADCDFF834B1474BDBF80020AB
:101B60001B680132334405EB090A00F0338103F5A9
:101B700080530F3323F47F6828F00F084146204636
:101B800001F05CFA411C024600F0F380824500F24D
:101B9000EE803A4B196841441960084600F04E81C6
:101BA000DBF80010019301311BBFA2EB0A010918F9
:101BB000CBF80020196012F0070B00F01781CBF171
:101BC00008010A44CBF5805190440831A1EB08018B
:101BD000C1F30B0A51462046009201F02FFA421C35
:101BE000DDE9002300F04F81801A00EB0A08196834
:101BF000BA6048F001005144BD425060196000F0E5
:101C00002981B9F10F0F40F227816868A9F10C0C06
:101C10002CF0070C00F0010040EA0C0068604FF067
:101C2000050E05EB0C00BCF10F0FC0E901EE00F250
:101C3000328150681546124B1A688A4238BF1960C3
:101C4000104B1A688A4238BF196094E0AA1943F011
:101C5000010346F001066E602046BA60536000F052
:101C600043F90835284603B0BDE8F08FD9681A4417
:101C7000A1E600BF586E002064D4002034D40020B8
:101C80005CD4002060D40020606E002060720020D0
:101C9000B2F5206F4FEA522363D3142B00F2B780C2
:101CA00003F15C01C9005B3307EB010E7958AEF11B
:101CB000080E8E4500F091804B6823F00303934299
:101CC00002D989688E45F7D1D1F80CE07A68C5E968
:101CD000021ECEF80850CD60D6E6142B59D9542BED
:101CE00000F29D80330B03F16F0003F16E0CC30013
:101CF0008AE60EF1010E1EF0030F05F108057FF4D0
:101D0000D5AE51E0424445465368D8F80C1043F034
:101D10000103536055F8083F2046D9608B6000F0FE
:101D2000E3F8F3E6F00806F1080237E62A44204615
:101D3000536843F001035360083500F0D5F8E5E639
:101D4000A919204646F0010643F001046E60C7E978
:101D50000411C1E902CC4C60AB5000F0C5F8083565
:101D6000D4E6930903F13901C90038339CE7BD4239
:101D70005FD0BD68686820F003084645A8EB0603FD
:101D800002D80F2B3FF762AF204600F0ADF80025D8
:101D9000BCE603F15C0003F15B0CC30034E659F8C8
:101DA00008394B4540F0968010F0030F00F1FF30EA
:101DB000F5D17B6823EA01037B60490099423FF635
:101DC000C0AE19B9BDE649000EF1040E1942FAD0B1
:101DD000704667E603F11008D0E69A104FF001084C
:101DE0007B6808FA02F21A437A6070E702EB080196
:101DF0004942C1F30B0A51462046009201F01EF9F8
:101E0000431CDDE900237FF4EFAEDA46EFE6542B06
:101E100025D8130B03F16F01C9006E3344E7B3F506
:101E2000AA7F25D8F30B03F1780003F1770CC300E8
:101E3000EAE5294B186840441860B1E6CAF30B0C78
:101E4000BCF1000F7FF4ACAEBD68C84448F001009F
:101E50006860F0E61546EEE60123536094E7B3F5BB
:101E6000AA7F23D8D30B03F17801C90077331BE78E
:101E700040F25452934223D8B30C03F17D0003F196
:101E80007C0CC300C0E5ABF1080BD844A8EB0208FA
:101E90004FF0000AABE605F108012046009301F07F
:101EA00009FCBD68009B68681968C4E640F254519B
:101EB0008B420BD8930C03F17D01C9007C33F3E610
:101EC0004FF47E737F204FF07E0C9DE54FF47E71C2
:101ED0007E23E9E67B6870E734D40020014801F0F6
:101EE00003B900BF2CD40020014801F0FFB800BFA7
:101EF0002CD400200C4B0D4819680D4AD1F89830AD
:101F000010B4D1F89C4003FB00F002FB0400A3FBDB
:101F10000232013340EB0200C1E926305DF8044B88
:101F200020F00040704700BF747200202DF451581B
:101F30002D7F954C10B4044C03460A4620685DF88A
:101F4000044B194600F002B8747200202DE9F84FD6
:101F50001746002900F098800C4607F10B058046D3
:101F6000FFF7BCFF162D54F8041C5BD810252A4639
:101F7000AF425CD821F003069642A4F1080962DA68
:101F8000BC4BD3F808C009EB0600844500F09780ED
:101F9000D0F804C02CF0010303445B68DB0768D46D
:101FA0002CF0030C06EB0C03934247DACB0710D45A
:101FB00054F8083CA9EB030ADAF8043023F00301D3
:101FC0008C44B444944580F211817318934280F29A
:101FD000E88039464046FFF7D1FC0746E0B154F8A7
:101FE000043C23F001034B44A0F10802934200F0AB
:101FF000D280321F242A00F2F580132A00F2AC802E
:1020000003462246116819605168596092689A60C7
:102010002146404601F04EFB4046FFF765FF38463B
:10202000BDE8F88F25F00705002D2A46A0DA0C231D
:10203000C8F8003000273846BDE8F88F1E46D0E9C2
:102040000223D3609A60731B0F2B22D8D9F8043077
:1020500003F0010333434E44C9F80430736843F07E
:102060000103736040462746FFF73EFF3846BDE850
:10207000F88FC907ADD454F8083CA9EB030ADAF885
:10208000041021F00301A0E7BDE8F84F1146FFF767
:1020900075BCD9F8042009EB050102F001024E4499
:1020A00043F001032A43C9F804204B60736843F0EE
:1020B000010308317360404601F0FCFAD2E7DCF816
:1020C000040020F0030B06EB0B0C05F11000844517
:1020D0004DDAC9073FF57DAF54F8081CA9EB010A9A
:1020E000DAF8041021F003018B44B34458453FF75C
:1020F0006CAF5746DAF80C1057F8080F321F242A35
:10210000C160886000F2DB80132A40F2D68021682B
:10211000CAF808106168CAF80C101B2A00F2DF80A8
:1021200008340AF110022168116061685160A168E9
:1021300091600AEB0501ABEB050242F001029960E8
:102140004A60DAF8043003F001032B434046CAF832
:102150000430FFF7C9FE6EE72368036063684360DD
:102160001B2A68D804F1080200F108034AE709EBCA
:1021700005029A60ACEB050343F00103536054F889
:10218000043C03F001032B43404644F8043CFFF7B2
:10219000ABFE27464FE750F8043C23F003031E44F0
:1021A00051E75746DAF80C1057F8080F321F242A67
:1021B000C16088604CD8132A48D92168CAF8081031
:1021C0006168CAF80C101B2A56D808340AF11002AC
:1021D0001E462368136063685360A3689360D1460A
:1021E0003C4630E7214600F06BFB11E7D0E90213D3
:1021F0005746CB60996057F8081FDAF80C30CB606F
:10220000321F242A99602DD8132A29D92368CAF8A5
:1022100008306368CAF80C301B2A42D808340AF127
:10222000100322681A6062685A60A2689A60664663
:10223000D1463C4607E7A3688360E368C360242A6D
:1022400026D004F1100200F11003DBE63A46BFE7A6
:10225000214638461E46D14600F032FB3C46F2E6A7
:102260003B46DEE7214638466646D14600F028FB6D
:102270003C46E8E6586E0020A168CAF81010E168F4
:10228000CAF81410242A20D010340AF118029FE74B
:10229000236903616169416104F1180200F11803C7
:1022A000B0E6A368CAF81030E368CAF81430242AEC
:1022B00021D010340AF11803B3E73A4633E7214638
:1022C000384600F0FDFA164B33E72269CAF81820A9
:1022D0006269CAF81C2018340AF1200278E7A16864
:1022E000CAF81010E168CAF81410242A0DD010346E
:1022F0000AF1180217E72369CAF818306369CAF8A7
:102300001C3018340AF120038BE72269CAF8182020
:102310006269CAF81C2018340AF1200203E700BFE2
:10232000586E0020F0B5254FA2F1020E1646054664
:102330000C460FCF8BB0EC46ACE80F000FCFACE8EB
:102340000F0097E803004CF8040BBEF1220F8CF845
:1023500000102ED804F1FF3E70464FF0000CB5FB84
:10236000F6F206FB125328336B44614613F828CC6F
:1023700000F801CF2B469E4201F1010C1546EED923
:10238000002304F80C3089B1A44472461EF8010FF2
:102390001CF8015D8EF80050A4EB0E030232013BE5
:1023A000121B0B449A428CF80000EEDB20460BB067
:1023B000F0BD0023184623700BB0F0BDE8250020C7
:1023C000FFF7B0BF13460A460146022001F0DEB80F
:1023D000024A0349034800F0BBB800BF68720020FE
:1023E000499A0100286700200C4B4168994210B5BA
:1023F000044601D006F060FAA168094B994202D068
:10240000204606F059FAE168064B994204D020466E
:10241000BDE8104006F050BA10BD00BF68D40020DF
:10242000D0D4002038D500202DE9F8432A4C2B4B7E
:102430002B48DFF8C090DFF8C0802A4F18600025D5
:1024400004230822294604F15C00274E6566C4E98E
:102450000253C4E90055C4E90455A56100F0ACFA83
:10246000224B63670822294604F1C400C4E90749E6
:10247000C4E90987C4E91A55C4E91E55C4F8CC500B
:102480002567C4F88050E66200F096FA184BC4F84D
:10249000DC30294604F16803082204F59670C4F87C
:1024A0008430C4E92298C4E92476C4E93455C4E9E7
:1024B0003855C4F83451C4F8D850C4F8E85000F086
:1024C0007BFA04F1D003C4E93C98C4E93E76C4F831
:1024D000EC30BDE8F88300BF68D40020A0D5002010
:1024E00061350100FD3801001D39010009000100BE
:1024F0001200020099380100BD38010010B50446F1
:102500000A4800F0F1FD636B23B9094B094A1B68C7
:10251000626323B1BDE81040044800F0E7BDFFF757
:1025200083FFBDE81040014800F0E0BD30D400203A
:10253000A0D5002079350100014800F0D5BD00BFCD
:1025400030D40020014800F0D1BD00BF30D40020BD
:102550002DE9F84380460F4616464FF00009D6E9AC
:102560000154013D11D4A389012B05F1FF3508D990
:10257000B4F90E300133214603D04046B84749EA4A
:1025800000096B1C04F16804EDD13668002EE6D119
:102590004846BDE8F88300BF0FB400B5074983B0D3
:1025A00004AB086853F8042B8168019303F00CFB1B
:1025B00003B05DF804EB04B0704700BF74720020F4
:1025C000024B01461868826806F016BC747200203F
:1025D00070B5054688B008460C4600F069FF234EEA
:1025E0006A6B059001214318CDE9066104A8022118
:1025F00004940393AC6801900291002A31D0636E79
:1026000013F0010FB4F90C309AB201D1980521D51D
:10261000910406D4626E43F4005322F40052A38165
:102620006266284601AA214606F06CFA636E00280D
:1026300014BF4FF0FF350A25DA0702D4A3899B05A2
:1026400002D5284608B070BDA06D00F04FFD2846A9
:1026500008B070BDA06D00F047FDB4F90C309AB21F
:10266000D6E72846FFF74AFFC9E700BFF83D00203C
:10267000024B01461868FFF7ABBF00BF7472002021
:102680000CB410B51F4B00291C689CB035DB4FF40F
:102690000273ADF81430029006901FAB18D00139C8
:1026A0004FF6FF7204910791ADF8162002A91E9A09
:1026B0000193204601F0E4FC421C01DA8B232360E5
:1026C000029B00221A701CB0BDE8104002B0704797
:1026D0004FF6FF7204910791ADF8162002A91E9AD9
:1026E0000193204601F0CCFC431C01DA8B232360CC
:1026F0001CB0BDE8104002B070478B2323604FF040
:10270000FF30F5E77472002010B50C46B1F90E10D9
:1027100000F07EFC002803DB236D0344236510BD1D
:10272000A38923F48053A38110BD00BF2DE9F0419C
:102730000C46B1F90C101F46CB05054616460BD4C6
:1027400021F48051A1813B46B4F90E10324628464F
:10275000BDE8F04100F084BCB4F90E100223002261
:1027600000F040FCB4F90C10EAE700BF10B50C46CD
:10277000B1F90E1000F036FCA389421C0EBF23F401
:10278000805343F480532065A38110BDB1F90E102E
:1027900000F016BCF0B5ADF5057D04AF009313460F
:1027A0004FF400720E460392394603AA054600F024
:1027B00025F888B104460246039B3146284600F0BE
:1027C0004FFCBC42039004D02846214600F072FF23
:1027D00003980DF5057DF0BD4FF0FF30F9E700BF20
:1027E00010B4054C8446134620685DF8044B0A4635
:1027F0006146FFF7CFBF00BF7472002030B5146888
:1028000015469BB01A4609B1002C19D100214FF48E
:102810002273ADF80C30009104914FF6FF730291D2
:102820000591ADF80E3069461E9B01F029FC002889
:1028300013DB009B286000221A7004981BB030BD87
:102840004FF4C16300910491ADF80C302146E4DAF5
:102850008B23036000201BB030BD0020EEE700BFDB
:10286000032A70B514D940EA01039B0722D104461C
:102870000B46194620460E680568B54204F104046B
:1028800003F1040316D1043A032A20461946F0D86E
:10289000541E9AB1421E013901E0C3180CD012F83F
:1028A00001EF11F801CFE645A4EB0203F5D0AEEB42
:1028B0000C0070BD541EEDE7184670BD104670BD8B
:1028C00088420DD98B1883420AD900EB020CBAB1A9
:1028D000624613F801CD02F801CD9942F9D1704753
:1028E0000F2A0ED8034602F1FF3C4AB10CF1010C4D
:1028F000013B8C4411F8012B03F8012F6145F9D1FC
:10290000704740EA01039B0750D1A2F1100370B554
:1029100001F1200C23F00F0501F1100E00F110045D
:10292000AC441B095EF8105C44F8105C5EF80C5C6B
:1029300044F80C5C5EF8085C44F8085C5EF8045CE3
:1029400044F8045C0EF1100EE64504F11004E9D1E0
:10295000013312F00C0F01EB031102F00F0400EB36
:10296000031327D0043C24F003064FEA940C1E44C2
:102970001C1F8E465EF8045B44F8045FB442F9D134
:102980000CF1010402F0030203EB840301EB840168
:1029900002F1FF3C4AB10CF1010C013B8C4411F8EF
:1029A000012B03F8012F6145F9D170BD02F1FF3C05
:1029B00003469BE72246EBE7830730B548D0541E19
:1029C000002A3FD0CAB2034601E0013C3AD303F8E3
:1029D000012B9D07F9D1032C2DD9CDB245EA052550
:1029E0000F2C45EA054536D9A4F1100222F00F0C50
:1029F00003F1200EE6444FEA121C03F1100242E9F3
:102A0000045542E9025510327245F8D10CF1010229
:102A100014F00C0F03EB021204F00F0C13D0ACF106
:102A2000040323F003030433134442F8045B93428A
:102A3000FBD10CF003042CB1C9B21C4403F8011BF8
:102A40009C42FBD130BD64461346002CF4D1F9E71B
:102A500003461446BFE71A46A446E0E711F0FF011B
:102A6000034644D0820732D110B5046841EA012EF2
:102A70004EEA0E4E8EEA0402A2F1013323EA02036B
:102A8000A4F1013222EA0402134313F0803F0FD174
:102A900050F8044F84EA0E0CA4F10133ACF101327A
:102AA00023EA040322EA0C02134313F0803FEFD021
:102AB000037823B936E010F8013F002B32D0994259
:102AC000F9D110BD8A4211D09A071846CCD01846C9
:102AD00013F8012B002AF5D11046704799071846C4
:102AE00007D0184601330278002AF7D170478207D1
:102AF000F7D10268A2F1013323EA020313F0803F09
:102B000008D150F8042FA2F1013323EA020313F095
:102B1000803FF6D00378002BE8D010F8013F002B5F
:102B2000FBD17047184610BD40EA01039B0730B542
:102B300001D1032A0FD8844601F1FF3E07E01EF8B9
:102B4000011F03F8011B541EC1B19C462246634677
:102B5000002AF4D130BD0B468446194653F8045B75
:102B6000A5F1013424EA050414F0803FE4D1043ACD
:102B7000032A4CF8045B1946EFD8DDE79444002C97
:102B8000E8D003F8011B6345FBD130BD01292DE9D5
:102B9000F0415BD94FF00108C64600244FF0FF35E5
:102BA000434608E0A3EB05081C464FF0010E04EB7A
:102BB0000E038B4210D200EB0E0CC75C1CF80560B4
:102BC000B742EFD332D04FF001082546C646444401
:102BD00004EB0E038B42EED30127C2F80080BE4601
:102BE00000244FF0FF363B4607E09F1B1C464FF08A
:102BF000010E04EB0E038B4210D200EB060C10F812
:102C000003801CF80EC0E045EFD817D001272646F8
:102C1000BE463C4404EB0E038B42EED30136681CE7
:102C2000864201D317603046BDE8F081C6450ABF31
:102C300074440EF1010E4FF0010EB8E7BE450ABF15
:102C400074440EF1010E4FF0010ED2E70127002669
:102C5000E8E700BF2DE9F04F9246ADF21C4D05AA02
:102C600081460F46504619461D46FFF78FFF134613
:102C700083460DF2144243F8045F9342FBD1002DCA
:102C800000F0DF806C1E06AE0AF1FF320AEB040092
:102C9000009612F8011FAB1A013B5344824246F8DA
:102CA0002130F6D105995A4651445046FFF7D8FDD8
:102CB00000286FD10BF1FF330393CBF10103804662
:102CC0000646019309EB060E009A1EF8043052F8EE
:102CD0002330DBB1B8F1000F03D0059A9A4200D936
:102CE000AB1A1E444FF000087B1B9E42EAD909EB49
:102CF000070045F4006106F003FA07447B1B9E427F
:102D0000E0D900200DF21C4DBDE8F08FC3455B46B5
:102D100038BF4346A34210D2591EF21851444A44C8
:102D200002E00133A34208D212F8010B11F801CFDF
:102D30008445F6D0019A1644D3E7C345039B7ED958
:102D400006EB0B024A440AEB0B01029602E04345F4
:102D500015D0034612F8010D11F8016D864203F1FA
:102D6000010C03F1FF30F2D0029E634608F1010826
:102D700098450AD8059B1E44A5EB0308B4E74346D3
:102D800008F101089845029EF4D970460DF21C4DD9
:102D9000BDE8F08FA5EB0B035B4538BF5B46013305
:102DA00005930BF1FF330193CBF10103002602934E
:102DB00045F4006809EB0601009A0B5D52F82330D8
:102DC0006BB11E447B1BB342F4D209EB07004146B2
:102DD00006F096F907447B1BB342EBD291E7A3457B
:102DE00014D2019B0BEB06020AEB030C4A445B4630
:102DF00002E00133A34209D212F8010B1CF801EFE3
:102E00008645F6D0029A16441E44DBE7BBF1000F5C
:102E100010D00BEB060048440AEB0B0201E05345CF
:102E200008D012F801ED10F801CDE6451346F6D0B2
:102E3000059BC6E708460DF21C4DBDE8F08F5B46CA
:102E400094E706AB4FF0FF3400932BE72DE9F041F8
:102E50000D46097890B00446002954D06A78002ABB
:102E600000F08380AB78002B51D0E8782E680028E2
:102E700000F082802B79002B57D0284600F018FBF9
:102E8000064640F40071204606F03AF986425BD8C7
:102E9000FE2E00F28680801B27184022711C684697
:102EA000FFF78AFD7EB16A1E5FFA86FC901912F860
:102EB000013F03F03F0340336B44A91A614482424F
:102EC00003F8401CF3D1013CA35D03F03F03403302
:102ED0006B4413F8403C1C44A74203D239E04444FD
:102EE000A74236D314F806C00CF03F0C0CF1400397
:102EF0000DEB030C2046324629461CF8408CFFF7A8
:102F0000AFFC0028EBD1204610B0BDE8F08100787E
:102F100042EA014200E00C4640EA0343611C98B1DA
:102F20009A426078F7D1013CEDE7227862B131BA7C
:102F300001E099421ED042EA0323204614F8012FF3
:102F4000002AF6D1994215D00024204610B0BDE8E1
:102F5000F081BB5DB819002BF6D04FF4006106F08C
:102F6000CFF80744BC42AED9EEE710B0BDE8F0415F
:102F7000FFF774BDC41EC6E7120442EA016242EACA
:102F800003232178024600E02C4641EA0200651C3A
:102F900002020029D8D0B3EB002F6178F4D1023CB3
:102FA000B1E7014633462A46204610B0BDE8F0415D
:102FB000FFF750BE014B93F828017047EC6C0020DE
:102FC00038B5074D0022044608462A60FCF780FA0F
:102FD000431C00D038BD2B68002BFBD0236038BDCC
:102FE00074D8002038B50C46084D8446114620465A
:102FF0001A4600232B606446FCF776FA431C00D087
:1030000038BD2B68002BFBD0236038BD74D800205E
:1030100038B50C46084D8446114620461A46002312
:103020002B606446FCF752FA431C00D038BD2B6875
:10303000002BFBD0236038BD74D8002038B5074D75
:103040000022044608462A60FCF726FA431C00D0FA
:1030500038BD2B68002BFBD0236038BD74D800200E
:1030600038B50C46084D8446114620461A460023C2
:103070002B606446FDF7CCFC431C00D038BD2B68A8
:10308000002BFBD0236038BD74D80020014B18689A
:10309000704700BF7472002070B50D4E0D4D761B49
:1030A000B61006D0002455F8043B01349847A642D8
:1030B000F9D1094E094D761B07F0EEF9B61006D08E
:1030C000002455F8043B01349847A642F9D170BD5D
:1030D00048230260482302605823026048230260AC
:1030E000704700BF704700BF704700BF704700BF08
:1030F000A2EB0300704700BF02780B78012A28BFBB
:103100009A42F5D16DE9044540EA0104CDE9026730
:103110006FF0000C4FEA447212B380EA010414F01D
:10312000070F6AD100F0070420F0070004F0030540
:1031300021F007014FEAC505F0E8042314F0040F5D
:10314000F1E804670CFA05F462EA040266EA040690
:103150000AD063EA0403624667EA0407664603E0AE
:10316000F0E80423F1E8046782FA4CF582EA0604E9
:10317000A4FA8CF46CBB83FA4CF583EA0705A5FA34
:103180008CF595B950E9022351E9026782FA4CF5B2
:1031900082EA0604A4FA8CF483FA4CF583EA070564
:1031A000A5FA8CF52543DBD09CB92DBAB5FA85F488
:1031B00024F0070427FA04F1DDE9026723FA04F397
:1031C00003F0FF0001F0FF01FDE80445A0EB010062
:1031D000704724BAB4FA84F424F0070426FA04F100
:1031E000DDE9026722FA04F202F0FF0001F0FF01BC
:1031F000FDE80445A0EB0100704714F0030F3CD13B
:1032000010F0030428D150F8082B51F8083B82FA3B
:103210004CF582EA0305A5FA8CF55DB950F8042C4B
:1032200051F8043C82FA4CF582EA0305A5FA8CF5C4
:10323000002DE8D02DBAB5FA85F424F0070423FA5E
:1032400004F122FA04F202F0FF0001F0FF01FDE8B0
:103250000445A0EB010070474FEAC40420F00300CE
:1032600050F8082B21F0030151F8083B0CFA04F444
:1032700062EA040263EA0403C9E710F003041AD007
:10328000A1EB040120F00300E40750F8042B06D062
:103290000FD28B785FFAA2F4E41A06D12BB1CB7867
:1032A0005FFAB2F4E41A00D11BB920465DF8104B66
:1032B000704701F1040150F8042BCC0721F0030101
:1032C00051F8043B48D824D222F07F4482FA4CF5CE
:1032D00094EA1325A5FA8CF50AD165B951F8043B97
:1032E00084EA0204B4EB036F0ED150F8042BEBE731
:1032F0004FEA132355E035F07F454DD10878FDE8BE
:103300000445C0F1000070474FEA126203F0FF036A
:1033100047E002EA1C4482FA4CF594EA1345A5FA08
:103320008CF50AD165B951F8043B84EA0204B4EB88
:10333000034F0CD150F8042BEBE74FEA134330E076
:1033400015EA1C4528D10B884FEA124229E04FEAC2
:10335000124203EA1C4324E002F0FF0482FA4CF517
:1033600094EA1365A5FA8CF50AD165B951F8043BC6
:1033700084EA0204B4EB032F09D150F8042BEBE7E5
:103380004FEA13630DE015F0FF0F05D10B684FEA0C
:10339000122223F07F4304E04FF00000FDE80445D3
:1033A000704712BA1BBA82FA4CF482EA0304A4FAF8
:1033B0008CF5B5FA85F402FA04F203FA04F34FEA45
:1033C0001260FDE80445A0EB1360704780EA01023B
:1033D000844612F0030F4FD111F0030F32D14DF894
:1033E000044D11F0040F51F8043B0BD0A3F101324E
:1033F0009A4312F0803F04BF4CF8043B51F8043B61
:1034000016D100BF51F8044BA3F101329A4312F0D8
:10341000803FA4F101320BD14CF8043BA24312F0DF
:10342000803F04BF51F8043B4CF8044BEAD02346DC
:103430000CF8013B13F0FF0F4FEA3323F8D15DF88E
:10344000044B704711F0010F06D011F8012B0CF856
:10345000012B002A08BF704711F0020FBFD031F8CE
:10346000022B12F0FF0F16BF2CF8022B8CF8002055
:1034700012F47F4FB3D1704711F8012B0CF8012BD8
:10348000002AF9D1704700BF0000000000000000D2
:10349000000000000000000000000000000000002C
:1034A000000000000000000000000000000000001C
:1034B00090F800F06DE9024520F007016FF0000C74
:1034C00010F0070491F820F040F049804FF000041C
:1034D0006FF00700D1E9002391F840F000F10800F7
:1034E00082FA4CF2A4FA8CF283FA4CF3A2FA8CF32F
:1034F0004BBBD1E9022382FA4CF200F10800A4FA96
:103500008CF283FA4CF3A2FA8CF3E3B9D1E90423E9
:1035100082FA4CF200F10800A4FA8CF283FA4CF320
:10352000A2FA8CF37BB9D1E9062301F1200182FADA
:103530004CF200F10800A4FA8CF283FA4CF3A2FAE0
:103540008CF3002BC6D0002A04BF04301A4612BAEE
:10355000B2FA82F2FDE8024500EBD2007047D1E9F1
:10356000002304F00305C4F100004FEAC50514F080
:10357000040F91F840F00CFA05F562EA05021CBF51
:1035800063EA050362464FF00004A9E72DE9F0471E
:10359000DFF87CA00646DAF8000098460F46914610
:1035A000FFF7A2FD184B1C6824B365681F2D24DCAF
:1035B0005EB96B1C0235DAF80000636044F82570D0
:1035C000FFF794FD0020BDE8F08704EB850101239F
:1035D000C1F88890D4F88821AB401A43022EC4F871
:1035E0008821C1F80881E4D1D4F88C211A43C4F8A9
:1035F0008C21DEE7054C1C60D7E7DAF80000FFF706
:1036000075FD4FF0FF30DEE794D2002098D2002005
:10361000E06C0020F8B5244F0C460646FEF75EFC31
:10362000BB685D68C4F57E610F3125F003054B1959
:1036300023F47F6323F00F03A3F58054B4F5805F78
:1036400007DB00213046FFF7F9FCBB682B449842AA
:1036500004D03046FEF748FC0020F8BD61423046F9
:10366000FFF7ECFC01300DD0104ABB682D1B45F074
:1036700001055D60136830461B1B1360FEF734FCC8
:103680000120F8BD00213046FFF7D8FCBA68831A44
:103690000F2BDEDD43F001035360054B03491B682C
:1036A000C01A0860D5E700BF586E002034D400204F
:1036B00060720020002961D0F8B50C460646FEF77E
:1036C0000DFC54F8042C7B4FA4F1080522F00101F5
:1036D00005EB010CB868DCF80430604523F0030307
:1036E00000F08B80D207CCF8043032D454F8082C88
:1036F000AD1A1144AA6807F1080082426AD00CEBA7
:103700000304D4F804E0EC68D4601EF0010FA2605A
:1037100000F0978041F001036B60CCF80010B1F528
:10372000007F35D27868CB080122490901338A40ED
:10373000024357F833107A6007EBC302083AC5E931
:10374000021247F83350CD603046BDE8F840FEF72E
:10375000CBBB0CEB03025268D00710D4194407F11D
:103760000800DCF80830834273D0DCF80C20DA6003
:10377000936041F001036B606950D0E7704741F0FE
:103780000103B1F5007F44F8043CCCF80010C9D324
:10379000B1F5206F4FEA512348D28B0903F139006C
:1037A00003F13802C300F818FB580838984259D082
:1037B0005A6822F003028A4202D99B689842F7D1E4
:1037C000D868C5E902308560DD603046BDE8F84064
:1037D000FEF78ABB0CEB03025268D20763D40B449A
:1037E000DCE90212CA60916043F001026A6030466F
:1037F000EB50BDE8F840FEF777BB0B44D10707D488
:1038000054F8082CAD1A1344D5E90212CA6091602D
:1038100043F001026A60284ABD6012689A4293D858
:10382000264B30461968FFF7F5FE8DE7142B0AD9B1
:10383000542B1FD80B0B03F16F0003F16E02C30072
:10384000B1E719448DE703F15C0003F15B02C300AB
:10385000A9E741F00103C7E90455C5E902006B601F
:10386000695071E779689210012404FA02F20A4360
:103870007A60A6E7B3F5AA7F06D8CB0B03F17800F0
:1038800003F17702C3008EE740F25452934206D808
:103890008B0C03F17D0003F17C02C30083E74FF43E
:1038A0007E737E227FE741F001036B60CCF800104D
:1038B0004AE700BF586E00206472002064D40020E4
:1038C00082B049B15AB16BB113780B601278101EF7
:1038D00018BF012002B0704701A9002AF3D1104699
:1038E00002B070476FF00100F4E700BF436C70B5A1
:1038F00005460C464BB153F8240080B1026843F8EA
:1039000024200023C0E9033370BD21220421FDF7E8
:10391000D3FF034668640028EDD1002070BD01216B
:1039200001FA04F6721D92002846FDF7C5FF002833
:10393000F3D0C0E90146E4E731B1436C4A6853F87B
:103940002200086043F82210704700BF2DE9F041C3
:103950000E6980460F461D4601F1140E0020DEF868
:1039600000108CB202FB0453090C4FEA134C02FB0B
:1039700001CC01309CB204EB0C4486424EF8044B5F
:103980004FEA1C45EBDC3DB1BB68B34207DD07EBFA
:10399000860301365D613E613846BDE8F081796895
:1039A00040460131FFF7A2FF0446B0B13A69023246
:1039B00007F10C0192000C30FAF71AFCD8F84430E9
:1039C0007A6853F82210396043F82270274607EBD3
:1039D000860301365D613E61DEE7034B0348224604
:1039E000BA2105F031FC00BF782500208C2500208D
:1039F000030C1B04D3B90004102310F07F4F04BF45
:103A00000002083310F0704F04BF0001043310F0BF
:103A1000404F04BF80000233002805DB10F0804FC8
:103A200003F1010308BF2023184670470023E4E791
:103A3000036813F0070208D0D9071FD49A0722D5CC
:103A40005B08036001221046704799B209B91B0C4C
:103A50001022D9B209B908321B0A190704BF1B0981
:103A60000432990704BF9B080232D90703D45B08CC
:103A700002F1010205D00360104670470022104693
:103A800070472022DFE79B08022203601046704740
:103A900038B5436C04460D464BB15868B0B1026866
:103AA0005A6000220123C0E90435C26038BD2122DA
:103AB0000421FDF701FF034660640028EDD1094BA6
:103AC0000948002240F2451105F0BEFB1C220121ED
:103AD0002046FDF7F1FE0028F1D001220223C0E9C3
:103AE0000123DEE7782500208C2500202DE9F04F0A
:103AF0000E691569AE4285B08846144605DB2A4634
:103B0000234635460C4616469846A3686168AF19A9
:103B1000BB42B8BF0131FFF7E9FE0190002800F079
:103B20008780019B03F1140909EB870AD14505D26F
:103B30004B46002243F8042B9A45FBD808F11408A1
:103B400008EB860B04F11403D8451A4603EB8505F0
:103B50005FD22B1B153B23F0030304331534A5421E
:103B600038BF0423CDE902A7AC461F46924605E0C4
:103B7000090C29D1C34509F1040948D958F8041B97
:103B80008DB2002DF4D056464C46002356F8041B47
:103B900022681FFA81FE90B2090C05FB0E00120C80
:103BA000034405FB012202EB13429BB243EA0243AA
:103BB000B44544F8043B4FEA1243E7D849F80730CC
:103BC00058F8041C090CD5D0D9F8003050461A46D4
:103BD0004C4600260588120C01FB052216449BB2B8
:103BE00043EA064344F8043B50F8045B22682D0C7A
:103BF00093B201FB053303EB164384454FEA1346AA
:103C0000E8D8C34549F8073009F10409B6D8DDE919
:103C100002A7002F02DC05E0013F03D05AF8043D63
:103C2000002BF9D0019B18461F6105B0BDE8F08F4D
:103C3000034B0448019A4FF4B17105F005FB00BF36
:103C4000782500208C25002012F003032DE9F04197
:103C50001446064632D10D46A41020D0D6F8408036
:103C6000B8F1000F33D0E3074FF0000707D464101A
:103C700015D0D8F80000A8B18046E307F7D5424632
:103C800029463046FFF732FFB5B16968736C64109E
:103C900053F821202A6043F821500546E9D12846EF
:103CA000BDE8F081424641463046FFF71FFFC8F8A5
:103CB000000007608046E0E70546D8E7013B0F4A71
:103CC00052F823200023FFF741FE0546C4E70121F7
:103CD0003046FFF70BFE804640B1012340F27122CF
:103CE000C0E90432002330640360BCE7044B05489C
:103CF000424640F2451105F0A7FA00BF3C2C0020D7
:103D0000782500208C2500202DE9F0470D4614462B
:103D10002F69AB68496807EB62177E1C9E4280469C
:103D20004FEA621904DD5B009E4201F10101FADCF9
:103D30004046FFF7DBFD8446002852D0B9F1000F62
:103D400000F114020EDD09F105014FEA810E134660
:103D500000EB8101002043F8040B8B42FBD1AEF154
:103D600014031A44296905F1140314F01F0E03EB20
:103D700081012ED0CEF1200910464FF0000A1C68B8
:103D800004FA0EF444EA0A0440F8044B53F8044BD6
:103D9000994224FA09FAF2D84B1B153B23F003038E
:103DA000043305F11500814238BF0423BAF1000F36
:103DB00018BF374642F803A0D8F844306A68CCF8F8
:103DC000107053F822102960604643F82250BDE875
:103DD000F087043A53F8040B42F8040F9942F9D8DB
:103DE000EAE7034B034862464FF4EF7105F02CFA03
:103DF000782500208C2500200B6984460069C01AB4
:103E000016D10CF1140C14310CEB830210B401EB3D
:103E1000830301E0944508D252F8044D53F8041D81
:103E20008C42F7D005D24FF0FF305DF8044B70475D
:103E3000704701205DF8044B704700BF2DE9F84F33
:103E40000F691369FF1A002F0E4690467FD101F1CA
:103E50001405143202EB830205EB830301E09D425B
:103E600078D253F8041D52F8044DA142F7D069D31B
:103E70007168FFF73BFD8146002877D03569D8F897
:103E80001020C76008F1140E06F1140009F1140A9D
:103E900006F110010EEB820200EB850756464FF04B
:103EA000000C5EF8044B51F804BFA3B21CFA8BFC63
:103EB000ACEB03034FEA144CCCEB1B4C0CEB234C48
:103EC0009BB243EA0C43724546F8043B4FEA2C4C44
:103ED000E7D8A2EB0801153908F11508424521F091
:103EE000030404F1040438BF0424204421F0030235
:103EF00038BF002287425244544418D9264601460E
:103F000051F8043B1CFA83FC4FEA2C4202EB1342AB
:103F10001FFA8CFC4CEA02438F4246F8043B4FEAFE
:103F2000224CEDD8013F3F1A27F00307E21923B9CD
:103F300052F8043D013D002BFAD0C9F81050484614
:103F4000BDE8F88F334601274646984690E7F9DBEF
:103F500000278DE70021FFF7C9FC814668B10122E7
:103F60000023C9E904234846BDE8F88F064B0748FB
:103F70004A4640F2452105F067F9034B03484A469B
:103F800040F2372105F060F9782500208C250020CB
:103F90002DE9F043884683B0012157EC106B15469C
:103FA000FFF7A4FC0446002851D0C7F30A59C7F311
:103FB0001303B9F1000F01D043F48013002E0193D5
:103FC00018D101A8FFF734FD019A6261012200F1C6
:103FD00020032261B9F1000F25D0A9F2334909EB82
:103FE00003022046C3F13503C8F800202B6003B05C
:103FF000BDE8F08368460096FFF71AFD034610B34C
:10400000DDE90002C3F1200102FA01F10143DA40C7
:1040100061610192002AA26114BF02220122226181
:10402000B9F1000FD9D1A3F23243C8F8003004EB44
:1040300082031869FFF7DCFCC0EB421320462B60BB
:1040400003B0BDE8F083009A6261019AE2E7034B96
:104050000348224640F20F3105F0F6F8782500209B
:104060008C25002049B1FF2A02D80A700120704730
:104070008A2303604FF0FF3070470846704700BF47
:104080002DE9F04F2DED088BD1B00C460BEE101A38
:1040900090460893834605F045F803681293184646
:1040A000FFF706FA20AF1090082200213846FEF7ED
:1040B00083FCA3891B0603D52369002B00F05587D9
:1040C00000239FED838B9FED849BCDE92533CDE9C4
:1040D0001333CDE9153327AA0E93249292461193F8
:1040E00004934446A1467E4BD3F8E450FEF762FFAA
:1040F0004A4603461CA900975846A847002800F0E6
:10410000B080C0F2A6801C9A252A034601D09944AB
:10411000E9E7B9EB0405064640F0A78000234FF01D
:10412000FF328DF867309846069309F1010999F836
:10413000003003922B25202609F10109A3F120026A
:104140005A2A00F2CF80DFE812F0E802CD00CD005D
:10415000E302CD00CD00CD006A00CD00CD00050208
:104160008402CD001002C902CD00BD025B005B00DD
:104170005B005B005B005B005B005B005B00CD00F5
:10418000CD00CD00CD00CD00CD00CD005301CD0040
:1041900083011A02530153015301CD00CD00CD001C
:1041A000CD001502CD00CD009602CD00CD00CD0092
:1041B000AB01CD00AA02CD00CD00E306CD00CD00BD
:1041C000CD00CD00CD00CD00CD00CD005301CD0000
:1041D0008301DE015301530153017702DE017F00A9
:1041E000CD008902CD005F02E0062F027F00CD00E6
:1041F000AB017C00B806CD00CD00BD06CD007C0033
:10420000A3F13002002119F8013B01EB810102EB1F
:104210004101A3F13002092AF5D906918EE75846EB
:1042200004F080FF436815931846FFF741F9169094
:10423000584604F077FF83681393169B002B40F0D9
:104240002D8699F8003077E799F8003048F020087B
:1042500072E7082200213846FEF7AEFB012399449D
:1042600041E7B9EB0405064611D0269B2B44269363
:10427000259B0133072BCAE9004525931CDC0AF175
:10428000080A049B2B440493002E7FF447AF269B1F
:10429000002B41F00B821BEE103AB3F90C3013F0F7
:1042A000400F049B18BF4FF0FF330493049851B0A4
:1042B000BDEC088BBDE8F08F1BEE101A24AA5846FF
:1042C00005F032FF0028E6D10DF19C0AD9E700BFC6
:1042D0000000000000000000FFFFFFFFFFFFEF7F76
:1042E000EC6C00200B93002BD1D00021CDE90C11F8
:1042F0008DF8DC3001238DF8671002930791059348
:1043000003910F9137AC18F00203099302D0029B7E
:104310000233029318F084030A9305D1069B029A94
:104320009D1A002D00F36983269A89B125990DF114
:10433000670001310132CAF8000007294FF001007F
:1043400026922591CAF8040000F3A2830AF1080A14
:10435000099B83B1259B1AA901330232CAF80010C8
:10436000072B4FF0020126922593CAF8041000F3A0
:10437000A3830AF1080A0A9B802B00F06C82039B3E
:1043800005995D1A002D00F3A58218F4807F40F096
:104390000D82059BCAF804301A44259BCAF80040D8
:1043A0000133072B2692259300F31B830AF1080A99
:1043B00018F0040F05D0069B02995C1A002C00F33C
:1043C0008883049B069902988142ACBF5B181B1836
:1043D0000493002A40F0B08200232593079B1BB171
:1043E00007995846FFF766F90DF19C0A4C4679E6A5
:1043F0000B93089B073323F00703B3EC028BB0EE5B
:10440000C87BB4EE497BF1EE10FA089340F3E984DF
:10441000B5EEC08BF1EE10FA01F159809DF86710EE
:10442000AB4CAC4B28F080080B9A472AC8BF1C46FF
:104430000023CDE90C3303220793029205920393E4
:104440000F9300293FF45FAF029B013302935AE7B9
:10445000432B0B9303D018F0100F00F05D85089DDF
:104460000822002122A837ACFEF7A6FA22AB55F8A5
:10447000042B2146584605F011FE034601330590F2
:1044800001F0EE82059B089523EAE3730293002175
:10449000CDE90C118DF86710079103910F9132E768
:1044A0000B93089B1A4600238DF86730134653F888
:1044B000044B0893002C00F048850B9B532B00F015
:1044C000EC8618F010030C9340F0E786039B5D1C0C
:1044D00001F0E5800C991A46204604F029FE079069
:1044E000002801F02883079B1A1B05920C9B03935D
:1044F00022EAE2720F930D93079373239DF86710DE
:1045000002920B939DE718F0200F0B93089B3DD070
:10451000073323F007031A4611465B6851F8082B4E
:1045200008911946002BC0F20C84039B013300F064
:104530009E8228F0800052EA0103029040F09982A6
:10454000039B002B40F09A8280460023039305933F
:1045500050AC06E1089B53F8042B0692002A80F227
:104560001984069A08935242069299F8003048F04E
:104570000408E1E599F8003048F00808DCE548F067
:10458000100818F0200F0B93089BC1D118F0100FE2
:1045900040F00B8418F0400F00F0038433F9042B33
:1045A0000893D1170B46BDE7089B48F00202029220
:1045B00053F8042B089347F63003ADF868307820A1
:1045C000454B1193002102230B900020039C8DF892
:1045D0006700601C00F0AD80029820F0800852EA6D
:1045E000010040F0A480002C40F0AE86002BACD13E
:1045F000029B13F00103059300F0D18330238DF863
:104600003F310DF23F14ACE018F0200F40F0D4839E
:1046100018F0100F40F09F8618F0400F40F0978779
:1046200018F4007F00F09786089B049953F8042B38
:10463000089311704C4655E599F80030682B03BF7C
:1046400099F8013048F4007809F1010948F0400870
:1046500072E599F800308DF867506DE599F80030F3
:104660006C2B03BF99F8013048F0200809F10109CB
:1046700048F0100860E50B9348F0100818F020018E
:1046800000F05183089B073323F00703596853F860
:10469000082B089328F480630293002395E70B937B
:1046A00048F010030293029B13F0200100F02983CD
:1046B000089B073323F00703596853F8082B089326
:1046C000012382E799F8003048F0800834E500BF04
:1046D000802700208427002090270020494611F8D9
:1046E000013B2A2B01F04982A3F13002092A8946B5
:1046F00098BF002101F2448119F8013B01EB8101CF
:1047000002EB4101A3F13002092AF5D9039115E525
:1047100099F8003048F001080EE59DF86730002B4D
:104720007FF48FAD99F800308DF8676004E5CDF81F
:104730000880012B00F09D81022B50AC20D11198F4
:1047400002F00F031209C35C04F8013D42EA017252
:10475000090952EA0103F3D150AB1B1BDDF80880B5
:104760000593059A03989DF8671082424FF0000365
:10477000B8BF0246CDE90C33079302920F9360E66F
:1047800002F00703D20842EA4172C908303352EA04
:104790000105204604F8013DF2D1029AD10700F14B
:1047A0004D8250AB1B1B90460593DAE70B9B652BA4
:1047B00040F3D480B5EE408BF1EE10FA40F0C181A9
:1047C000259BBA49CAF80010013301320121072B99
:1047D00026922593CAF8041000F351850AF1080ABD
:1047E0001B9B0E998B4280F2D082109B12991A4427
:1047F000CAE90013259B26920133072B259300F36A
:1048000097830AF1080A0E9B5C1E002C7FF7D0AD3F
:10481000102C259B40F36E851BEE106A102505E0D9
:104820000AF1080A103C102C40F364850133A049BA
:104830001032072BCAE90015CDE92532F0DD24AA94
:104840003146584605F070FC00287ED1DDE925325E
:104850000DF19C0AE6E7069B02995D1A002D7FF791
:104860008EAD102D259B21DD099410261BEE104ADC
:1048700004E0103D102D0AF1080A16DD01338C49C1
:104880001032072BCAE90016CDE92532F1DD24AA42
:10489000214658460DF19C0A05F046FC002854D1EB
:1048A000103D102DDDE92532E8DC099C8049CAF86D
:1048B000045001332A44072BCDE92532CAF80010F1
:1048C00000F32685039B05995D1A002D0AF1080A5D
:1048D0007FF75BAD102D259B1FDD514610261BEE8B
:1048E00010AA04E0103D102D01F1080114DD013380
:1048F0006F481032072BC1E90006CDE92532F1DD02
:1049000024AA5146584605F00FFCF0B9103D102D71
:10491000DDE9253227A9EADC8A4601336449CAF871
:1049200004502A44072BCDE92532CAF8001000F3C1
:10493000DA810AF1080A28E51BEE101A24AA584663
:1049400005F0F2FB00283FF447AD079B002B3FF436
:10495000A2AC07995846FEF7ADFE9CE40E9B012BD6
:1049600040F37A81259BCAF80040013301320121CE
:10497000072B26922593CAF8041000F3F8810AF158
:10498000080A1099129801330A44072BCAE900015A
:10499000CDE9253200F3DD810AF1080AB5EE408B3E
:1049A000F1EE10FA00F077810E99013301390134EC
:1049B0000A44072BCAF800402593CAF8041026922F
:1049C00000F35B810AF1080A1499CAF80410013354
:1049D0000A44072B1EA9CDE92532CAF800107FF73B
:1049E000E5AC1BEE101A24AA584605F09DFB0028E2
:1049F000ABD1269A0DF19C0ADAE4102DDDE92512DF
:104A00002C4E24DD179410231BEE104A084604E0B8
:104A1000103D102D0AF1080A17DD01301032072869
:104A2000CAE90063CDE92502F2DD24AA21465846F1
:104A30000DF19C0A05F078FB002886D1103D102D61
:104A4000DDE925024FF01003E7DC179C0146013138
:104A50002A440729CDE92512CAF80060CAF8045093
:104A600000F3BD839DF867100AF1080A5DE4CDF8F4
:104A700008800A2A71F1000380F045833032012357
:104A8000DDF808808DF83F2105930DF23F1468E6AC
:104A90001BEE101A24AA584605F046FB00287FF4A6
:104AA00054AF269A0DF19C0A52E400BF6021002009
:104AB000F4660020AC2700201BEE101A24AA5846EA
:104AC00005F032FB00287FF440AF269A0DF19C0AD6
:104AD00051E4102C259BBE4E1FDD1BEE108A1025C5
:104AE00004E0103C102C0AF1080A16DD01331032E4
:104AF000072BCAE90065CDE92532F2DD24AA41463B
:104B000058460DF19C0A05F00FFB00287FF41DAFFD
:104B1000103C102CDDE92532E8DC01332244072B60
:104B2000CAE90064CDE925327FF74BAC1BEE101AC1
:104B300024AA584605F0F8FA00287FF406AF269A12
:104B40003FE41B99002940F35A830C9E0E9B9E4222
:104B5000A8BF1E46002E0BDD259B01333244072BD8
:104B6000CAE900462692259300F389860AF1080ACD
:104B70000C9D002EA8BFAD1B002D00F303820C9BE3
:104B800018F4806F2344059340F01F821B9B0E99FD
:104B90008B4203DB18F0010F00F0CF8410991298BC
:104BA0000A44CAE900012599269201310729259175
:104BB00000F3A5860AF1080A0E996518CC1A059B20
:104BC000ED1AA542A8BF2546002D0DDDCAF800301C
:104BD000259BCAF8045001332A44072B26922593BB
:104BE00000F3BB860AF1080A002DA8BF641B002C45
:104BF0007FF7DEAB102C259B40F37C831BEE106A05
:104C0000102505E00AF1080A103C102C40F37283CD
:104C1000013370491032072BCAE90015CDE925325E
:104C2000F0DD24AA3146584605F07EFA00287FF4CC
:104C30008CAEDDE925320DF19C0AE5E7302B3FF41F
:104C40008BAD3023023804F8013C50AB1B1ADDF861
:104C500008800593044684E518F0010F7FF482AEC6
:104C6000259BCAF80040013301320121072B26920F
:104C70002593CAF804107FF7A5AE1BEE101A24AADC
:104C8000584605F051FA00287FF45FAEDDE9253281
:104C90000DF19C0A98E60E994C1E002C7FF794AEFD
:104CA000102C40F361831BEE106A102505E00AF119
:104CB000080A103C102C40F3578301334549103249
:104CC000072BCAE90015CDE92532F0DD24AA3146CB
:104CD000584605F029FA00287FF437AEDDE9253281
:104CE0000DF19C0AE5E71BEE101A24AA584605F0C0
:104CF0001BFA00287FF429AE269A0DF19C0AFFF7D3
:104D000044BB029B13F0100340F0C180029A12F0E2
:104D1000400200F07A83089850F8042B0890194656
:104D200092B2012351E418F0100355D118F040025B
:104D300000F05D83089850F8042B0890194692B251
:104D4000A8E4524261EB4101CDF808802D200123F7
:104D50003CE41BEE101A24AA584605F0E5F9002899
:104D60007FF4F3ADDDE925320DF19C0A16E61BEE6A
:104D7000101A24AA584605F0D7F900287FF4E5ADAB
:104D8000DDE925320DF19C0AFBE518F0010F3FF437
:104D90000FAB2AE5089399F80030FFF7CDB950AC76
:104DA000DFE418F4007F40F0DB8353F8042B089312
:104DB000D1170B46FFF7B6BB089B049853F8041BAA
:104DC0000893C217C1E900024C46FFF78BB900BF38
:104DD000AC270020F4660020089B53F8042B0893AE
:104DE00058E4B4EE488BF1EE10FA80F194860B9BF8
:104DF000612B00F05285412B00F0C085039B0133ED
:104E00000B9B23F0200500F08084472D04D1039BE9
:104E1000002B08BF0123039318EE903A002B48F4AF
:104E200080724646C0F21886B0EE48AB002390462A
:104E3000099307930B9B413B252B00F29883DFE8F6
:104E400013F06F0496039603960368046C049603AC
:104E5000960396039603960396039603960396038A
:104E6000960396039603960396039603960396037A
:104E7000960396039603960396039603960396036A
:104E80009603960396039603960368046C04089BA6
:104E900053F8042B08930123FFF797BB139B002BB8
:104EA0003FF4CFA9139B1B78002B3FF4CAA999F8B4
:104EB000003048F48068FFF73FB90B93CDF80880C5
:104EC000FFF7F1BB0B939A4B119318F0200100F000
:104ED0000581089B073323F00703596853F8082B13
:104EE000089318F0010F0AD052EA010307D00B9B78
:104EF0008DF86930302348F002088DF8683028F4C6
:104F0000806302930223FFF760BB0B93FFF7B6BBEE
:104F10000B93884B1193D8E7089B012153F8042B7E
:104F200002918DF8DC200893059137ACFFF7AFBAFA
:104F30001BEE101A24AA584605F0F6F800287FF454
:104F400004AD269A0DF19C0A5DE4039B0794062BA1
:104F5000224628BF062303942146CDE90C22764C35
:104F6000029305930F92FFF76CBA40215846FCF765
:104F700005FD20602061002800F00F86402363615A
:104F8000FFF79EB8102D259B40F35D8251461026F9
:104F90001BEE10AA04E00831103D102D40F35282A0
:104FA000013366481032072BC1E90006CDE92532EE
:104FB000F1DD24AA5146584605F0B6F800287FF4E2
:104FC000C4ACDDE9253227A9E6E70E9BCDF8249095
:104FD000E31803930D9BCDF82880139E059DDDF803
:104FE0005890DDF83C800B941BEE101A5046002BB5
:104FF00034D0B8F1000F35D10D9B013B013E0D932C
:10500000159BC0E90039259B01334A44072B2692A2
:1050100025936CDC0830039B96F800C05B1B63454E
:10502000A8BF6346002B9A460CDD259C01341A4428
:10503000072CC0E900532692259400F3778196F857
:1050400000C00830BAF1000FACBFACEB0A046446F4
:10505000002C0ADC65440D9B002BCAD1B8F1000F6F
:1050600000F0AC8308F1FF38CAE7102CDDF894C0DB
:1050700024DD05954FF0100A63460D4604E0103C10
:10508000102C00F1080016DD01332C491032072BDB
:10509000C0E9001ACDE92532F1DD24AA2946584697
:1050A00005F042F800287FF450AC103C102CDDE9EC
:1050B000253227A8E8DC2946059D9C460CF1010312
:1050C00022444460072B1D4C0460CDE9253200F3D7
:1050D000C68396F800C008306544BCE718F010039A
:1050E00000F0C280089B53F8042B0893F9E624AA29
:1050F0005846059105F018F800287FF426AC269A4A
:10510000059927A887E70298CDF81CA050AC00F4B9
:10511000806000250AEE10BA094BDDF84CA0CDF8EE
:105120001490A3464FF00508AC46044610E000BFBB
:1051300090270020582E0020A4270020F46600208D
:10514000CDCCCCCC0A2A71F1000136D34A46314687
:10515000501840F10000A3FB005626F0030505EBB4
:105160009605401B151A4FF0CC3661F1000E06FB78
:1051700005F6A5FB039503FB0E6609F0010E2E4410
:10518000AEFB085E2D184FEA590930350BF8015C6B
:1051900049EAC6790CF1010C0BF1FF3B7608002CB3
:1051A000D0D09AF800008445CCD1BCF1FF0FC9D013
:1051B0000A2A71F1000180F08F815C4650AB1B1B05
:1051C000DDF81490CDF84CA01AEE10BADDF81CA052
:1051D000DDF80880CDF838C00593FFF7C2BA1BEEA2
:1051E000101A24AA584604F09FFF00287FF4ADABA4
:1051F0009DF86710269A0DF19C0AFFF796B8259B3B
:10520000BE48CAF80000013301320120072B269264
:105210002593CAF8040000F377810AF1080A0029EF
:1052200040F0AF800E9908F001030B433FF4C0A893
:10523000109B12991A44CAE90013259B2692013348
:10524000072B259300F352820AF1080A0E99CAF837
:10525000004001330A44072BCDE92532CAF8041077
:105260007FF7A4A8FFF7BDBB18F0400200F0DD8077
:10527000089850F8042B0890194692B231E61BEEBC
:10528000101A24AA584604F04FFF00287FF45DABA3
:10529000269A0DF19C0AFFF7A3BA22AE082200213C
:1052A00030461D94FDF788FB039B5A1C00F0DB8001
:1052B0000025CDF80890CDF81C809946A8460CE052
:1052C00037A9584604F0EAFE431C404400F0C88366
:1052D000484508DC00F0188480461D9A5259334630
:1052E0000435002AECD1CDF81480DDF80890DDF803
:1052F0001C80C5E001338249CAF804402244072BD0
:10530000CAF80010CDE925327FF750A8FFF769BB36
:105310001BEE101A24AA584604F006FF00287FF45A
:1053200014AB269A0DF19C0AFFF729B824AA584617
:10533000059104F0F9FE00287FF407AB96F800C051
:10534000269A059927A87DE6012BCDF808807FF4E1
:10535000F3A9FFF793BB089B049953F8042B4C4621
:1053600011600893FEF7BEBE01336549CAF80440D8
:105370002244072BCDE92532CAF800107FF722AB73
:105380007BE4109B12981A44CAE90003259B2692DD
:105390000133072B259300F3A9810AF1080A00299C
:1053A000BFF654AF4D42103180F20F831BEE101A3E
:1053B000102605E00AF1080A103D102D40F3058380
:1053C00001334F481032072BCAE90006CDE92532D8
:1053D000F0DD24AA5846039104F0A6FE00287FF4CD
:1053E000B4AADDE9253203990DF19C0AE4E7089B94
:1053F00018F400711ABF114653F8042B53F8042B0C
:10540000089318BFD2B2FFF745B9029B13F400719D
:10541000089B1ABF114653F8042B53F8042B08932A
:1054200018BFD2B20123FFF7D0B8089B18F400715F
:105430001ABF114653F8042B53F8042B089318BFD6
:10544000D2B24EE58A4601332D49CAF804502A44A7
:10545000072BCDE92532CAF8001000F339810AF193
:10546000080AFFF78CBB0023194600961DAA584670
:1054700004F03AFE03460133059000F0F1821D94DA
:10548000059B002B4ED0632B00F31881002307935C
:1054900037AC082200213046FDF78EFA059D0096B4
:1054A0002B461DAA2146584604F01EFE854240F0B8
:1054B0007C83059A0023A35422EAE272CDE90C33DF
:1054C0009DF86710039302920F93FEF7BABF2D2148
:1054D0008DF86710FEF7A4BF169B1599ABEB030B75
:1054E0001A465846FDF720FB9AF80120054B0AB1F1
:1054F0000AF1010A4FF0000C28E600BF60210020ED
:10550000F4660020CDCCCCCC1BEE101A24AA584651
:1055100004F00AFE00287FF418AA1B99269A0DF1C0
:105520009C0A7CE6059B9DF867100F93CDE902333A
:10553000CDE90C330793FEF784BF0E9905986518E3
:105540002D1ACC1AA542A8BF2546FFF74DBB089BD4
:10555000049953F8042B089311804C46FEF7C2BD02
:1055600013F9042B0893D1170B46FEF7DBBF039A00
:10557000022122AB01931DAB009358461BABB0EE4A
:105580004A0B029203F014FF472D029A044600F0E2
:105590006181462D104405D12378302B00F06F82B5
:1055A0001B9A1044B5EE40ABF1EE10FA40F0468184
:1055B00003461B1B0E93472D00F01081462D00F073
:1055C000B5811B9B0C930C9B412D03F1FF331B9367
:1055D00000F0E5819DF82C200021002BB8BF0C9B2A
:1055E0008DF87820BABFC3F101032D222B22092B9D
:1055F0008DF8792040F3DA810DF18F05DFF81CC4B6
:105600002A4610468CFB0321DA17C2EBA10202EBFB
:105610008201A3EB4101303100F8011C19466329D6
:10562000134600F1FF32ECDC3033D9B2831E9D42C9
:1056300002F8011C40F28B8213460DF17A0201E060
:1056400013F8011B02F8011B9D42F9D10DF19103E2
:105650000DF17A021B1A13441EAA9B1A14930E9B77
:10566000149A012B1A44059240F30382059B109A69
:105670001344059326F48063059A43F4807800234D
:10568000CDE90C3322EAE2720F930292099B002BC0
:1056900040F0B1809DF867100393FEF7D2BE20461C
:1056A000FDF706FF02460590FEF720BF1BEE101A1D
:1056B00024AA584604F038FDFEF7EDBD591C5846A3
:1056C000FCF75CF90446002800F0CA810790E0E688
:1056D0001BEE101A24AA584604F026FD00287FF479
:1056E00034A9269A0DF19C0AFFF749BA1BEE101A4D
:1056F00024AA584604F018FD00287FF426A9DDE905
:1057000025321B990DF19C0A49E606230393FFF706
:1057100083BB039B02215A1C2BE7039A032128E732
:105720001BA8B0EE4A0B03F053FDB4EE007B20EE55
:10573000070BB5EE400BF1EE10FA01D101231B93DC
:10574000B348039BB3EE005B013B224604E0B5EE99
:10575000400BF1EE10FA13D020EE050BFDEEC07BEE
:10576000B3F1FF3F17EE901A415CB8EEE76B944639
:1057700030EE460B02F8011B194603F1FF33E6D168
:10578000B6EE006BB4EEC60BF1EE10FA00F34881F2
:10579000B4EE460BF1EE10FA04D117EE903ADB07A7
:1057A00000F13E81002906DB4B1C1344302102F836
:1057B000011B9342FBD1131B0E93FCE60B9C0E9B2B
:1057C000DDF82490DDF828801396E3189D422946E1
:1057D00028BF194682460591FFF7D8B91B9B0C9349
:1057E000DA1C02DB039A93420CDD0B9B023B0B930A
:1057F00023F02005E7E62D2100238DF867100393A1
:10580000FEF722BE0C9B0E9A9342C0F2BD80F007B9
:105810000C9B40F13281109A13440593710503D516
:105820000C9B002B00F33581059B23EAE373029365
:1058300067230B9300230F930D9327E7229B83424B
:10584000BFF4B7AE30215A1C22921970229B9842A5
:10585000F9D8AEE6F30700F1A780229BA9E624AAB7
:105860005846059104F060FC00287FF46EA896F875
:1058700000C0269A059927A86544FFF7ECBB1BEEEC
:10588000101A24AA584604F04FFC00287FF45DA8A3
:10589000269A0DF19C0AFFF76BB978238DF86930D1
:1058A00030238DF86830039B632B48F0020600F329
:1058B000A6800023079337AC18EE903A002B48F4EB
:1058C00081782BDBB0EE48AB0B9B23F02005002347
:1058D00009930B9B612B7FF4ADAAB0EE4A0B1BA87A
:1058E00003F076FCB4EE007B20EE070BB5EE400B28
:1058F000F1EE10FA01D101231B93464821E71BEE7C
:10590000101A24AA584604F00FFC00287FF41DA8A2
:105910001B9B269A0DF19C0AFFF74EB90B9B23F0B7
:1059200020052D230993B1EE48ABD2E71B9A0C92C8
:10593000002A06F0010340F30D8103990B4340F068
:10594000CF800C9B059366230B93720500F1A38017
:10595000059B23EAE37302936CE71BEE101A24AA5B
:10596000584604F0E1FB00287EF4EFAF1B9C0E9B31
:10597000269A1C1B0DF19C0AFFF736B958238DE7B8
:1059800000220392FEF7DABB0E9B109A9A180C9B2A
:105990000592002B40F3AB8067230B93D5E70B9A5E
:1059A0000F32D2B2012118E6A018FBE5002940F021
:1059B000A88030228DF87A200DF17B02303302F876
:1059C000013B1EABD31A149349E601331249CAF8BE
:1059D00004502A44072BCDE92532CAF800107FF77E
:1059E00033AC1BEE101A24AA584604F09DFB002885
:1059F0007EF4ABAFDDE925320DF19C0A26E4591C9B
:105A00005846FBF7BBFF044650B3079054E700BF6E
:105A1000582E002090270020F466002067666666F6
:105A2000CDF888C012F8011C90F80FC061451346EC
:105A30000AD14FF0300E03F801EC229B591E22913F
:105A400013F8011C8C45F6D0392916BF0131817A33
:105A5000C9B203F8011CAEE600239046079360E745
:105A60001BEE102AB2F90C3043F040039381FEF78D
:105A700016BCF5077FF5FEADF8E50593CEE6B5EE6D
:105A800040ABF1EE10FA3FF48BADC2F101021B9274
:105A900087E567230B9313990B78FF2B79D00025AB
:105AA0000C9A284603E001300131FF2B08D09342C5
:105AB00006DAD21A4B78002BF5D10B780135F4E7D2
:105AC0000C9213910D900F950F9A0D9B16991344FC
:105AD000059A01FB0323059323EAE3730293D5E5BB
:105AE000109BD3181944662305910B932DE7C3F13E
:105AF00001031A4422EAE2730293672305920B938F
:105B000098E60DF17A0259E7039BDDF80890DDF87D
:105B10001C800593B4E418EE903A002BB4BF2D21FD
:105B20009DF86710254C264BB8BF8DF8671028F0FC
:105B30008008FEF779BC039B0293059373239DF8BD
:105B4000671003900F900D900B93FEF77ABC022321
:105B5000149384E5039A134305D10123662202932B
:105B60000B92059366E6109B01331A4422EAE27316
:105B70000293662305920B935CE6089A99F801302C
:105B8000894652F8041B089241EAE1710391FEF73D
:105B9000D3BA00230F930D9396E70C23CBF8003074
:105BA0004FF0FF330493FEF781BB1BEE102A93895D
:105BB00043F040039381FEF7C8BE00BF8827002052
:105BC0008C270020000000002DE9F04F2DED088B00
:105BD000D1B00BEE101A1C461746834603F0A2FA0A
:105BE000036811931846FDF763FC0DF1800A1090CD
:105BF0000822002150460894FCF7DEFEBBF1000F9E
:105C000004D0DBF83430002B01F05F801BEE102A4B
:105C1000536ED80740F16E81B2F90C2093B29E0406
:105C200009D41BEE101A42F400528A8193B24A6ED4
:105C300022F400524A661D0740F1CF801BEE102A65
:105C40001269002A00F0C98003F01A020A2A00F043
:105C5000D48000239FEDA28B9FEDA39BCDE925333C
:105C6000CDE91333CDE9153327AA0E93249290463C
:105C700012930493B9469E4BD3F8E440FDF79AF98A
:105C80004A4603461CA9CDF800A05846A047002864
:105C900000F0D680C0F2CC801C9A252A034601D0A1
:105CA0009944E8E7B9EB0706054640F0CD800023AC
:105CB0004FF0FF328DF867301E46069309F1010957
:105CC00099F8003003922B24202509F10109A3F152
:105CD00020025A2A00F21D81DFE812F0A4021B0103
:105CE0001B019F021B011B011B016A001B011B0101
:105CF00051027B021B015C0285021B0180025B00DA
:105D00005B005B005B005B005B005B005B005B00BB
:105D10001B011B011B011B011B011B011B019F011F
:105D20001B01DE01F7029F019F019F011B011B0167
:105D30001B011B01F2021B011B01AE021B011B0117
:105D40001B01F8011B01DF021B011B0112071B01D4
:105D50001B011B011B011B011B011B011B019F01DF
:105D60001B01DE012B029F019F019F016E022B028E
:105D7000D9011B0161021B0120030B070E03D9018E
:105D80001B01F8017C000E071B011B01EA061B0129
:105D90007C00A3F13002002119F8013B01EB8101E5
:105DA00002EB4101A3F13002092AF5D906918EE7F1
:105DB000584603F0B7F9436815931846FDF778FB8A
:105DC0001690584603F0AEF983681393169B002B88
:105DD00040F0F18599F8003077E71BEE101A58462D
:105DE0001BEE105A03F09CF8002841F0BB83AB89EE
:105DF00003F01A020A2A7FF42CAF1BEE101AB1F935
:105E00000E20002AFFF625AF4A6ED20702D49E0567
:105E100041F1B9811BEE101A23463A46584601F06B
:105E2000BDFC0490049851B0BDEC088BBDE8F08F28
:105E3000082200215046FCF7BFFD012399441AE7D0
:105E4000B9EB0706054611D0269B33442693259BC4
:105E50000133072BC8E90076259312DC08F1080806
:105E6000049B33440493002D7FF421AF269B002B29
:105E700041F06F811BEE103A0022B3F90C302592ED
:105E80001CE01BEE101A24AA584601F003FD88B945
:105E90000DF19C08E4E71BEE101A24AA584601F005
:105EA000F9FC002800F0AD80079B1BB1079958460C
:105EB000FDF700FC1BEE103AB3F90C301BEE102A74
:105EC000526E12F0010F9AB200F0D780510601F124
:105ED0005283049851B0BDEC088BBDE8F08F00BF31
:105EE0000000000000000000FFFFFFFFFFFFEF7F4A
:105EF000EC6C0020B2F90C20910593B23FF58FAE07
:105F00001BEE105AA86DFDF7EFF8B5F90C2093B20F
:105F100085E60B93002BA9D000218DF8DC300123FE
:105F20008DF8671002930791059303910D910F91DE
:105F30000C9137AF16F00203099302D0029B023393
:105F4000029316F084030A9305D1069B029A9C1AC9
:105F5000002C00F35B83269A89B125990DF1670027
:105F600001310132C8F8000007294FF001002692E4
:105F70002591C8F8040000F3938308F10808099BF1
:105F800083B1259B1AA901330232C8F80010072BF0
:105F90004FF0020126922593C8F8041000F38D8378
:105FA00008F108080A9B802B00F06582039B059985
:105FB0005C1A002C00F39F82F40500F10682059B19
:105FC000C8F804301A44259BC8F800700133072B29
:105FD0002692259300F30D8308F10808740705D570
:105FE000069B02995C1A002C00F37483049B0699AB
:105FF00002988142ACBF5B181B180493002A7FF4FF
:106000004AAF00232593079B1BB107995846FDF71C
:1060100051FB0DF19C084F462CE60B93089B073370
:1060200023F00703B3EC028BB0EEC87BB4EE497BE0
:10603000F1EE10FA089340F3CD84B5EEC08BF1EE8B
:1060400010FA01F10D819DF86710A94FA94B26F0B8
:1060500080060B9A472AC8BF1F46002303220793D6
:106060000292059203930D930F930C9300293FF432
:1060700061AF029B013302935CE798053FF526AFC1
:106080001BEE104AA06DFDF731F8A2891EE799F8C2
:10609000003046F0200618E6432B0B9300F05F8596
:1060A000F50600F15C85089B012153F8042B029151
:1060B0008DF8DC200893059137AF00218DF867102B
:1060C000079103910D910F910C9133E70B93089B6E
:1060D0001A4600238DF86730134653F8047B089363
:1060E000002F00F02C850B9B532B00F00C8616F034
:1060F00010030C9340F00786039B5A1C01F022808A
:106100000C991A46384603F013F80790002801F05E
:10611000A682079BDA1B05920C9B039322EAE2728C
:106120000D930F93079373239DF8671002920B93BF
:106130009CE7B4060B93089B40F1CE80073323F015
:1061400007031A4611465B6851F8082B0891194657
:10615000002BC0F22984039B013300F0928226F0C9
:10616000800652EA0103029640F08C82039B002BCA
:1061700040F08D8200230393059350AFFAE0089B13
:1061800053F8042B0692002A80F2D483069A0893CF
:106190005242069299F8003046F0040695E599F8C7
:1061A00000306C2B03BF99F8013046F0200609F14E
:1061B000010946F0100688E599F80030682B03BF06
:1061C00099F8013046F4007609F1010946F04006DD
:1061D0007BE599F800308DF8674076E599F8003056
:1061E00046F0800671E5494611F8013B2A2B01F083
:1061F000B682A3F13002092A894698BF002101F234
:10620000608119F8013B01EB810102EB4101A3F12F
:106210003002092AF5D9039159E599F8003046F082
:10622000010652E59DF86730002B7FF4D3AD99F855
:1062300000308DF8675048E50B9346F0100616F0D5
:10624000200100F04E83089B073323F007035968B1
:1062500053F8082B089326F4806302930023002050
:10626000039C8DF86700661C6DD0029820F08006B4
:1062700052EA010066D1002C40F0A985002B7FF482
:1062800079AF029B13F00103059300F08083302364
:106290008DF83F310DF23F176CE00B9346F0100381
:1062A0000293029B13F0200100F02E83089B07331A
:1062B00023F00703596853F8082B08930123CEE70E
:1062C00099F8003046F00806FFE446F01006B406E0
:1062D0000B93089B3FF532AFF00600F15D8371062A
:1062E00040F1578333F9042B0893D1170B462FE75E
:1062F0008027002084270020089B46F0020202929B
:1063000053F8042B089347F63003ADF86830782033
:10631000934B1293002102230B90A0E7B30600F1E8
:10632000B683F70600F15885750600F19386B4052B
:1063300040F15285089B049953F8042B089311707F
:106340004F4697E40296012B00F09C81022B50AF40
:106350001FD1129802F00F031209C35C07F8013D28
:1063600042EA0172090952EA0103F3D1029E50ABDD
:10637000DB1B0593059A03989DF8671082424FF046
:106380000003B8BF0246079302920D930F930C933C
:106390006CE602F00703D20842EA4172C9083033C2
:1063A00052EA0104384607F8013DF2D1029EF50792
:1063B000DDD5302BDAD03023023807F8013C50AB62
:1063C0001B1A029E05930746D4E70B9B652B40F3EF
:1063D000CD80B5EE408BF1EE10FA40F0B381259BF5
:1063E0006049C8F80010013301320121072B2692C1
:1063F0002593C8F8041000F3788408F108081B9B63
:106400000E998B4280F29282109B11991A44C8E92E
:106410000013259B26920133072B259300F38283DB
:1064200008F108080E9B5C1E002C7FF7D7AD102CDE
:10643000259B40F3BF841BEE107A102505E008F180
:106440000808103C102C40F3B58401334649103243
:10645000072BC8E90015CDE92532F0DD24AA39461D
:10646000584601F017FA00287FF41EADDDE9253209
:106470000DF19C08E5E7069B02995C1A002C7FF75A
:1064800095AD102C259B22DD099610251BEE106A78
:1064900004E0103C102C08F1080817DD01333249E4
:1064A0001032072BC8E90015CDE92532F1DD24AA09
:1064B000314658460DF19C0801F0ECF900287FF4B4
:1064C000F3AC103C102CDDE92532E7DC099E2649AF
:1064D000C8F8044001332244072BCDE92532C8F81F
:1064E000001000F31183039B05995C1A002C08F13E
:1064F00008087FF761AD102C259B21DD4146102552
:106500001BEE108A04E0103C102C01F1080116DD8E
:10651000013315481032072BC1E90005CDE92532BA
:10652000F1DD24AA4146584601F0B4F900287FF471
:10653000BBAC103C102CDDE9253227A9E8DC8846ED
:1065400001330949C8F804402244072BCDE925321C
:10655000C8F8001000F3B78108F108082CE500BF67
:106560009027002060210020046700200E9B012B53
:1065700040F36381259BC8F800700133013201218B
:10658000072B26922593C8F8041000F3198308F10D
:1065900008081099119801330A44072BC8E9000133
:1065A000CDE9253200F3FE8208F10808B5EE408BF4
:1065B000F1EE10FA00F05F810E99013301390137D5
:1065C0000A44072BC8F800702593C8F804102692D7
:1065D00000F3438108F108081499C8F80410013346
:1065E0000A44072B1EA9CDE92532C8F800107FF711
:1065F000F3AC1BEE101A24AA584601F04BF9002800
:106600007FF452AC269A0DF19C08E7E4102CDDE9EA
:106610002512BB4D25DD179610231BEE106A084688
:1066200004E0103C102C08F1080818DD013010328D
:106630000728C8E90053CDE92502F2DD24AA314636
:1066400058460DF19C0801F025F900287FF42CAC88
:10665000103C102CDDE925024FF01003E6DC179EFC
:106660000146013122440729CDE92512C8F800501E
:10667000C8F8044000F319839DF8671008F1080872
:106680006AE402960A2A71F1000380F0AF82303288
:106690000123029E8DF83F2105930DF23F1769E615
:1066A0001BEE101A24AA584601F0F4F800287FF4D3
:1066B000FBAB269A0DF19C0861E41BEE101A24AA8C
:1066C000584601F0E7F800287FF4EEAB269A0DF16A
:1066D0009C0867E4102C259B894D1FDD1BEE107A6A
:1066E000102604E0103C102C08F1080816DD0133D8
:1066F0001032072BC8E90056CDE92532F2DD24AA75
:10670000394658460DF19C0801F0C4F800287FF482
:10671000CBAB103C102CDDE92532E8DC0133224400
:10672000072BC8E90054CDE925327FF75FAC1BEE9B
:10673000101A24AA584601F0ADF800287FF4B4AB33
:10674000269A53E41B99002940F3F9800C9D0E9B77
:106750009D42A8BF1D46002D0BDD259B01332A4419
:10676000072BC8E900752692259300F37C8608F173
:1067700008080C9C002DA8BF641B002C00F361834B
:106780000C9B71053B44059300F178851B9C0E9B87
:106790009C4202DBF30740F14C84109B11991A4490
:1067A000C8E90013259B26920133072B259300F39C
:1067B000688608F108080E9B1C1BFD18059BED1A46
:1067C000A542A8BF2546002D0DDDC8F80030259B49
:1067D000C8F8045001332A44072B2692259300F36E
:1067E0005F8608F10808002DA8BF641B002C7FF706
:1067F000F5AB102C259B40F3DD821BEE107A1025A3
:1068000005E008F10808103C102C40F3D382013356
:106810003C491032072BC8E90015CDE92532F0DDDF
:1068200024AA3946584601F035F800287FF43CABDD
:10683000DDE925320DF19C08E5E7F5073FF59AAE55
:10684000259BC8F80070013301320121072B2692E5
:106850002593C8F804107FF7BDAE1BEE101A24AACA
:10686000584601F017F800287FF41EABDDE9253209
:106870000DF19C08B0E60E994C1E002C7FF7ACAED3
:10688000102C40F3B2821BEE107A102505E008F1BF
:106890000808103C102C40F3A8820133194910322B
:1068A000072BC8E90015CDE92532F0DD24AA3946C9
:1068B000584600F0EFFF00287FF4F6AADDE9253204
:1068C0000DF19C08E5E71BEE101A24AA584600F0CB
:1068D000E1FF00287FF4E8AA269A0DF19C08FFF753
:1068E0006BBB16F0100340F0DD8016F0400200F0A4
:1068F000D982089850F8042B0890194692B2AAE45D
:10690000BC27002004670020029B13F0100340F016
:10691000B780029A12F0400200F0B482089850F852
:10692000042B0890194692B2012398E4F0077FF5F2
:1069300055AB69E5089399F80030FFF7C6B9259B78
:10694000A648C8F80000013301320120072B269227
:106950002593C8F8040000F3628508F108080029AF
:1069600040F050820E9906F001030B433FF436AB22
:10697000109B11991A44C8E90013259B26920133F4
:10698000072B259300F3F08308F108084BE250AF82
:10699000F0E4B20500F1578353F8042B0893D117A4
:1069A0000B46002BBFF6D7AB524261EB410102967A
:1069B0002D20012354E4139B002B3FF40BAA139BBF
:1069C0001B78002B3FF406AA99F8003046F4806645
:1069D000FFF77BB9B4EE488BF1EE10FA80F18886B0
:1069E0000B9B612B00F03D85412B00F03C83039B0A
:1069F00001330B9B23F0200400F02986472C04D19F
:106A0000039B002B08BF0123039318EE903A002B41
:106A100046F480723546C0F2C785B0EE48AB00231D
:106A20001646099307930B9B413B252B00F26A8284
:106A3000DFE813F0C303680268026802BC03C00306
:106A400068026802680268026802680268026802F6
:106A500068026802680268026802680268026802E6
:106A600068026802680268026802680268026802D6
:106A7000680268026802680268026802BC03C00318
:106A8000089B53F8042B08930123FFF7E8BB089BEE
:106A9000049853F8041B0893C217C1E900024F463B
:106AA000FFF7E8B8089B53F8042B0893FFF7D3BB14
:106AB0000B934B4B129316F020016AD0089B0733BF
:106AC00023F00703596853F8082B0893F7070AD5F2
:106AD00052EA010307D00B9B8DF86930302346F052
:106AE00002068DF8683026F4806302930223FFF7D4
:106AF000B6BB0B93FFF7A3BB0B930296FFF7D1BB7B
:106B00000B93384B1293D6E71BEE101A24AA584663
:106B100000F0C0FE00287FF4C7A9269A0DF19C085A
:106B2000FFF744BA1BEE101A24AA584600F0B2FE32
:106B300000287FF4B9A9269A0DF19C0872E4039B02
:106B40000797062B3A4628BF062303973946029338
:106B5000254F05930D920F920C92FFF787BA089C70
:106B60000822002122A837AFFBF726FF22AB54F8FA
:106B7000042B3946584603F091FA03460133059039
:106B800000F00985059B089423EAE3730293FFF75D
:106B900094BA16F0100300F09D80089B53F8042B64
:106BA000089393E71BEE101A24AA584600F072FED1
:106BB00000287FF479A9DDE925320DF19C08F5E480
:106BC0001BEE101A24AA584600F064FE00287FF439
:106BD0006BA9DDE925320DF19C08DAE46021002083
:106BE00090270020582E0020A42700200298CDF8DE
:106BF0001C8050AF00F4806000240AEE10BABF4B36
:106C0000DDF84C80CDF81490BB460526A446074617
:106C100005E00A2A71F1000136D34A462946501888
:106C200040F10000A3FB004525F0030404EB9504AC
:106C3000001B141A4FF0CC3561F1000E05FB04F572
:106C4000A4FB039403FB0E5509F0010E2544AEFB93
:106C5000064E24184FEA590930340BF8014C49EA22
:106C6000C5790CF1010C0BF1FF3B6D08002FD0D062
:106C700098F800008445CCD1BCF1FF0FC9D00A2A96
:106C800071F1000180F0BF825F4650ABDB1BDDF885
:106C90001490CDF84C801AEE10BADDF81C80029EDC
:106CA000CDF838C00593FFF765BB1BEE101A24AA78
:106CB000584600F0EFFD00287FF4F6A89DF8671015
:106CC000269A0DF19C08FFF747B95846FBF716FCCA
:106CD000FEF79CBF16F0400200F0F280089850F8D2
:106CE000042B0890194692B2F0E61BEE101A24AA63
:106CF000584600F0CFFD00287FF4D6A8269A0DF163
:106D00009C08FFF77CBB22AD0822002128461D9776
:106D1000FBF752FE039B581C00F068830024CDF85B
:106D200008900796994626460CE037A9584603F086
:106D3000B5F9411C304400F02E84484508DC00F0D1
:106D4000E78406461D9A12592B460434002AECD1DA
:106D50000596DDF80890079E059B002B00F05483F4
:106D6000632B40F3D883591C5846FAF707FE0746B1
:106D7000002800F010840790082200212846FBF725
:106D80001BFE059C009523461DAA3946584603F074
:106D9000ABF9844240F0EF84059A0023BB5422EA09
:106DA000E2729DF86710039302920D930F930C9378
:106DB000FFF75CB901335249C8F804402244072B5D
:106DC000C8F80010CDE925327FF706A911E4012BA0
:106DD00002967FF4BBAA5AE4089B049953F8042B4B
:106DE0004F4611600893FEF745BF01334449C8F888
:106DF00004402244072BCDE92532C8F800107FF764
:106E0000E9AB2AE5109B11981A44C8E90003259BB9
:106E100026920133072B259300F3A68108F1080879
:106E20000029C0F27C830E99C8F8007001330A442F
:106E3000072BCDE92532C8F804107FF7CDA8FFF75E
:106E4000D8BB102C259B49DD414610251BEE108A2E
:106E500003E00831103C102C3FDD0133284810328C
:106E6000072BC1E90005CDE92532F2DD24AA414610
:106E7000584600F00FFD00287FF416A8DDE9253202
:106E800027A9E7E7029B13F40071089B1ABF11467C
:106E900053F8042B53F8042B089318BFD2B20123E4
:106EA000FFF7DDB9089B16F400711ABF114653F8BD
:106EB000042B53F8042B089318BFD2B2FFF7CBB9B9
:106EC000089B16F400711ABF114653F8042B53F8AF
:106ED000042B089318BFD2B2F8E58846013308495D
:106EE000C8F804402244072BCDE92532C8F8001029
:106EF00000F34E8108F1080842E400BFCDCCCCCCB1
:106F000004670020039A022122AB01931DAB00937A
:106F100058461BABB0EE4A0B029202F049FA472CDE
:106F2000029A074600F08A82462C104405D13B782D
:106F3000302B00F0A2831B9A1044B5EE40ABF1EE6B
:106F400010FA40F047820346DB1B0E93472C00F0FB
:106F50004681462C00F0B9821B9B0C930C9B412C64
:106F600003F1FF331B9300F0D1829DF82C20002108
:106F7000002BB8BF0C9B8DF87820BABFC3F101037A
:106F80002D222B22092B8DF8792040F349830DF116
:106F90008F04B64E2246104686FB0321DA17C2EB59
:106FA000A10202EB8201A3EB4101303100F8011C88
:106FB00019466329134600F1FF32ECDC3033D9B2B5
:106FC000831E9C4202F8011C40F2B38313460DF16C
:106FD0007A0201E013F8011B02F8011B9C42F9D16F
:106FE0000DF191030DF17A021B1A13441EAA9B1A8C
:106FF00014930E9B149A012B1A44059240F32B8391
:10700000059B109A13440593059A25F4806343F475
:10701000807622EAE27200230D9302920F930C9382
:10702000099B002B40F0E8809DF867100393FFF761
:107030001DB80E9B0599FD186D1A1C1BA542A8BF13
:107040002546FFF7D0BB13F9042B0893D1170B4645
:10705000FFF77EB8089B049953F8042B089311801E
:107060004F46FEF707BE58238DF8693030238DF860
:107070006830039B632B46F0020500F3DF82002398
:10708000079337AF18EE903A002B46F48176C0F2A2
:107090003382B0EE48AB0B9B23F02004002309930E
:1070A0000B9B612B7FF4BFACB0EE4A0B1BA802F028
:1070B0008FF8B4EE007B20EE070BB5EE400BF1EE3F
:1070C00010FA01D101231B936948039BB3EE005BC7
:1070D000013B3A4604E0B5EE400BF1EE10FA13D056
:1070E00020EE050BFDEEC07BB3F1FF3F17EE901ACB
:1070F000415CB8EEE76B944630EE460B02F8011B9C
:10710000194603F1FF33E6D1B6EE006BB4EEC60BC1
:10711000F1EE10FA00F34C82B4EE460BF1EE10FAE9
:1071200004D117EE903ADB0700F14282002906DB1A
:107130004B1C1344302102F8011B9342FBD1D31B9B
:107140000E9303E73846FCF7B3F902460590FEF7C5
:10715000E3BF1BEE101A24AA584600F09BFB002840
:107160003EF488AEFEF7A6BE1BEE101A24AA5846BF
:1071700000F090FB00287EF497AEDDE925321B99E4
:107180000DF19C084CE6886DFBF7B0FFFEF742BEA0
:107190001BEE101A24AA584600F07CFB00287EF44F
:1071A00083AE269A0DF19C08FFF7EABA039B0221F1
:1071B0005A1CA9E6039A0321A6E61BA8B0EE4A0BC7
:1071C00002F006F8B4EE007B20EE070BB5EE400BA4
:1071D000F1EE10FA01D101231B93264875E71B9BA2
:1071E0000C93DC1C02DB039A93421DDD0B9B023BDC
:1071F0000B9323F02004B1E62D2100238DF86710B6
:107200000393FEF736BF169B1599ABEB030B1A469B
:107210005846FBF789FC98F80120174B0AB108F192
:1072200001084FF0000CF8E40C9B0E9A9342C0F258
:10723000A781E9070C9B40F11E82109A1344059325
:107240006A0503D50C9B002B00F32882059B23EADB
:10725000E373029367230B9300230D930F93DFE6F1
:107260002D218DF86710FEF7F0BE00BF67666666D9
:1072700090270020582E0020CDCCCCCC0E9BCDF8F2
:1072800024904046DDF83C800A96FB180393059D48
:10729000139EDDF858900D9B0B971BEE101AB8F15A
:1072A000000F31D0002B77D1013E08F1FF38159B3C
:1072B000C0E90039259B01334A44072B26922593C8
:1072C0006EDC0830039B96F800C05B1B6345A8BFCB
:1072D0006346002B1F460BDD259C01341A44072C06
:1072E000C0E900532692259466DC96F800C0083069
:1072F000002FACBFACEB07046446002C15DC6544E2
:107300000D9BB8F1000FCDD1002B45D10B9F0E9BEB
:107310001396FB189D42294628BF1946DDF8249094
:107320000A9E05918046FFF731BA102CDDF894C013
:1073300023DD0595102763460D4604E0103C102C14
:1073400000F1080016DD0133A7491032072BC0E910
:107350000017CDE92532F1DD24AA2946584600F070
:1073600099FA00287EF4A0AD103C102CDDE92532FE
:1073700027A8E8DC2946059D9C460CF10103224420
:107380004460072B984C0460CDE925325ADC96F80E
:1073900000C008306544B3E70D9B013B0D9386E7C1
:1073A00024AA5846059100F075FA00287EF47CADB9
:1073B000269A059927A885E724AA5846059100F042
:1073C00069FA00287EF470AD96F800C0269A0599F7
:1073D00027A88DE7229B8342BFF4B6AD30215A1C0B
:1073E00022921970229B9842F9D8ADE500231946E4
:1073F00000951DAA584602F077FE0346013305901A
:1074000000F0C9801D97A7E4059B9DF867100D93B8
:10741000CDE902330F930C930793FEF727BE1BEEC3
:10742000101A24AA584600F035FA00287EF43CAD24
:107430001B99269A0DF19C08FFF791BAEB0763D4CC
:10744000229B81E524AA5846059100F023FA0028E2
:107450007EF42AAD96F800C0269A059927A86544BF
:107460004EE7782300E61BEE101A24AA584600F0D7
:1074700011FA00287EF418AD269A0DF19C08FFF74A
:1074800078B91BEE101A24AA584600F003FA002817
:107490007EF40AAD1B9C269A0DF19C08FFF78BB970
:1074A0001BEE101A24AA584600F0F4F900287EF4C6
:1074B000FBAC1B9C0E9B269A1C1B0DF19C08FFF736
:1074C00092B900220392FEF702BC1B9A0C92002A8A
:1074D00005F0010340F3308103990B4340F0D7805E
:1074E0000C9B059366230B936A0500F1D980059BDD
:1074F00023EAE3730293AFE60B9B23F020042D23D2
:107500000993B1EE48ABCBE5B81816E50B9A0F32EC
:10751000D2B201212CE50023079337AF2CE44C4273
:10752000103163DA1BEE101A102504E008F1080888
:10753000103C102C5ADD01332B481032072BC8E9C0
:107540000005CDE92532F1DD24AA5846039100F06B
:10755000A1F900287EF4A8ACDDE9253203990DF1EC
:107560009C08E5E76B6ED80705D4AB89990502D472
:10757000A86DFBF7BBFD4FF0FF330493FEF7A9BCEA
:107580000E9B109A9A180C9B0592002B40F3C78013
:1075900067230B93A8E71BEE102AB2F90C3043F0D7
:1075A00040039381FEF78ABC002316460793A6E7A3
:1075B000CDF888C012F8011C90F80FC08C45134616
:1075C0000AD14FF0300E03F801EC229B591E229194
:1075D00013F8011C8C45F6D0392916BF0131817A88
:1075E000C9B203F8011CAAE5046700200133684909
:1075F000C8F804402244072BCDE92532C8F8001012
:107600007FF7C2A91BEE101A24AA584600F042F9CF
:1076100000287EF449ACDDE925320DF19C0802E436
:10762000002962D130228DF87A200DF17B023033AF
:1076300002F8013B1EABD31A1493DAE4591C5846E6
:10764000FAF79CF907460028A5D007901AE506230B
:107650000393FFF7DAB9E8077FF5D6ACD0E4039BD4
:107660000293059373239DF8671003900D900F907C
:107670000B93FEF7FBBC0593E2E5B5EE40ABF1EEF4
:1076800010FA3FF458ACC2F101021B9254E4109B73
:10769000D3181944662305910B9325E767230B93B1
:1076A00013990B78FF2B6ED000240C9A204603E030
:1076B00001300131FF2B08D0934206DAD21A4B7801
:1076C000002BF5D10B780134F4E713910C920F9055
:1076D0000D940D9A0F9B16991344059A01FB0323F1
:1076E000059323EAE37302939AE40DF17A029EE78D
:1076F00018EE903A002BB4BF2D219DF86710254F4E
:10770000254BB8BF8DF8671026F08006FEF7A1BCA8
:10771000039BDDF80890079E0593FFF71DBBC3F19F
:1077200001031A4422EAE2730293672305920B9342
:1077300092E5022314935CE4039A134305D10123D9
:10774000662202930B92059386E5109B01331A443F
:1077500022EAE2730293662305920B937CE5089A72
:1077600099F80130894652F8041B089241EAE17108
:107770000391FEF7AABA1BEE102A938943F0400347
:107780009381FEF791BB00230D930F93A1E700BFF8
:1077900004670020882700208C27002070B50C4645
:1077A0008989ADF58E6D21F00201ADF81410616E7E
:1077B0001B91E189ADF81610E1690991616A0B919D
:1077C0001CA9029106914FF480610646049107912D
:1077D00018A80021CDE900320891FBF781FCDDE912
:1077E000003202A93046FEF7EFF9051E07DB02A9B9
:1077F000304601F05DF9002818BF4FF0FF35BDF8A5
:1078000014305B0603D5A38943F04003A381189885
:10781000FBF768FC28460DF58E6D70BD2DE9F84F1D
:107820004B6E9C0490462DD59368126843B38B46EB
:10783000064602F1080959E9025A5FEA9A0715D08B
:10784000043D002401E0A7420ED055F8041F5A461B
:10785000304601F021FC431C04F10104F3D1002364
:10786000C8E90133BDE8F88FD8F808302AF0030AD8
:10787000A3EB0A03C8F8083009F10809002BDAD194
:107880000020ECE701F03EF90023C8E90133BDE830
:10789000F88F00BF10B494681CB15DF8044BFFF77B
:1078A000BDBF204654605DF8044B70472DE9F04F92
:1078B0002DED028BC5B00DF1500A834608EE101A6B
:1078C00016460021082250461C460793FBF774F821
:1078D000BBF1000F04D0DBF83430002B00F0A086A1
:1078E00018EE102A536EDB0740F11385B2F90C1025
:1078F0008AB295040BD418EE103A41F400519981E4
:107900005B6E8AB218EE101A23F400534B66100710
:1079100040F1058118EE103A1B69002B00F0FF8042
:1079200002F01A030A2B00F00A810023CDE9193373
:10793000CDE90D331BAA0C93189291460B93059336
:10794000B0464446A84BD3F8E450FBF733FB22463D
:10795000034612A9CDF800A05846A847002800F019
:107960004581C0F23981129A252A034601D01C4470
:10797000E8E7B4EB0806054640F03C810023617857
:107980008DF8433004F1010806934FF0FF371E468F
:107990002B2408F10108A1F120035A2B00F2788171
:1079A000DFE813F0B50276017601B00276017601C8
:1079B00076016A00760176017D028D0276018802E9
:1079C0009702760192025B005B005B005B005B004C
:1079D0005B005B005B005B0076017601760176015F
:1079E000760176017601760176015C0284007601EB
:1079F00076017601760176017601760176017601CF
:107A00007601E80076017601760133027601DA022A
:107A1000760176018B057601760176017601760195
:107A2000760176017601760176015C0286007601A8
:107A300076017601CD0286007F007601C0027601D4
:107A4000FD02EA00ED027F00760133027C00690549
:107A5000760176016B0576017C00A1F130030022EE
:107A600018F8011B02EB820203EB4202A1F1300382
:107A7000092BF5D906928EE7584601F053FB43686F
:107A80000D931846FBF714FD0E900546584601F07D
:107A900049FB83680B93002D40F0D68498F80010C2
:107AA00077E798F8001046F0200672E746F01006D7
:107AB000B40640F18E81079B073323F007031A4673
:107AC000596852F8083B07920A460029C0F27084B0
:107AD000791C00F0A28526F08001039153EA02018F
:107AE00000F03F840A2B72F1000180F041853033B1
:107AF0008DF80F31039E012304930DF20F14049BA4
:107B0000BB42B8BF3B460393002308939DF8433024
:107B1000002B00F0CB80039B01330393C6E018EEEB
:107B2000101A584618EE105A01F0FAF9002840F0E1
:107B30005286AA8902F01A030A2B7FF4F6AE18EED9
:107B4000101AB1F90E30002BFFF6EFAE4B6EDB07CB
:107B500002D4970540F1128618EE101A23463246D9
:107B6000584600F069FE0590059845B0BDEC028BC3
:107B7000BDE8F08F46F0100616F0200200F03681C6
:107B8000079B073323F0070319465A6851F8083B4F
:107B9000079126F480610391002100208DF84300B5
:107BA000781C00F01082039820F0800653EA02004F
:107BB00040F00882002F40F03885002940F0D5833E
:107BC000039B13F00103049300F0118430238DF81C
:107BD0000F310DF20F1492E7082200215046FAF7F8
:107BE000EBFE01231C44ADE6EC6C0020B4EB080670
:107BF00005461BD0199B1A9A01333244072BC9E959
:107C000000861A9219931CDD002A00F0A68318EE54
:107C1000101A18AA5846FFF701FE20BB0DF16C0997
:107C2000059B33440593002D7FF4A8AE1A9B002BCF
:107C300040F0C18518EE103A0022B3F90C301992C9
:107C400015E009F10809EBE718EE101A18AA5846D2
:107C5000FFF7E4FD002800F0A680089B1BB10899FF
:107C60005846FBF727FD18EE103AB3F90C3018EE22
:107C7000102A526E12F0010F9AB200F0A080500646
:107C800000F1B285059845B0BDEC028BBDE8F08FE0
:107C90000029CBD000238DF843300123CDE90333F5
:107CA0008DF8AC102BAC002308931F4616F002038E
:107CB000099302D0039B0233039316F084030A93C3
:107CC00005D1069B039A9D1A002D00F37B82DDE906
:107CD0001903411C9DF8432082B101220133C9F8E8
:107CE000042007290DF14302CDE91913C9F800203A
:107CF00000F34A82084609F108090131099AE2B104
:107D000011AA0233C9F8002007294FF00202CDE979
:107D10001913C9F8042040F35082002B00F043836C
:107D200018EE101A18AA5846FFF778FD002894D1CB
:107D3000DDE919030DF16C09411C0A9A802A00F053
:107D40008481049ABD1A002D00F3D781049AC9F8E2
:107D5000004013440729CDE91913C9F8042040F362
:107D60006E81002B00F0758218EE101A18AA584682
:107D7000FFF754FD00287FF470AF1A9B0DF16C09DA
:107D8000750705D5069A0399541A002C00F36B82E7
:107D9000DDE9052103988142ACBF52181218059203
:107DA000002B7FF451AF089900231993002900F0AC
:107DB00049815846FBF77EFC0DF16C09C1E59C0535
:107DC0003FF55DAF18EE104AA06DFBF78FF9A28961
:107DD00055E7F006079A00F11F83710640F11983F9
:107DE00032F9043B0792DA1711466EE616F01003DB
:107DF000079940F0098316F0400000F001831A460D
:107E000051F8043B07919BB2C3E6079B1A46002337
:107E10008DF84330134653F8044B0393002C00F0C5
:107E20001284532900F0658316F0100540F0618339
:107E30007B1C00F0B3843A462946204601F078F9CD
:107E40000890002800F09F84031B039A049323EA00
:107E5000E3732F4607920393089557E6432902D010
:107E6000F50640F12D83079D0822002116A82BACB2
:107E7000FAF7A2FD16AB55F8042B2146584602F03E
:107E80000DF903460133049000F0B384049B079579
:107E900023EAE373039300238DF8433003E7079B42
:107EA00053F8042B0692002A80F29C82069A5242D2
:107EB000CDE9062398F8001046F0040669E598F825
:107EC00000108DF8434064E598F8001046F08006F5
:107ED0005FE5424612F8011B2A2900F09684A1F1C1
:107EE0003003092B90464FF000073FF654AD18F8C9
:107EF000011B07EB870703EB4707A1F13003092BB1
:107F0000F5D948E598F8001046F0010641E59DF8DE
:107F10004330002B7FF4C2AD202398F800108DF879
:107F2000433036E598F800106C2903BF98F801102B
:107F300046F0200608F1010846F0100629E598F8F9
:107F40000010682903BF98F8011046F4007608F184
:107F5000010846F040061CE546F010030393039B1E
:107F600013F0200200F00682079B073323F007037B
:107F700019465A6851F8083B079101210DE6079A06
:107F800046F00203039352F8043B079247F630028F
:107F9000ADF84420B84A0C9202210022FDE5B70654
:107FA00000F14882F50600F14683740600F1D5839E
:107FB000B00540F14083079B059953F8042B0793C4
:107FC0001170BEE4039601293FF48CAD022944AC44
:107FD00011D10C9803F00F011B09415C04F8011D3D
:107FE00043EA0273120953EA0201F3D1039E44AB40
:107FF0001B1B049383E503F00701DB0843EA42738C
:10800000D208303153EA0205204604F8011DF2D1AE
:10801000039EF307EBD53029E8D03023023804F86B
:10802000013C44AB1B1A039E0493044667E5049B82
:108030001B9401221C931A9319920DF16C0909F1FA
:1080400008099DE60DF16C097BE4069A039D551B1A
:10805000002D7FF776AE102D40F3BB83099418EE08
:10806000104A07E000F1020C09F108091046103D22
:10807000102D1EDD8149C9F80010421C103310215B
:10808000072ACDE91923C9F80410EBDD18AA002B43
:1080900074D0214658460DF16C09FFF7BFFB00284C
:1080A0007FF4DBADDDE91903103D102D00F1010C6B
:1080B000E0DC099C714AC9F804502B44BCF1070F5D
:1080C000CDE919C3C9F8002040F39481002B00F0DA
:1080D0001F8318EE101A18AA5846FFF79FFB0028B6
:1080E0007FF4BBAD049ADDE91903BD1A002D00F140
:1080F00001010DF16C097FF729AE102D29DD0994DE
:10810000102718EE104A07E000F1020C09F10809E7
:108110001046103D102D1ADD421C58491033072A15
:10812000C9E90017CDE91923EEDD18AA03B32146EA
:1081300058460DF16C09FFF771FB00287FF48DADF7
:10814000DDE91903103D102D00F1010CE4DC099C60
:1081500061464A4AC9F804502B440729CDE919134E
:10816000C9F8002000F3E78009F108090131EDE5C5
:108170004FF0010C18460DF16C09CAE74FF0010CE5
:1081800018460DF16C0972E7002B00F0048118EE1F
:10819000101A18AA5846FFF741FB00287FF45DAD7E
:1081A000DDE919030DF16C09411CA7E5022311AAB1
:1081B0001C931B9201210DF16C09084609F1080975
:1081C000411CBAE5102D40F3E582DDE919130F9447
:1081D000084618EE104A07E000F1020C09F1080900
:1081E0001046103D102D1DDD2549C9F80010421C18
:1081F00010331021072ACDE91923C9F80410EBDD4B
:1082000018AA03B3214658460DF16C09FFF706FB87
:1082100000287FF422ADDDE91903103D102D00F197
:10822000010CE1DC0F9C6046154AC9F804502B4450
:108230000728CDE91903C9F8002000F3C18009F12E
:108240000809411C46E518464FF0010C0DF16C0978
:10825000C7E77607199353D5069A0399541A002C49
:108260004EDD0DF16C09102C40F3B082199918EE17
:10827000106A10250DE000BF902700201467002031
:10828000CC270020881C09F108091146103C102C4D
:108290001ADD4A1CB3481033072AC9E90005CDE9A5
:1082A0001923EFDD18AA33B331465846FFF7B6FA63
:1082B00000287FF4D2ACDDE91913103C102C01F139
:1082C00001000DF16C09E4DCA64AC9F8044023441E
:1082D0000728CDE91903C9F800207FF759AD7BB114
:1082E00018EE101A18AA5846FFF798FA00287FF4DB
:1082F000B4AC1A9B4CE5012019460DF16C09C5E799
:10830000DDE9053203998A42ACBF9B185B180593DF
:1083100049E5B2F90C108F0518EE103A8AB23FF514
:10832000E8AA18EE105A986DFAF7DEFEB5F90C10AF
:108330008AB2FFF7DEBA002B3FF479AE18EE101ABE
:1083400018AA5846FFF76AFA00287FF486AC1999F4
:108350001A9B01310DF16C09F8E419920DF16C09C9
:108360005EE4002F7FF4C3AB039E0027049744AC68
:10837000FFF7C5BB039B13F0100354D1039A12F00F
:10838000400000F06B8107991A4651F8043B0791B1
:108390009BB2012101E4099A002A64D11846012107
:1083A0000DF16C09C9E4012118460DF16C09C4E412
:1083B0005B4262EB420203962D200121FFF7EEBBE8
:1083C000002B00F0888018EE101A18AA5846FFF704
:1083D00025FA00287FF441ACDDE919030DF16C09A1
:1083E000411C77E498F800100793FFF7D2BA44AC29
:1083F000FFF785BB09F108090CF101016046A0E413
:1084000016F4007240F0978151F8043B0791FFF792
:10841000C0BBB30500F1888152F8043B0792DA171C
:108420001146FFF752BB079951F8043B0791012110
:10843000FFF7B3BB079B059853F8041B0793C217BC
:10844000C1E90002FFF77DBA0B9B002B3FF426AB7E
:108450000B9B1B78002B3FF421AB98F8001046F4DF
:108460008066FFF796BA022311AA1C931B92012083
:108470000DF16C09A2E6039671E53B4B0C9316F0E7
:10848000200259D0079B073323F0070318465A6888
:1084900050F8083B0790F40709D553EA020006D0CC
:1084A0008DF84510302146F002068DF8441026F470
:1084B000806103910221FFF770BB2C4B0C93DEE728
:1084C000079B012153F8042B03918DF8AC200793EF
:1084D00004912BACDFE49DF84320002A40F0328168
:1084E000099A002A7FF462AE184601210DF16C0949
:1084F00027E40021082216A81394FAF75DFA791CE4
:1085000000F0BC80002507942C460CE02BA95846AF
:1085100001F0C4FD421C204400F06B81B84208DC2D
:1085200000F070810446139A525916AB0435002AA4
:10853000ECD10494079CAFE016F0100307980CD11F
:1085400016F0400405D01A4650F8043B07909BB241
:10855000A1E716F4007240F0E18050F8043B079068
:1085600099E700BFCC27002090270020582E00203C
:108570000399049744AC9E4608EE90BA01F48066D5
:108580004FF0000C234606E0BEF10A0F72F1000224
:1085900039D3A6462A46A6491EEB020040F1000048
:1085A0000F46A1FB001424F0030101EB9401401AD3
:1085B000BEEB00014FF0CC3562F1000405FB01F584
:1085C00007FB0455A1FB07410D44052704F00101F9
:1085D000A1FB071B09186408303103F8011C44EAA9
:1085E000C5740CF1010C013B6D08002ECCD00B9929
:1085F00009786145C8D1BCF1FF0FC5D0BEF10A0FA3
:1086000072F100026CD21C4644AB1B1B049F039EFC
:10861000049318EE90BAFFF772BA0396FFF762BAA6
:108620005846F9F76BFFFFF75BB9012903967FF412
:10863000CDACFFF75CBA079B059953F8042B11608A
:108640000793FFF77EB9062F3B46039A794C0792B2
:1086500028BF062304930393FFF725BB039B0799C9
:1086600013F4007214BF51F8043B51F8043B079116
:108670001CBF0246DBB20121FFF78FBA16AB009395
:108680000023194613AA584601F02EFD0346013374
:10869000049000F0AE801394049B002B30D0632B29
:1086A00063DC002308932BAC0822002116A8FAF7FC
:1086B00083F9049D16AB009313AA2B462146584616
:1086C00001F012FD854240F0AB80039B049A0793B2
:1086D0000023A3541F4622EAE2730393FFF716BA5E
:1086E0000E9A0D999B1A18460893FAF71DFA0B99E2
:1086F000089B4A780AB101310B914FF0000C48E712
:10870000039B0793049B03931F460893FFF7FEB94F
:10871000012118460DF16C09FFF713BB50F8043B1B
:1087200007902246DBB2B6E612F9043B0792DA174D
:108730001146FFF7CAB951F8043B07910246DBB274
:10874000FFF727BA01231C9301210DF143031B936B
:108750000DF16C090B46FFF7CDBA079B059953F84D
:10876000042B07931180FFF7ECB8591C5846F9F712
:1087700005F9044600283CD0089095E7886DFAF783
:10878000B5FCFFF7E9B9039B0793CDE90377089F91
:10879000FFF7BCB919981A9B013045E5039B079375
:1087A0002046FAF785FE20EAE0732F4604900393F3
:1087B0000895FFF7ABB918EE101A18AA5846FFF73C
:1087C0002DF800283FF436AAFFF74DBA199801306A
:1087D0007AE58C466EE46B6ED90705D4AB899A05B1
:1087E00002D4A86DFAF782FC4FF0FF330593FFF730
:1087F00049BA18EE102AB2F90C3043F040039381C5
:10880000FFF735BA079C049746E7079B98F80110D5
:1088100053F8047B0793904647EAE777FFF7B9B828
:1088200018EE102A938943F040039381FFF715BA9D
:10883000CDCCCCCCA427002070B50C468989ADF5F1
:108840008E6D21F00201ADF81410616E1B91E1896B
:10885000ADF81610E1690991616A0B911CA90291AA
:1088600006914FF4806106460491079118A80021F3
:10887000CDE900320891FAF733FCDDE9003202A9B4
:108880003046FFF713F8051E07DB02A9304600F05B
:108890000FF9002818BF4FF0FF35BDF814305B0604
:1088A00003D5A38943F04003A3811898FAF71AFC73
:1088B00028460DF58E6D70BD70B500294BD006466B
:1088C0000C4610B1436B002B48D0636ED80734D5EB
:1088D000B4F90C30002B3ED02146304600F050F861
:1088E000E36A054633B1E169304698470028B8BFCE
:1088F0004FF0FF35A3891A063CD4216B41B104F136
:108900004003994202D03046FAF7D4FE0023236395
:10891000616C21B13046FAF7CDFE00236364F9F7AC
:108920000BFE636E0022DB07A2811FD5A06DFAF754
:10893000D9FBF9F707FE284670BDA3899905CBD46A
:10894000A06DFAF7D1FBB4F90C30002BC4D1656EE1
:1089500015F0010505D00025284670BDF9F7CEFDBC
:10896000B3E7A06DFAF7C2FB284670BDA06DFAF719
:10897000BDFBDBE721693046FAF79CFEBDE700BF8F
:10898000B1F90C202DE9F0410C461107804647D47F
:10899000636842F40062002BA2815EDDA56A002DAF
:1089A00058D00023D8F80060C8F8003093B212F411
:1089B000805256D10123E1694046A847431C67D045
:1089C000A389A56A5F0705D56368C01A236B0BB13D
:1089D000E36BC01AE169024600234046A847411CE8
:1089E00041D1D8F80030002B3DD01D2B01D0162BE3
:1089F00056D1A3892269226023F4006300216160BB
:108A0000A381216BC8F8006021B304F140039942AF
:108A100002D04046FAF74EFE00202063BDE8F08108
:108A20002669BEB193B2256826609A070CBF6369B8
:108A30000023AD1BA3600BE02B463246E169676A59
:108A40004046B847B0F1000CA5EB0C05664417DDB5
:108A5000002DF1DC0020BDE8F081E36B002B9DDCF4
:108A6000F8E7206DAEE7B4F90C302269226023F4F8
:108A70000063A3810022DB046260C2D52065C0E7E9
:108A8000A38943F040034FF0FF30A381BDE8F0819C
:108A9000D8F80030002B93D01D2B06D0162B04D015
:108AA000A38943F04003A381D5E7C8F80060D1E76C
:108AB00038B50C46054608B1436B03B3B4F90C0056
:108AC00088B1636EDB0701D481050FD528462146A6
:108AD000FFF756FF636EDA07054602D4A3899B05AC
:108AE00008D5284638BD0546284638BDA06DFAF79A
:108AF000FBFAEBE7A06DFAF7F9FA284638BDF9F76B
:108B0000FDFCDBE79368002B00F085802DE9F04F3A
:108B1000B1F90C300C461907804683B0174698B25D
:108B200025D523691BB310F002033D682DD04FF00B
:108B3000000ADFF8C0B25646B9465E453346524693
:108B400028BF5B464046002E52D0E169676AB847AD
:108B5000002856DDD9F808301B1A8244361AC9F8A5
:108B60000830002BE9D1002003B0BDE8F08F21468A
:108B7000404600F0D5F9002840F03881B4F90C30B7
:108B80003D6898B210F00203D1D110F0010944D130
:108B90004E46009746B38205D4F808B040F1858070
:108BA000B3455A4600F2B48010F4906F40F0C18093
:108BB000206801924946F9F783FEA368019AA3EB66
:108BC0000B012368A1601344B24623600026009A7B
:108BD0009368A3EB0A03D1449360002BC3D0B4F98C
:108BE0000C0080B2002ED6D1D5E900960835D1E729
:108BF000D5E900A60835A0E721464046FFF758FF13
:108C000088B3B4F90C3043F040034FF0FF30A38138
:108C100003B0BDE8F08F002070471E46BA46994663
:108C2000184600951F4666B3002832D04A46D4E95C
:108C300004132068A568B24228BF3246884204D98E
:108C400005EB030B5A4500F3A780934264DCE1690E
:108C5000656A3A464046A847B0F1000BD1DDB9EB52
:108C60000B09C9D00120DAF80830A3EB0B035F44ED
:108C7000A6EB0B06CAF80830002B3FF474AF002EA9
:108C8000D2D1009A5668134608320092002EF8D0CE
:108C90001F6832460A21384600F04AFA002800F0E0
:108CA0009C800130A0EB0709C0E720682369984247
:108CB00016D86269B24213D86FF00043B34228BF9E
:108CC0003346E16993FBF2F3676A02FB03F3404624
:108CD0004A46B847B0F1000A93DDA6EB0A0676E7EC
:108CE000B345DA4628BFB24652464946F9F7E8FD91
:108CF000A3682268A3EB0A035244A3602260002BFE
:108D0000EBD121464046FFF7D3FE0028E5D078E7B7
:108D10002068B34632464CE739460192F9F7D0FD58
:108D2000019AA3689B1AA3602368134423609346A7
:108D300095E723682169A3EB010B636903EB430A01
:108D40000AEBDA7A0BF101034FEA6A0A334453451E
:108D5000524684BF9A46524643052CD5114640469A
:108D6000F8F70CFE00283BD05A4621690190F5F730
:108D70003FFAA289019B22F4906242F08002A28114
:108D800003EB0B002361AAEB0B03C4F814A0A36050
:108D90002060B34632460CE739465A46F9F790FD53
:108DA00023685B44236021464046FFF781FE00288C
:108DB0003FF455AF25E74046F9F7C8F803460028C9
:108DC000DED121694046FAF775FCB4F90C300C226B
:108DD00023F08003C8F8002015E7721C914626E7AF
:108DE0000C22B4F90C30C8F800200CE74FF0FF302B
:108DF000BAE600BF00FCFF7F70B50E46144605467C
:108E000010B1436B002B2FD0636ED80702D4A38917
:108E1000990520D5A368013B002BA36019DAA2694C
:108E200093420FDBF0B20A280CD023685A1C226050
:108E300005461E70636EDA0702D4A3899B050ED522
:108E4000284670BD28462246314600F011F80546F6
:108E5000F0E7F0B2E9E7A06DFAF746F9DAE7A06DBE
:108E6000FAF744F9284670BDF9F748FBCCE700BF94
:108E7000F8B50D461446064610B1436B002B4CD096
:108E8000B4F90C20A369A360170790B21BD523691E
:108E9000CBB1EDB281042F4622D522686169D31A85
:108EA000994229DD0133A1680139A160511C21607B
:108EB000157062699A4227D0A389DB0701D50A2D74
:108EC00022D03846F8BD2146304600F029F808BBCC
:108ED000B4F90C20236990B2EDB281042F46DCD4A2
:108EE00042F40052A281626E616922F4005262660D
:108EF0002268D31A9942D5DC21463046FFF7D8FDC7
:108F000040B922680123CEE721463046FFF7D0FD65
:108F10000028D6D04FF0FF37D3E7F9F7EFFAAFE7E5
:108F200038B5314B1B6805460C4613B15A6B002A05
:108F30004ED0B4F90C3018079AB21CD5216929B368
:108F400012F0010007D00020A06060694042A061DB
:108F500039B1002038BD950758BF6069A06000296D
:108F6000F7D1120658BF0846F4D543F04003A38159
:108F70004FF0FF3038BDD1062ED5520714D42169E9
:108F800043F00803A3819AB20029D9D102F42070DA
:108F9000B0F5007FD4D02146284601F045F9B4F958
:108FA0000C3021699AB2CBE7216B51B104F1400238
:108FB000914204D02846FAF77DFBB4F90C30002228
:108FC000226321690022C4E9001223F02403D7E7B9
:108FD0001846F9F793FAACE7092243F040032A60F8
:108FE0004FF0FF30A38138BD747200202DE9F047A7
:108FF00082B0824688461446F9F7DCFF012803D187
:1090000008F1FF33FE2B36D90DF10409424604F175
:109010005C034946504601F041F8421C064632D0F6
:1090200020B39DF804C0002509E023685A1C226083
:1090300083F800C00135B54218D219F801CFA368F2
:10904000013B002BA360F0DAA769BB4261462246D0
:10905000504602DBBCF10A0FE7D1FFF709FF431CC2
:10906000E8D10646304602B0BDE8F08746463046B5
:1090700002B0BDE8F0875FFA88FC8DF804C00646B0
:109080000DF10409CFE7A389304643F04003A381E3
:1090900002B0BDE8F08700BF30B5536E13F0010F8A
:1090A000B2F90C30144683B005469AB201D1980546
:1090B0001CD5900406D4626E43F4005342F400526F
:1090C000A381626622462846FFF790FF636EDA07A7
:1090D000054602D4A3899B0502D5284603B030BDBE
:1090E000A06DFAF703F8284603B030BDA06D0191DA
:1090F000F9F7FAFFB4F90C3001999AB2D9E700BF39
:1091000071B1034600EB010C01E0634506D01A463D
:10911000013311780029F8D1101A7047181A7047D6
:109120000846704700487047DC6D002000000000D2
:1091300001F0FF01102A2BDB10F0070F08D010F808
:10914000013B013A8B422DD010F0070F42B3F6D10C
:10915000F0B441EA012141EA014122F007047FF025
:1091600000070023F0E80256083C85EA010586EA7C
:10917000010685FA47F5A3FA87F586FA47F6A5FAB8
:1091800087F68EB9EED1F0BC01F0FF0102F00702C4
:1091900032B110F8013B013A83EA010313B1F8D16F
:1091A0000020704701387047002D06BF3546033850
:1091B000073815F0010F07D1013015F4807F02BF89
:1091C000013015F4C03F0130F0BC0138704700BFDA
:1091D00030B482B08DED000B019A194C22F000439F
:1091E0000021A342016021DC009C1C431ED0154CD1
:1091F000144054B99FED107B20EE077B8DED007B72
:10920000019A6FF0350122F0004322F0FF42DDE9C0
:10921000004522F4E00242F07F551B1545F400158D
:10922000A3F2FE33CDE900450B4403609DED000B36
:1092300002B030BC704700BF000000000000504387
:10924000FFFFEF7F0000F07F00B50B4C2568144650
:10925000EE681A4685B003460D464CB107490095A5
:10926000CDE901143046064900F04AFFF6F740F90F
:1092700004490C46F3E700BF747200203825002033
:1092800048250020FC3800202DE9F04F03690C69C7
:10929000A34283B0C0F28780013C01F11405A30012
:1092A00000F11408009355F8243058F824200133B5
:1092B00081469A4208EB840005EB84070190B2FBDB
:1092C000F3F63BD34FF0000CAE464046E246634611
:1092D0005EF804BB02681FFA8BFC06FB0C334FEAF6
:1092E000134C4FEA1B4B06FB0BCC9BB2AAEB0303C0
:1092F0001FFA8CFA13FA82F3CAEB124202EB2342F2
:109300009BB243EA0243774540F8043B4FEA224AC6
:109310004FEA1C43DCD2009B58F8033073B9019B21
:10932000043B984504D307E0984504F1FF3403D289
:1093300053F80429002AF7D0C9F810404846FAF734
:109340005BFD00282BDB01364146002355F8040B5A
:10935000D1F800C082B29A1A030C12FA8CF2C3EB55
:109360001C4303EB224392B242EA0342AF4241F86C
:10937000042B4FEA2343E9D258F8242008EB840356
:109380006AB9043B984504D307E0984504F1FF34DB
:1093900003D253F80429002AF7D0C9F81040304608
:1093A00003B0BDE8F08F002003B0BDE8F08F00BF30
:1093B0002DE9F04F2DED028B8FB08DED020B019159
:1093C000816B1A9D059357EC106B0446934641B18F
:1093D000C26B4A60012393408B60FAF7ADFA002319
:1093E000A363B7F10008B4BF012300232B60BE4B79
:1093F000BCBF28F00048CDF80C8033EA080300F029
:109400009F809DED028BB5EE408BF1EE10FA11D1ED
:10941000059A012313601B9B002B00F03F82B34B86
:109420001B9A1360013B009300980FB0BDEC028BB8
:10943000BDE8F08F0CAA0DA92046B0EE480BFAF754
:10944000A7FD5FEA1853054640F09280DDE90C1352
:109450000B4403F23242202A40F3FA82C2F1400266
:1094600008FA02F803F21242D64048EA060207EE72
:10947000102AB8EE477B581E17EE906A53EC172B54
:109480004FF0010AA6F1F8739FED913B9FED927B9F
:109490009FED935B06EE900A43EC122BB8EEE64B81
:1094A000B7EE086B32EE466BA6EE037BA4EE057BAF
:1094B000FDEEC76BB5EEC07BF1EE10FA16EE907ABA
:1094C00008D5B8EEE66BB4EE476BF1EE10FA18BFB4
:1094D00007F1FF37162F00F24581854B03EBC703D9
:1094E00093ED007BB4EEC78BF1EE10FA57D5091A55
:1094F0000023B1F1010807F1FF370A9300F1398128
:1095000000230693002F52DA069B0497DB1B069379
:109510007B420893019B092B4FF000074ED8052B87
:1095200040F39D82043B01930026019B9A1E032A6F
:1095300000F22581DFE812F0AA03A7039D037E0352
:10954000059AC8F3130842F20F7358EA060813602D
:109550001ED11B9B002B00F09185664B00930833B6
:109560001B9A009813600FB0BDEC028BBDE8F08F22
:1095700018EE906AC6F31306A3F2FF3053EC182BD3
:1095800046F07F530C994FF0000A43F440137BE7F9
:109590001B9B002B40F03B83574B009344E7091A79
:1095A0000023B1F101080A9300F1E3800693002340
:1095B0000893019B0497092BB844B0D900230126D6
:1095C000019307964FF0FF399B460021E163CDF8E8
:1095D0002C902046FAF78AF90090002800F0408588
:1095E000009BA363B9F10E0F00F2DC80002E00F0A7
:1095F000D980049B002B40F3DE833D4A03F00F012A
:1096000002EBC10292ED007B1A11DB0540F182836F
:109610003A4991ED086B02F00F02032088EE065BD9
:109620005AB13649D60704D591ED006B013027EECB
:10963000067B521001F10801F4D185EE076B0A9BFD
:109640003BB1B7EE007BB4EEC76BF1EE10FA00F160
:10965000AE8407EE900AB8EEE75BB1EE0C7BA5EEA8
:10966000067B17EE902A51EC170BA2F15071B9F15D
:10967000000F00F08883049E4A46079B002B00F0F1
:109680004784B6EE003B1A4BFDEEC64B03EBC20C13
:10969000B8EEE47B36EE477B1CED026B83EE065B97
:1096A00041EC160B14EE900A35EE465B0099B4EED1
:1096B000C75B3030F1EE10FA01F8010B00F3AC8417
:1096C000B7EE002BB2EE044B4FF0000C31E000BFC0
:1096D00061436F63A787D23FB3C8608B288AC63FB8
:1096E000FB799F501344D33F0000F07F612100209D
:1096F000180B00201427002020270020F00A00204B
:109700000CF1010C94454DDA27EE047B25EE045B49
:10971000FDEEC76B16EE903AB8EEE63B303337EE0F
:10972000437BB4EEC57BF1EE10FA01F8013B00F18A
:10973000738432EE476BB4EEC56BF1EE10FADFD5F1
:10974000009A049602E08A4200F05084894611F89B
:10975000013D392BF7D00133DBB20B70049B013391
:10976000049355E1091A0123B1F101080A937FF529
:10977000C7AEC1F1010306934FF00008C2E6002610
:10978000E66331462046FAF7B1F80090002800F071
:109790006784009BA3634FF0FF330B93994601232B
:1097A000B34607930D9A002A55DB04990E2952DC23
:1097B000B74BBBF1000F03EBC10393ED006B15DA60
:1097C000B9F1000F12DC40F0F282B1EE047B26EE1C
:1097D000077BB4EEC78BF1EE10FACA464E4600F294
:1097E0006D82DDF800806FEA0B0B70E288EE067B7D
:1097F000BDEEC77B009917EE103AB9F1010F03F1E6
:109800003003B8EEC75B01F8013BA5EE468B00F0D4
:109810003483B2EE044B012311E088EE067BBDEEEB
:10982000C77B013317EE102A4B4502F13002B8EE28
:10983000C75B01F8012BA5EE468B00F01E8328EED6
:10984000048BB5EE408BF1EE10FAE6D1049B0133A8
:1098500004938946DCE0079B43B3019B012B40F353
:109860007682089B09F1FF3A534580F23F82089BBC
:10987000CDF820A0AAEB030217444FF0000AB9F17B
:10988000000FC0F22583069B09934B44C8440693FE
:1098900001212046FAF7FCF806460CE07D4B0093C8
:1098A00000980FB0BDEC028BBDE8F08F069BDDF891
:1098B00020A0079E0993099B6BB1B8F1000F0ADD48
:1098C000434506991A46A8BF4246891A9B1A069133
:1098D0000993A8EB0208089B63B1079B002B00F0DB
:1098E000A782BAF1000F00F30482089BB3EB0A02CF
:1098F00040F0FF8201212046FAF7CAF8002F824685
:1099000000F3AF80019B012B40F387810023089374
:109910000120002F40F0B180404410F01F0000F003
:109920007A81C0F12002042A00F3888040F0F68199
:10993000069B002B05DD29461A462046FAF7E4F976
:109940000546B8F1000F05DD514642462046FAF7BC
:10995000DBF982460A9B002B40F03F81B9F1000FF2
:1099600040F32581079B002B40F0A380049B01332B
:109970000493DDF80080012707E0294600230A222E
:109980002046F9F7E3FF0137054651462846FFF721
:109990007BFCB94500F1300008F8010BEDDCB9F1B2
:1099A000000F009ACCBFCB464FF0010B0346934407
:1099B00000272946012220460193FAF7A5F95146CE
:1099C0000546FAF719FA002840F3AF811BF8013C6D
:1099D000009A0BF1FF3B04E05A4500F0B1811BF8FF
:1099E000013D392B0BF10109F6D001338BF8003022
:1099F00051462046F9F7A0FF56B12FB1B74203D028
:109A000039462046F9F798FF31462046F9F794FF8A
:109A100029462046F9F790FF002389F80030DDE958
:109A200004231A601B9B002B3FF4FEAC0098C3F884
:109A300000900FB0BDEC028BBDE8F08FC0F11C00B0
:109A4000069B03440693099B0344099380446FE7F4
:109A5000C2F1200206FA02F207EE102A09E50126F9
:109A600063E501463A462046FAF7EEF8019B012BE2
:109A7000824640F3C58100230893DAF810200AEBF0
:109A800082021069F9F7B4FFC0F1200044E700BF7B
:109A9000180B002060210020314600230A222046B6
:109AA000F9F754FF0B9B002B064640F3CE82049738
:109AB0009946099B002B05DD31461A462046FAF7E8
:109AC00023F90646089B002B40F0EB81B046029B31
:109AD000009F03F001027B1E4B440893019B0A92F6
:109AE0001343099351462846FFF7CEFB3146834680
:109AF0002846FAF781F94246514681462046FAF750
:109B00009DF9C26801460BF13003002A42D1CDE92C
:109B100006032846FAF770F9069902902046F9F7ED
:109B20000BFF029A079B1AB90999002900F07E825F
:109B3000B9F1000FC0F28381019949EA01090A993C
:109B400051EA090900F07B81002A00F3C681089AD6
:109B50003B7007F101099742CB4600F0C4812946CA
:109B600000230A222046F9F7F1FE46450546314614
:109B70004FF000034FF00A02204612D0F9F7E6FE3C
:109B80004146064600230A222046F9F7DFFE4F46EB
:109B90008046A7E720460293F9F7CEFE029B0122FA
:109BA000C6E7F9F7D3FE4F46064680469AE7019B83
:109BB000022B71DC079B002B7FF47BAF049B51468B
:109BC000013328460493FFF75FFBDDF800B000F196
:109BD00030030BF8013B0027EBE651462846FAF725
:109BE0000BF90028BFF6BAAE294600230A22204608
:109BF000F9F7ACFE049B5F1E079B0546002B7FF424
:109C00004BAF0B9B002B40F318829946B1E6BC4B3F
:109C100000930333A4E41C2012E7DDE902010028CD
:109C20007FF474AEC1F31302002A00F0F480029BAB
:109C300008936DE601230793049B5B4403F101093C
:109C4000B9F1010FCC460B93B8BF4FF0010C0021C6
:109C5000BCF1170FE1637FF7BCAC01200422520076
:109C600002F114036345014600F10100F7D9E163F5
:109C7000AFE401230793BBF1000F52DDCDF82CB008
:109C8000D946DC46E3E700230793D5E70023079393
:109C9000F1E7DDF82C900497B9F1000F7FF4A1AD46
:109CA00051464B4605222046F9F750FE01468246B2
:109CB0002846FAF7A1F800287FF793AD049B03F13B
:109CC000010B009B3122984603F8012B009351466B
:109CD0002046F9F731FE0BF10103DDF80090049303
:109CE000CDF80080002E7FF48FAE91E6A3EB0A0A38
:109CF000C5E5314652462046F9F7A6FF2A460146F9
:109D000006462046F9F7F2FE294605462046F9F7B1
:109D100013FEEAE50220B0EE485B81E4C0F13C00AE
:109D20008EE64FF0010BD9464FE403D1019BDB07D0
:109D30003FF54CAED9461BF8013D302BFAD057E623
:109D4000049B009A013304933123137050E6BAF157
:109D5000000F00F0238102F23342069B0993134463
:109D6000DDF820A00693904492E507EE900AB1EE4C
:109D70000C5BB8EEE77BA6EE075B15EE902A51EC84
:109D8000150BA2F1507141EC150BB1EE047B36EED0
:109D9000477BB4EEC57BF1EE10FA00F33781B1EEEC
:109DA000455BB4EEC57BF1EE10FA7FF5FBAC4FF0EE
:109DB000000A564615E500F0F580049B51495A42C9
:109DC00002F00F0001EBC00191ED006B121128EEC3
:109DD000066B00F04281B0EE467B4B490026022024
:109DE000D30705D591ED005B0130012627EE057BF9
:109DF000521001F10801F3D1002E06FE076B1EE49C
:109E0000029B002B7FF437AEDDE90201C1F31302A0
:109E1000002A40F037813D4A0A40002A00F0FA80CB
:109E2000069B01330693012308F1010808936FE5AF
:109E30002946089A2046F9F707FF05465AE5002A01
:109E400012DD2946012220460193F9F75DFF5146B4
:109E50000546F9F7D1FF0028019B40F3E180392B3B
:109E600000F0CA800BF13103B94609F8013B049BAD
:109E70000133374604934646BAE538EE088BB4EE14
:109E8000C68BF1EE10FA0ADCB4EE468BF1EE10FA56
:109E90007FF4DCAC17EE103AD8077FF5D7AC009A08
:109EA00054E471682046F9F721FD0746002800F0C8
:109EB000DE80336902339A0006F10C010C30F4F7AE
:109EC00097F9394601222046F9F71EFF8046FEE544
:109ED000069BA3EB09030993DAE4392B00F08C808D
:109EE000B9460133C1E7049A013237460492464627
:109EF0005FE529462046F9F7A7FE0546FAE400BFCC
:109F000020270020180B0020F00A00200000F07F1E
:109F10005E4BFDEEC65B03EBC20C1CED023BB8EEE4
:109F2000E57B36EE477B41EC160B15EE901A23EEDF
:109F3000063B00983031012A00F8011B00F08380B5
:109F4000B2EE044B009B991827EE047BFDEEC76B25
:109F500016EE903A303300F8013B8142B8EEE65BF2
:109F600037EE457BF0D1B6EE006B33EE065BB4EE18
:109F7000C75BF1EE10FA3FF5E3AB36EE436BB4EEA0
:109F8000C76BF1EE10FA7FF70DAC8946013919F86D
:109F9000013C302BF9D0731C049339E50C9AC2F1C3
:109FA0003602DAE60220B0EE486BFFF748BBB9F1A3
:109FB000000F3FF4DAAE0B9A002A7FF7F3ABB2EE54
:109FC000044B26EE046B013007EE900A049BB8EEBA
:109FD000E75BB1EE0C7BA6EE057B17EE90CA51EC69
:109FE000170B5E1EACF15071FFF747BB049B0133AA
:109FF00004933123FFF7B1BB049BBB4601330493A9
:10A00000392337460BF8013B4646E1E44FF0000A9E
:10A01000564653E608927BE4731C04938946F7E4A2
:10A020007FF422AFDA077FF51FAF18E7392BE3D0B3
:10A03000B9F1000F3FF716AF16E7019B022B3FF770
:10A0400028AE0497BAE501468DE7019B022B3FF746
:10A0500020AEDDF82C9004972BE50220FFF7EFBA35
:10A060000B4B0C48002240F2AF11FFF7EDF8084B04
:10A0700008483A4640F2EF21FFF7E6F8064B009316
:10A08000FFF7D2B9029B0893F7E400BF180B00203A
:10A0900078250020242700201427002070B50546CD
:10A0A00084B05BB11C4669B10E4B2846D3F8E06022
:10A0B0002346B047431C0FD004B070BD00F5827436
:10A0C0000029F1D1074A2346D2F8E06028460A4623
:10A0D00001A9B047431CEFD100228A2322602B60E4
:10A0E00004B070BDEC6C002010B582B0049CCDE9CA
:10A0F00000344FF0FF3300F0AFF902B010BD00BFE5
:10A100000EB410B583B005AB064C53F8042B019385
:10A1100001462068FDF7CAFB03B0BDE8104003B05C
:10A12000704700BF747200202DE9F04F93681768E4
:10A1300083B09246002B70D081468A6808680C462E
:10A14000083743E0A38913F4906F2ED0D4E90416A6
:10A15000A0EB010806EB460606EBD67608F10100F7
:10A1600076102844B042324684BF064632465B052C
:10A1700037D511464846F7F701FC019000283AD040
:10A1800042462169F4F734F8A289019B22F49062D7
:10A1900042F08002A281A6EB080203EB0800666190
:10A1A000A260236120602E46A84642465946F8F731
:10A1B00087FBDAF80830A2682068921B40445B1BDA
:10A1C000A2602060CAF808303BB3083757E902B5EF
:10A1D000002DFAD0AA4216469046B3D92E46A8467C
:10A1E000E3E74846F7F7B2FE03460028D3D12169DA
:10A1F0004846F9F75FFAA3890C2243F04003C9F8F7
:10A2000000204FF0FF30A38100220023CAF808206D
:10A21000CAF8043003B0BDE8F08F00200023CAF86C
:10A22000043003B0BDE8F08F2DE9F0418B890C4676
:10A23000990796B008D504F143030122C4E904321A
:10A24000236016B0BDE8F081B4F90E10002906466F
:10A2500025DB6A4600F054F800281FDB019D05F459
:10A260007045A5F50055B5FA85F54FF480686D0980
:10A270004FF4006741463046F7F780FBE0B1B4F990
:10A280000C30C4F8148043F0800320602061A38167
:10A2900035BB3B43A38116B0BDE8F081A38913F021
:10A2A000800519D04FF040080025414630462F4622
:10A2B000F7F764FB0028E2D1B4F90C309A05C0D45A
:10A2C00023F0030304F1430243F002030121C4E934
:10A2D0000421A3812260B4E74FF480682F46C9E7C8
:10A2E000B4F90E10304600F021F810B9B4F90C3072
:10A2F000CFE7A38923F0030343F001031BB2C8E7B0
:10A3000070B50C46084D03460026204611461C46F3
:10A310002E60F5F7E1F8431C00D070BD2B68002BD0
:10A32000FBD0236070BD00BF74D8002038B5074D46
:10A330000022044608462A60F5F7D4F8431C00D0F2
:10A3400038BD2B68002BFBD0236038BD74D80020AB
:10A350002DE9F04F8BB0DDE9158A149F03918146FA
:10A3600005921E46B8F1000F5CD0039B002B5ED017
:10A37000059B1D68002F6AD0741E4EB3039B049387
:10A38000043D002601950BE0039B2BBB019B1A6843
:10A39000002A3AD0BC455CD2013C631C664617D00B
:10A3A000D8F800300293019BDAF8E05053F8042FFC
:10A3B000019307A943464846D8F804B0A847421C71
:10A3C0003AD000EB060CBC45DED9029BC8E9003B45
:10A3D00030460BB0BDE8F08F00280EDD049B019DD8
:10A3E00018445A1E07A900F1FF3E11F8013B02F87C
:10A3F000013F7245F9D101950490059B1A6804321A
:10A400001A60019B1A68002AC4D1039B0BB1059BFB
:10A410001A600CF1FF3600223046C8F800200BB05D
:10A42000BDE8F08F039B00F58678002BA0D1059B3B
:10A430004FF0FF371D689FE706468A21002230460D
:10A44000C9F80010C8F800200BB0BDE8F08F3E46F8
:10A45000BEE76646BCE700BF10B584B0054C069861
:10A46000009007980190044800680294FFF770FF7D
:10A4700004B010BDEC6C00207472002000000000DD
:10A480005FF800F005C501605FF800F08917006013
:10A490005FF800F0392202605FF800F08D22026060
:10A4A0005FF800F0E5D4016000000000000000004B
:04A4B000F8B500BF3C
:08A4B400E470FF7F01000000CD
:10A4BC000000000000000000000000000000000090
:10A4CC000000000000000000000000000000000080
:10A4DC000000000000000000000000000000000070
:10A4EC000000000000000000000000000000000060
:10A4FC000000000000000000000000000000000050
:10A50C00000000000000000000000000000000003F
:10A51C00000000000000000000000000000000002F
:10A52C00000000000000000000000000000000001F
:10A53C00000000000000000000000000000000000F
:10A54C0000000000000000000000000000000000FF
:10A55C0000000000000000000000000000000000EF
:10A56C0000000000000000000000000000000000DF
:10A57C0000000000000000000000000000000000CF
:10A58C0000000000000000000000000000000000BF
:10A59C0000000000000000000000000000000000AF
:10A5AC00000000000000000000000000000000009F
:10A5BC00000000000000000000000000000000008F
:10A5CC00000000000000000000000000000000007F
:10A5DC00000000000000000000000000000000006F
:10A5EC00000000000000000000000000000000005F
:10A5FC00000000000000000000000000000000004F
:10A60C00000000000000000000000000000000003E
:10A61C00000000000000000000000000000000002E
:10A62C00000000000000000000000000000000001E
:10A63C00000000000000000000000000000000000E
:10A64C0000000000000000000000000000000000FE
:10A65C0000000000000000000000000000000000EE
:10A66C0000000000000000000000000000000000DE
:10A67C0000000000000000000000000000000000CE
:10A68C0000000000000000000000000000000000BE
:10A69C0000000000000000000000000000000000AE
:10A6AC00000000000000000000000000000000009E
:10A6BC00000000000000000000000000000000008E
:10A6CC00000000000000000000000000000000007E
:10A6DC00000000000000000000000000000000006E
:10A6EC00000000000000000000000000000000005E
:10A6FC00000000000000000000000000000000004E
:10A70C00000000000000000000000000000000003D
:10A71C00000000000000000000000000000000002D
:10A72C00000000000000000000000000000000001D
:10A73C00FE822B654715674000000000000038437F
:10A74C000000FAFE422E76BF3A3B9EBC9AF70CBD37
:10A75C00BDFDFFFFFFFFDF3F3C5455555555C53F31
:10A76C00912B17CF5555A53F17D0A4671111813FD9
:10A77C00000000000000C842EF39FAFE422EE63F0E
:10A78C0024C482FFBDBFCE3FB5F40CD7086BAC3FE1
:10A79C00CC5046D2ABB2833F843A4E9BE0D7553F68
:10A7AC000000000000000000000000000000F03F6E
:10A7BC006EBF881A4F3B9B3C3533FBA93DF6EF3FF0
:10A7CC005DDCD89C136071BC6180773E9AECEF3FE6
:10A7DC00D16687107A5E90BC857F6EE815E3EF3FFB
:10A7EC0013F6673552D28C3C748515D3B0D9EF3F34
:10A7FC00FA8EF92380CE8BBCDEF6DD296BD0EF3FD1
:10A80C0061C8E6614EF7603CC89B751845C7EF3FC1
:10A81C0099D3335BE4A3903C83F3C6CA3EBEEF3FAF
:10A82C006D7B835DA69A973C0F89F96C58B5EF3F09
:10A83C00FCEFFD921AB58E3CF747722B92ACEF3FB2
:10A84C00D19C2F703DBE3E3CA2D1D332ECA3EF3F46
:10A85C000B6E908934036ABC1BD3FEAF669BEF3F33
:10A86C000EBD2F2A525695BC515B12D00193EF3F6F
:10A87C0055EA4E8CEF8050BCCC316CC0BD8AEF3F9A
:10A88C0016F4D5B923C991BCE02DA9AE9A82EF3F3D
:10A89C00AF555CE9E3D3803C518EA5C8987AEF3F65
:10A8AC004893A5EA151B80BC7B517D3CB872EF3FE9
:10A8BC003D32DE55F01F8FBCEA8D8C38F96AEF3FC4
:10A8CC00BF53133F8C898B3C75CB6FEB5B63EF3FB6
:10A8DC0026EB11769CD996BCD45C0484E05BEF3FEC
:10A8EC00602F3A3EF7EC9A3CAAB968318754EF3F97
:10A8FC009D3886CB82E78FBC1DD9FC22504DEF3F93
:10A90C008DC3A644416F8A3CD68C62883B46EF3F90
:10A91C007D04E4B0057A803C96DC7D91493FEF3FA5
:10A92C0094A8A8E3FD8E963C3862756E7A38EF3F9A
:10A93C007D4874F2185E873C3FA6B24FCE31EF3F94
:10A94C00F2E71F982B47803CDD7CE265452BEF3FFF
:10A95C005E08713F7BB896BC8163F5E1DF24EF3F65
:10A96C0031AB096DE1F7823CE1DE1FF59D1EEF3F37
:10A97C00FABF6F1A9B213DBC90D9DAD07F18EF3FFC
:10A98C00B40A0C7282378B3C0B03E4A68512EF3FA2
:10A99C008FCBCE8992146E3C562F3EA9AF0CEF3F55
:10A9AC00B6ABB04D754D833C15B7310AFE06EF3F83
:10A9BC004C74ACE20142863C31D84CFC7001EF3F48
:10A9CC004AF8D35D39DD8F3CFF1664B208FCEE3FCC
:10A9DC00045B8E3B80A386BCF19F925FC5F6EE3F75
:10A9EC0068504BCCED4A92BCCBA93A37A7F1EE3F5D
:10A9FC008E2D511BF80799BC66D8056DAEECEE3F59
:10AA0C00D236943EE8D171BCF79FE534DBE7EE3FDC
:10AA1C00151BCEB3191999BCE5A813C32DE3EE3F52
:10AA2C006D4C2AA7489F853C2234124CA6DEEE3F83
:10AA3C008A69287A601293BC1C80AC0445DAEE3F1C
:10AA4C005B8917488FA758BC2A2EF7210AD6EE3FF0
:10AA5C001B9A49679B2C7CBC97A850D9F5D1EE3F2B
:10AA6C0011ACC260ED63433C2D89616008CEEE3FB2
:10AA7C00EF64063B0966963C57001DED41CAEE3F5C
:10AA8C007903A1DAE1CC6E3CD03CC1B5A2C6EE3F55
:10AA9C0030120F3F8EFF933CDED3D7F02AC3EE3F2C
:10AAAC00B0AF7ABBCE90763C272A36D5DABFEE3FD4
:10AABC0077E054EBBD1D933C0DDDFD99B2BCEE3F30
:10AACC008EA3710034948FBCA72C9D76B2B9EE3F47
:10AADC0049A393DCCCDE87BC4266CFA2DAB6EE3F4C
:10AAEC005F380FBDC6DE78BC824F9D562BB4EE3F4F
:10AAFC00F65C7BEC461286BC0F925DCAA4B1EE3FAD
:10AB0C008ED7FD180535933CDA27B53647AFEE3FA7
:10AB1C00059B8A2FB7987B3CFDC797D412ADEE3FAF
:10AB2C0009541CE2E163903C295448DD07ABEE3F2D
:10AB3C00EAC6195085C7343CB746598A26A9EE3F58
:10AB4C0035C0642BE632943C4821AD156FA7EE3F1F
:10AB5C009F7699614AE48CBC09DC76B9E1A5EE3F9D
:10AB6C00A84DEF3BC5338CBC85553AB07EA4EE3F67
:10AB7C00AEE92B89785384BC20C3CC3446A3EE3F7A
:10AB8C0058585678DDCE93BC2522558238A2EE3F1C
:10AB9C0064197E80AA10573C73A94CD455A1EE3F82
:10ABAC0028225EBFEFB393BCCD3B7F669EA0EE3FE9
:10ABBC0082B93487AD126ABCBFDA0B7512A0EE3FB6
:10ABCC00EEA96DB8EF6763BC2F1A653CB29FEE3FE0
:10ABDC005188E0543DDC80BC849451F97D9FEE3F5C
:10ABEC00CF3E5A7E641F78BC745FECE8759FEE3FD5
:10ABFC00B07D8BC04AEE86BC7481A5489A9FEE3F0F
:10AC0C008AE6551E321986BCC9674256EB9FEE3F49
:10AC1C00D3D4095ECB9C903C3F5DDE4F69A0EE3FE8
:10AC2C001DA54DB9DC327BBC8701EB7314A1EE3F43
:10AC3C006BC06754FDEC943C32C13001EDA1EE3F8A
:10AC4C00556CD6ABE1EB653C624ECF36F3A2EE3FD2
:10AC5C0042CFB32FC5A188BC121A3E5427A4EE3F95
:10AC6C0034373BF1B66993BC13CE4C9989A5EE3FB2
:10AC7C001EFF193A845E80BCADC723461AA7EE3F6F
:10AC8C006E5772D850D494BCED92449BD9A8EE3F29
:10AC9C00008A0E5B67AD903C99668AD9C7AAEE3FD5
:10ACAC00B4EAF0C12FB78D3CDBA02A42E5ACEE3FF5
:10ACBC00FFE7C59C60B665BC8C44B51632AFEE3F61
:10ACCC00445FF35983F67B3C36771599AEB1EE3F72
:10ACDC00833D1EA71F0993BCC6FF910B5BB4EE3FCF
:10ACEC00291E6C8BB8A95DBCE5C5CDB037B7EE3F5E
:10ACFC0059B9907CF9236CBC0F52C8CB44BAEE3FC7
:10AD0C00AAF9F422434392BC504EDE9F82BDEE3F23
:10AD1C004B8E66D76CCA85BCBA07CA70F1C0EE3FC1
:10AD2C0027CE912BFCAF713C90F0A38291C4EE3FE7
:10AD3C00BB730AE135D26D3C2323E31963C8EE3FA4
:10AD4C006322622204C587BC65E55D7B66CCEE3F61
:10AD5C00D531E2E3861C8B3C332D4AEC9BD0EE3F85
:10AD6C0015BBBCD3D1BB91BC5D253EB203D5EE3F28
:10AD7C00D231EE9C31CC903C58B330139ED9EE3F7F
:10AD8C00B35A736E8469843CBFFD79556BDEEE3F1C
:10AD9C00B49D8E97CDDF82BC7AF3D3BF6BE3EE3FCD
:10ADAC008733CB92771A8C3CADD35A999FE8EE3F00
:10ADBC00FAD9D14A8F7B90BC66B68D2907EEEE3F4F
:10ADCC00BAAEDC56D9C355BCFB154FB8A2F3EE3F57
:10ADDC0040F6A63D0EA490BC3A59E58D72F9EE3FB3
:10ADEC003493AD38F4D668BC475EFBF276FFEE3F89
:10ADFC00358A586BE2EE91BC4A06A130B005EF3FA4
:10AE0C00CDDD5F0AD7FF743CD2C14B901E0CEF3FD7
:10AE1C00AC9892FAFBBD91BC091ED75BC212EF3FF6
:10AE2C00B30CAF30AE6E733C9C5285DD9B19EF3F7B
:10AE3C0094FD9F5C32E38E3C7AD0FF5FAB20EF3FFA
:10AE4C00AC5909D18FE0843C4BD1572EF127EF3F01
:10AE5C00671A4E38AFCD633CB5E706946D2FEF3FC4
:10AE6C006819926C2C6B673C6990EFDC2037EF3FD4
:10AE7C00D2B5CC83188A80BCFAC35D550B3FEF3F2B
:10AE8C006FFAFF3F5DAD8FBC7C89074A2D47EF3FC2
:10AE9C0049A97538AE0D90BCF2890D08874FEF3F6C
:10AEAC00A7073DA685A3743C87A4FBDC1858EF3F8D
:10AEBC000F2240209E9182BC9883C916E360EF3F1D
:10AECC00AC92C1D5505A8E3C8532DB03E669EF3F1C
:10AEDC004B6B01AC593A843C60B401F32173EF3FE6
:10AEEC001F3EB40721D582BC5F9B7B33977CEF3F21
:10AEFC00C90D473BB92A89BC29A1F5144686EF3FF9
:10AF0C00D3883A6004B6743CF63F8BE72E90EF3F43
:10AF1C0071729D51ECC5833C834CC7FB519AEF3F3A
:10AF2C00F091D38F12F78FBCDA90A4A2AFA4EF3FAD
:10AF3C007D7423E298AE8DBCF1678E2D48AFEF3F48
:10AF4C000820AA41BCC38E3C275A61EE1BBAEF3FC6
:10AF5C0032EBA9C3942B843C97BA6B372BC5EF3FCC
:10AF6C00EE85D131A9648A3C40456E5B76D0EF3FCB
:10AF7C00EDE33BE4BA378EBC14BE9CADFDDBEF3F7A
:10AF8C009DCD914D3B89773CD8909E81C1E7EF3F99
:10AF9C0089CC6041C105533CF1718F2BC2F3EF3F5B
:10AFAC000080E03779C34143176E05B5B5B89346B9
:10AFBC00F5F93FE9034F384D321D30F94877825A85
:10AFCC003CBF737FDD4F1575000000000000F03FA3
:10AFDC000000000000002440000000000000594068
:10AFEC000000000000408F40000000000088C340BB
:10AFFC0000000000006AF8400000000080842E4130
:10B00C0000000000D01263410000000084D797417B
:10B01C000000000065CDCD41000000205FA0024281
:10B02C00000000E876483742000000A2941A6D42F6
:10B03C00000040E59C30A2420000901EC4BCD642E9
:10B04C0000003426F56B0C430080E03779C3414394
:10B05C0000A0D8855734764300C84E676DC1AB430A
:10B06C00003D9160E458E143408CB5781DAF154428
:10B07C0050EFE2D6E41A4B4492D54D06CFF0804403
:10B08C00F64AE1C7022DB544B49DD9794378EA4418
:10B09C000038FAFE422EE63F3067C79357F32E3D39
:10B0AC00000000000000E0BF605555555555E5BF48
:10B0BC00060000000000E03F4E5559999999E93F70
:10B0CC007AA429555555E5BFE945489B5B49F2BF24
:10B0DC00C33F268B2B00F03F0000000000A0F63F82
:10B0EC00000000000000000000C8B9F2822CD6BF9E
:10B0FC008056372824B4FA3C000000000080F63F4C
:10B10C000000000000000000000858BFBDD1D5BFF2
:10B11C0020F7E0D808A51CBD000000000060F63F39
:10B12C000000000000000000005845177776D5BFDE
:10B13C006D50B6D5A46223BD000000000040F63F60
:10B14C00000000000000000000F82D87AD1AD5BFEC
:10B15C00D567B09EE484E6BC000000000020F63FFA
:10B16C000000000000000000007877955FBED4BF9F
:10B17C00E03E2993691B04BD000000000000F63F6F
:10B18C00000000000000000000601CC28B61D4BFF6
:10B19C00CC844C482FD8133D0000000000E0F53F54
:10B1AC00000000000000000000A886863004D4BF18
:10B1BC003A0B82EDF342DC3C0000000000C0F53F8E
:10B1CC000000000000000000004869554CA6D3BFE9
:10B1DC0060945186C6B1203D0000000000A0F53FF0
:10B1EC0000000000000000000080989ADD47D3BFEB
:10B1FC009280C5D44D59253D000000000080F53FDC
:10B20C0000000000000000000020E1BAE2E8D2BF1C
:10B21C00D82BB7991E7B263D000000000060F53F3F
:10B22C0000000000000000000088DE135A89D2BF25
:10B23C003FB0CFB614CA153D000000000060F53FCA
:10B24C0000000000000000000088DE135A89D2BF05
:10B25C003FB0CFB614CA153D000000000040F53FCA
:10B26C0000000000000000000078CFFB4129D2BF95
:10B27C0076DA5328245A16BD000000000020F53F52
:10B28C000000000000000000009869C198C8D1BF00
:10B29C000454E768BCAF1FBD000000000000F53F80
:10B2AC00000000000000000000A8ABAB5C67D1BF41
:10B2BC00F0A88233C61F1F3D0000000000E0F43FE1
:10B2CC0000000000000000000048AEF98B05D1BF63
:10B2DC00665A05FDC4A826BD0000000000C0F43F5E
:10B2EC000000000000000000009073E224A3D0BF17
:10B2FC000E03F47EEE6B0CBD0000000000A0F43FCA
:10B30C00000000000000000000D0B4942540D0BF25
:10B31C007F2DF49EB836F0BC0000000000A0F43F76
:10B32C00000000000000000000D0B4942540D0BF05
:10B33C007F2DF49EB836F0BC000000000080F43F76
:10B34C00000000000000000000405E6D18B9CFBF87
:10B35C00873C99AB2A570D3D000000000060F43F7C
:10B36C0000000000000000000060DCCBADF0CEBFA0
:10B37C0024AF869CB7262B3D000000000040F43F14
:10B38C00000000000000000000F02A6E0727CEBF6E
:10B39C0010FF3F544F2F17BD000000000020F43F5A
:10B3AC00000000000000000000C04F6B215CCDBF0E
:10B3BC001B68CABB91BA213D000000000000F43F9D
:10B3CC00000000000000000000A09AC7F78FCCBF5F
:10B3DC0034849F684F79273D000000000000F43F43
:10B3EC00000000000000000000A09AC7F78FCCBF3F
:10B3FC0034849F684F79273D0000000000E0F33F44
:10B40C00000000000000000000902D7486C2CBBF2D
:10B41C008FB78B31B04E193D0000000000C0F33FD8
:10B42C00000000000000000000C0804EC9F3CABF3D
:10B43C006690CD3F634EBA3C0000000000A0F33F85
:10B44C00000000000000000000B0E21FBC23CABFD7
:10B45C00EAC146DC648C25BD0000000000A0F33F6F
:10B46C00000000000000000000B0E21FBC23CABFB7
:10B47C00EAC146DC648C25BD000000000080F33F6F
:10B48C0000000000000000000050F49C5A52C9BF9C
:10B49C00E3D4C104D9D12ABD000000000060F33F01
:10B4AC00000000000000000000D02065A07FC8BF95
:10B4BC0009FADB7FBFBD2B3D000000000040F33FCD
:10B4CC00000000000000000000E0100289ABC7BFC4
:10B4DC00584A537290DB2B3D000000000040F33FB4
:10B4EC00000000000000000000E0100289ABC7BFA4
:10B4FC00584A537290DB2B3D000000000020F33FB4
:10B50C00000000000000000000D019E70FD6C6BFF5
:10B51C0066E2B2A36AE410BD000000000000F33F35
:10B52C0000000000000000000090A77030FFC5BFB5
:10B53C003950109F439E1EBD000000000000F33FD9
:10B54C0000000000000000000090A77030FFC5BF95
:10B55C003950109F439E1EBD0000000000E0F23FDA
:10B56C00000000000000000000B0A1E3E526C5BF0C
:10B57C008F5B07908BDE20BD0000000000C0F23F07
:10B58C0000000000000000000080CB6C2B4DC4BFFD
:10B59C003C783561C10C173D0000000000C0F23F43
:10B5AC0000000000000000000080CB6C2B4DC4BFDD
:10B5BC003C783561C10C173D0000000000A0F23F43
:10B5CC00000000000000000000901E20FC71C3BFB2
:10B5DC003A54274D8678F13C000000000080F23F81
:10B5EC00000000000000000000F01FF85295C2BFE0
:10B5FC0008C47117308D24BD000000000060F23FBC
:10B60C00000000000000000000602FD52AB7C1BF69
:10B61C0096A31118A4802EBD000000000060F23F1C
:10B62C00000000000000000000602FD52AB7C1BF49
:10B63C0096A31118A4802EBD000000000040F23F1C
:10B64C0000000000000000000090D07C7ED7C0BF3E
:10B65C00F45BE88896690A3D000000000040F23F68
:10B66C0000000000000000000090D07C7ED7C0BF1E
:10B67C00F45BE88896690A3D000000000020F23F68
:10B68C00000000000000000000E0DB3191ECBFBFC7
:10B69C00F233A35C547525BD000000000000F23F9E
:10B6AC00000000000000000000002B6E0727BEBF4A
:10B6BC003C00F02A2C342A3D000000000000F23F30
:10B6CC00000000000000000000002B6E0727BEBF2A
:10B6DC003C00F02A2C342A3D0000000000E0F13F31
:10B6EC00000000000000000000C05B8F545EBCBF77
:10B6FC0006BE5F58570C1DBD0000000000C0F13F96
:10B70C00000000000000000000E04A3A6D92BABF51
:10B71C00C8AA5BE83539253D0000000000C0F13FA8
:10B72C00000000000000000000E04A3A6D92BABF31
:10B73C00C8AA5BE83539253D0000000000A0F13FA8
:10B74C00000000000000000000A031D645C3B8BFC7
:10B75C0068562F4D297C133D0000000000A0F13FDE
:10B76C00000000000000000000A031D645C3B8BFA7
:10B77C0068562F4D297C133D000000000080F13FDE
:10B78C0000000000000000000060E58AD2F0B6BFA7
:10B79C00DA7333C9379726BD000000000060F13F13
:10B7AC0000000000000000000020063F071BB5BF92
:10B7BC00575EC6615B021F3D000000000060F13F58
:10B7CC0000000000000000000020063F071BB5BF72
:10B7DC00575EC6615B021F3D000000000040F13F58
:10B7EC00000000000000000000E01B96D741B3BF32
:10B7FC00DF13F9CCDA5E2C3D000000000040F13F75
:10B80C00000000000000000000E01B96D741B3BF11
:10B81C00DF13F9CCDA5E2C3D000000000020F13F74
:10B82C0000000000000000000080A3EE3665B1BFF0
:10B83C0009A38F765E7C143D000000000000F13FF0
:10B84C000000000000000000008011C0300AAFBFF3
:10B85C00918E36839E592D3D000000000000F13F73
:10B86C000000000000000000008011C0300AAFBFD3
:10B87C00918E36839E592D3D0000000000E0F03F74
:10B88C00000000000000000000801971DD42ABBF19
:10B89C004C70D6E57A821C3D0000000000E0F03FC1
:10B8AC00000000000000000000801971DD42ABBFF9
:10B8BC004C70D6E57A821C3D0000000000C0F03FC1
:10B8CC00000000000000000000C032F65874A7BF52
:10B8DC00EEA1F23446FC2CBD0000000000C0F03F8D
:10B8EC00000000000000000000C032F65874A7BF32
:10B8FC00EEA1F23446FC2CBD0000000000A0F03F8D
:10B90C00000000000000000000C0FEB9879EA3BF2D
:10B91C00AAFE26F5B702F53C0000000000A0F03F9F
:10B92C00000000000000000000C0FEB9879EA3BF0D
:10B93C00AAFE26F5B702F53C000000000080F03F9F
:10B94C0000000000000000000000780E9B829FBFEA
:10B95C00E4097E7C268029BD000000000080F03FB9
:10B96C0000000000000000000000780E9B829FBFCA
:10B97C00E4097E7C268029BD000000000060F03FB9
:10B98C0000000000000000000080D5071BB997BF25
:10B99C0039A6FA93548D28BD000000000040F03FFA
:10B9AC0000000000000000000000FCB0A8C08FBF29
:10B9BC009CA6D3F67C1EDFBC000000000040F03FCC
:10B9CC0000000000000000000000FCB0A8C08FBF09
:10B9DC009CA6D3F67C1EDFBC000000000020F03FCC
:10B9EC0000000000000000000000106B2AE07FBF88
:10B9FC00E440DA0D3FE219BD000000000020F03FEA
:10BA0C0000000000000000000000106B2AE07FBF67
:10BA1C00E440DA0D3FE219BD000000000000F03FE9
:10BA2C00000000000000000000000000000000000A
:10BA3C000000000000000000000000000000F03FCB
:10BA4C0000000000000000000000000000000000EA
:10BA5C0000000000000000000000000000C0EF3FEC
:10BA6C000000000000000000000089751510803FE8
:10BA7C00E82B9D996BC710BD000000000080EF3FC4
:10BA8C000000000000000000008093585620903FFA
:10BA9C00D2F7E2065BDC23BD000000000040EF3F64
:10BAAC0000000000000000000000C9282549983F54
:10BABC00340C5A32BAA02ABD000000000000EF3F3F
:10BACC0000000000000000000040E7895D41A03F3D
:10BADC0053D7F15CC011013D0000000000C0EE3FE7
:10BAEC00000000000000000000002ED4AE66A43F51
:10BAFC0028FDBD7573162CBD000000000080EE3FC4
:10BB0C00000000000000000000C09F14AA94A83F91
:10BB1C007D265AD0957919BD000000000040EE3FFB
:10BB2C00000000000000000000C0DDCD73CBAC3F76
:10BB3C000728D847F2681ABD000000000020EE3F2D
:10BB4C00000000000000000000C006C031EAAE3F5B
:10BB5C007B3BC94F3E110EBD0000000000E0ED3FE5
:10BB6C000000000000000000006046D13B97B13F90
:10BB7C009B9E0D565D3225BD0000000000A0ED3FE0
:10BB8C00000000000000000000E0D1A7F5BDB33FAD
:10BB9C00D74EDBA55EC82C3D000000000060ED3FD9
:10BBAC00000000000000000000A0974D5AE9B53FCE
:10BBBC001E1D5D3C06692CBD000000000040ED3FE1
:10BBCC00000000000000000000C0EA0AD300B73FEC
:10BBDC0032ED9DA98D1EEC3C000000000000ED3FF5
:10BBEC0000000000000000000040595D5E33B93FCA
:10BBFC00DA47BD3A5C11233D0000000000C0EC3F69
:10BC0C0000000000000000000060AD8DC86ABB3F62
:10BC1C00E568F72B809013BD0000000000A0EC3FFE
:10BC2C0000000000000000000040BC015888BC3F30
:10BC3C00D3AC5AC6D146263D000000000060EC3F54
:10BC4C00000000000000000000200A8339C7BE3F3E
:10BC5C00E045E6AF68C02DBD000000000040EC3FA1
:10BC6C00000000000000000000E0DB3991E8BF3F5D
:10BC7C00FD0AA14FD63425BD000000000000EC3FAA
:10BC8C00000000000000000000E027828E17C13F7A
:10BC9C00F2072DCE78EF213D0000000000E0EB3FD5
:10BCAC00000000000000000000F0237E2BAAC13F22
:10BCBC00349938448EA72C3D0000000000A0EB3FC7
:10BCCC0000000000000000000080860C61D1C23F23
:10BCDC00A1B481CB6C9D033D000000000080EB3FC4
:10BCEC000000000000000000009015B0FC65C33F90
:10BCFC0089724B23A82FC63C000000000040EB3F8C
:10BD0C00000000000000000000B033833D91C43FF0
:10BD1C0078B6FD547983253D000000000020EB3FF0
:10BD2C00000000000000000000B0A1E4E527C53FC2
:10BD3C00C77D69E5E833263D0000000000E0EA3FDE
:10BD4C00000000000000000000108CBE4E57C63FE3
:10BD5C00782E3C2C8BCF193D0000000000C0EA3F30
:10BD6C0000000000000000000070758B12F0C63F50
:10BD7C00E1219CE58D1125BD0000000000A0EA3FEB
:10BD8C000000000000000000005044858D89C73F72
:10BD9C000543917010661CBD000000000060EA3F76
:10BDAC000000000000000000000039EBAFBEC83FEF
:10BDBC00D12CE9AA543D07BD000000000040EA3F29
:10BDCC0000000000000000000000F7DC5A5AC93FD8
:10BDDC006FFFA05828F2073D000000000000EA3F6A
:10BDEC00000000000000000000E08A3CED93CA3F18
:10BDFC0069215650437228BD0000000000E0E93F65
:10BE0C00000000000000000000D05B57D831CB3F91
:10BE1C00AAE1AC4E8D350CBD0000000000C0E93F1E
:10BE2C00000000000000000000E03B3887D0CB3F52
:10BE3C00B6125459C44B2DBD0000000000A0E93FC0
:10BE4C0000000000000000000010F0C6FB6FCC3FAB
:10BE5C00D22B96C572ECF1BC000000000060E93FEB
:10BE6C0000000000000000000090D4B03DB1CD3FB8
:10BE7C0035B015F72AFF2ABD000000000040E93F4D
:10BE8C0000000000000000000010E7FF0E53CE3F42
:10BE9C0030F441602712C23C000000000020E93F52
:10BEAC0000000000000000000000DDE4ADF5CE3F16
:10BEBC00118EBB651521CABC000000000000E93FD3
:10BECC00000000000000000000B0B36C1C99CF3FD4
:10BEDC0030DF0CCAECCB1B3D0000000000C0E83F7B
:10BEEC00000000000000000000584D603871D03F89
:10BEFC00914EED16DB9CF83C0000000000A0E83FE2
:10BF0C000000000000000000006061672DC4D03FFD
:10BF1C00E9EA3C168B18273D000000000080E83F42
:10BF2C00000000000000000000E827828E17D13FBF
:10BF3C001CF0A5630E212CBD000000000060E83F42
:10BF4C00000000000000000000F8ACCB5C6BD13F9F
:10BF5C008116A5F7CD9A2B3D000000000040E83F6C
:10BF6C00000000000000000000685A6399BFD13F38
:10BF7C00B7BD4751EDA62C3D000000000020E83F66
:10BF8C00000000000000000000B80E6D4514D23F08
:10BF9C00EABA46BADE870A3D0000000000E0E73F3F
:10BFAC0000000000000000000090DC7CF0BED23FDE
:10BFBC00F404504AFA9C2A3D0000000000C0E73F00
:10BFCC0000000000000000000060D3E1F114D33F3A
:10BFDC00B83C21D37AE228BD0000000000A0E73F66
:10BFEC0000000000000000000010BE76676BD33F1D
:10BFFC00C877F1B0CD6E113D000000000080E73F26
:10C00C0000000000000000000030337752C2D33F24
:10C01C005CBD06B6543B183D000000000060E73FD5
:10C02C00000000000000000000E8D523B419D43F44
:10C03C009DE090EC36E4083D000000000040E73F36
:10C04C00000000000000000000C871C28D71D43FD8
:10C05C0075D66709CE272FBD000000000020E73FF2
:10C06C0000000000000000000030179EE0C9D43F23
:10C07C00A4D80A1B89202EBD000000000000E73F59
:10C08C00000000000000000000A03807AE22D53FE1
:10C09C0059C7648170BE2E3D0000000000E0E63FF1
:10C0AC00000000000000000000D0C853F77BD53F13
:10C0BC00EF405DEEEDAD1F3D0000000000C0E63F1F
:10C0CC000000000000000000006059DFBDD5D53F26
:10C0DC00DC65A4082A0B0ABD000001010001010166
:10C0EC000102010102020102030102030202040225
:10C0FC0002050202050302060302070302070403FA
:10C10C0007040307050407050407060507060607C9
:10C11C0006060707070707009426C0A8013200543B
:10C12C00726163746F720000000000000000313116
:10C13C003132323233333300000000000000000093
:10C14C0000000000000000000000000800000000DB
:10C15C0000000000000000000100040000010203C8
:10C16C000405060708090A0B0C0D0E0F000102034B
:10C17C000405060708090A0B0C0D0E0FA836002043
:10C18C00203700205437002088370020BC3700208F
:10C19C00F03700202B810400210000002B810400CB
:10C1AC0022000000AABBCC03020100FFFFFFFFFF2F
:10C1BC001122330A0B0CCCDDDDDDDDDD00000000CF
:10C1CC00FFFFFFFFFFFFFFFFC90FDAA22168C23498
:10C1DC00C4C6628B80DC1CD129024E088A67CC74E1
:10C1EC00020BBEA63B139B22514A08798E3404DD08
:10C1FC00EF9519B3CD3A431B302B0A6DF25F143710
:10C20C004FE1356D6D51C245E485B576625E7EC6F3
:10C21C00F44C42E9A637ED6B0BFF5CB6F406B7EDB8
:10C22C00EE386BFB5A899FA5AE9F24117C4B1FE601
:10C23C0049286651ECE45B3DC2007CB8A163BF05A4
:10C24C0098DA48361C55D39A69163FA8FD24CF5F5F
:10C25C0083655D23DCA3AD961C62F356208552BB2F
:10C26C009ED529077096966D670C354E4ABC98047E
:10C27C00F1746C08CA18217C32905E462E36CE3B87
:10C28C00E39E772C180E86039B2783A2EC07A28FC4
:10C29C00B5C55DF06F4C52C9DE2BCBF6955817180F
:10C2AC003995497CEA956AE515D2261898FA051055
:10C2BC0015728E5A8AACAA68FFFFFFFFFFFFFFFFC3
:10C2CC0000000000001C131714000000245E002066
:10C2DC002C5E0020345E00203C5E002070C60260A4
:10C2EC0040C6026010C60260E0C50260B0C50260C4
:10C2FC0080C502600602030401050602020602065E
:10C30C0002000000F0CF0260C0CF026090CF02604C
:10C31C0060CF02600000000001000000030000007C
:10C32C0002000000000000000002000000040000F9
:10C33C0000080000001000004C6F6164696E6720FB
:10C34C0064656661756C742073657474696E67736B
:10C35C002E00000054726163746F720031313132FF
:10C36C003232333333000000464C41534800000056
:10C37C0052414D00557064617465206572726F7224
:10C38C002E000000657261736520464C41534820B5
:10C39C00627566666572202F206672656520524153
:10C3AC004D206275666665722E2E2E0A0000000006
:10C3BC0066775F7465656E7379343100746172678A
:10C3CC006574203D202573202825644B20666C6104
:10C3DC00736820696E2025644B20736563746F72DB
:10C3EC0073290A00627566666572203D2025316CE2
:10C3FC00754B20257320282530386C58202D20258E
:10C40C0030386C58290A000077616974696E6720AE
:10C41C00666F7220686578206C696E65732E2E2E9F
:10C42C000A000000556E61626C6520746F206372A7
:10C43C0065617465207570646174652062756666EB
:10C44C0065722E005573696E67204750494F2070F6
:10C45C00696E7320666F722072656C6179732E0041
:10C46C005374617274696E672050434139353535A8
:10C47C0020492F4F20457870616E64657220666F7D
:10C48C00722072656C617973202E2E2E00000000D4
:10C49C005043413935353520657870616E6465726D
:10C4AC0020666F756E642E0050434139353535204A
:10C4BC00657870616E646572206E6F7420666F753E
:10C4CC006E642E005374617274696E67204D435014
:10C4DC00323330313720666F722072656C6179733C
:10C4EC00202E2E2E000000004D43503233303137B9
:10C4FC0020666F756E642E004D43503233303137E9
:10C50C00206E6F7420666F756E642E0061626F72A0
:10C51C0074202D2062616420686578206C696E65DA
:10C52C000000000061626F7274202D206D61782014
:10C53C0061646472657373202530386C5820746F95
:10C54C006F206C617267650A0000000061626F7297
:10C55C0074202D206572726F72202530325820693C
:10C56C006E20666C6173685F77726974655F626C6C
:10C57C006F636B28290A0000454F46005550444113
:10C58C0054452121210A00004C494E455320444F6B
:10C59C004E54204D617463680A00000061626F7232
:10C5AC0074202D20696E76616C6964206865782032
:10C5BC00636F64652025640A000000000A686578D2
:10C5CC002066696C653A20253164206C696E657350
:10C5DC002025316C752062797465732028253038DC
:10C5EC006C58202D202530386C58290A000000008A
:10C5FC0052437465656E7379000000004669726D74
:10C60C00776172652056657273696F6E3A20760099
:10C61C00300000004D6F64756C652049443A200071
:10C62C005374617274696E672041445331313135F2
:10C63C0020617420616464726573732000000000D3
:10C64C004144533131313520666F756E642E0000D4
:10C65C0041445331313135206E6F7420666F756EE5
:10C66C00642E0000414453313131352064697361CB
:10C67C00626C65642E0000005374617274696E679D
:10C68C002045746865726E6574202E2E2E00000095
:10C69C0045746865726E657420436F6E6E65637465
:10C6AC0065642E0045746865726E6574204E6F74F7
:10C6BC0020436F6E6E65637465642E004950204193
:10C6CC006464726573733A200000000053656E73E6
:10C6DC006F727320656E61626C65643A20000000B5
:10C6EC0053656E736F7220313A200000456E6162A3
:10C6FC006C65643A20000000466C6F772050696EC0
:10C70C003A2000004449522050696E3A2000000043
:10C71C0050574D2050696E3A2000000053656E73DF
:10C72C006F7220323A200000576F726B205377697A
:10C73C007463682050696E3A20000000446973618C
:10C74C00626C6564000000005072657373757265ED
:10C75C002050696E3A200000576865656C20537054
:10C76C006565642050696E3A200000006572726F36
:10C77C00722C206475706C696361746520666C6FD3
:10C78C00772070696E000000414453313131353AE5
:10C79C0020456E61626C6564200000004144533199
:10C7AC003131353A2044697361626C656420000054
:10C7BC00436F6D6D204D6F64653A200055445020D9
:10C7CC006F6E6C790000000043414E2F49534F426D
:10C7DC0055532050726F70726965746172790000E4
:10C7EC00554450202B2043414E2F49534F42555313
:10C7FC002050726F7072696574617279000000006C
:10C80C00556E6B6E6F776E0050696E20636F6E663F
:10C81C00696775726174696F6E20636F727265639C
:10C82C00742E000050696E20636F6E6669677572B6
:10C83C006174696F6E206E6F7420636F72726563C2
:10C84C00742E000056616C7665732061726520331E
:10C85C0020776972652E000046696E69736865649D
:10C86C002073657475702E0056616C76657320614B
:10C87C007265203220776972652E000053746F72D6
:10C88C0065642073657474696E6773206E6F7420B1
:10C89C0076616C69642E00004C6F6164696E672070
:10C8AC0073746F7265642073657474696E67732E2C
:10C8BC00000000005570646174696E672073746FBA
:10C8CC007265642073657474696E67732E00000062
:10C8DC0053746174654572723A200000F1170100BF
:10C8EC00F5170100F9170100FD1701000000000009
:10C8FC00000000006D420000E1010000DD48000076
:10C90C005D030000C93200006103000065030000F4
:10C91C000000000000000000DD6A0000E568000077
:10C92C00115E0000456800003D68000001690000D0
:10C93C0079690000696800009D6900004968000081
:10C94C00B5680000656A0000CD680000ED69000064
:10C95C0039690000196B000021680000356800007F
:10C96C00D9680000396800000000000000000000D9
:10C97C0055720000111C01000D1C0100091C010066
:10C98C00095E00000D5E0000051C0100011C010089
:10C99C0000000000000000005D5E0000895E0000E9
:10C9AC00115E0000595E0000155E0000215E000063
:10C9BC00415E00000000000000000000451A01006C
:10C9CC009564000099640000D1640000CD640000FF
:10C9DC009D64000000000000A9640000AD6400002C
:10C9EC00B5640000BD6400002C2066756E6374692C
:10C9FC006F6E3A2000000000617373657274696F8A
:10CA0C006E2022257322206661696C65643A20666B
:10CA1C00696C6520222573222C206C696E6520259B
:10CA2C0064257325730A000042616C6C6F6320737C
:10CA3C007563636565646564000000002F64617450
:10CA4C00612F6A656E6B696E732F776F726B737083
:10CA5C006163652F474E552D746F6F6C6368616908
:10CA6C006E2F61726D2D31312F7372632F6E65775E
:10CA7C006C69622D63796777696E2F6E65776C6967
:10CA8C00622F6C6962632F7374646C69622F6D70B2
:10CA9C007265632E63000000303132333435363723
:10CAAC0038396162636465666768696A6B6C6D6E60
:10CABC006F707172737475767778797A00000000F4
:10CACC000020202020202020202028282828282052
:10CADC00202020202020202020202020202020204A
:10CAEC0020881010101010101010101010101010B2
:10CAFC0010040404040404040404041010101010A2
:10CB0C00101041414141414101010101010101016B
:10CB1C0001010101010101010101010110101010BD
:10CB2C00101042424242424202020202020202023D
:10CB3C000202020202020202020202021010101091
:10CB4C0020000000000000000000000000000000B9
:10CB5C0000000000000000000000000000000000C9
:10CB6C0000000000000000000000000000000000B9
:10CB7C0000000000000000000000000000000000A9
:10CB8C000000000000000000000000000000000099
:10CB9C000000000000000000000000000000000089
:10CBAC000000000000000000000000000000000079
:10CBBC000000000000000000000000000000000069
:10CBCC0000000000496E66696E697479000000000F
:10CBDC004E614E002F646174612F6A656E6B696ED5
:10CBEC00732F776F726B73706163652F474E552D82
:10CBFC00746F6F6C636861696E2F61726D2D31316A
:10CC0C002F7372632F6E65776C69622D637967770A
:10CC1C00696E2F6E65776C69622F6C6962632F7316
:10CC2C0074646C69622F64746F612E630000000081
:10CC3C00494E4600696E66004E414E006E616E00B4
:10CC4C003031323334353637383961626364656676
:10CC5C0000000000286E756C6C290000202020203C
:10CC6C0020202020202020202020202020202020B8
:10CC7C0020202020202020202020202020202020A8
:10CC8C0020202020202020202020202000000042D6
:10CC9C00C8801F40B8821F400800000000000042FE
:10CCAC00C4801F40B4821F400400000000C000423A
:10CCBC0024801F4014821F401000000000C000425E
:10CCCC0028801F4018821F402000000000C0004236
:10CCDC002C801F401C821F404000000000C00042FE
:10CCEC0034801F4024821F4000010000004000429D
:10CCFC0064811F4054831F40000400000040004228
:10CD0C0080811F4070831F400000020000400042E1
:10CD1C007C811F406C831F400000010000400042DA
:10CD2C0068811F4058831F400008000000400042EB
:10CD3C003C811F402C831F4001000000004000423A
:10CD4C0044811F4034831F40040000000040004217
:10CD5C0040811F4030831F40020000000040004211
:10CD6C0048811F4038831F4008000000000000422B
:10CD7C0004811F40F4821F400000040000000042A8
:10CD8C0008811F40F8821F4000000800000000428C
:10CD9C0018811F4008831F400000800000000042E3
:10CDAC0014811F4004831F4000004000000000421B
:10CDBC0000811F40F0821F40000002000000004272
:10CDCC00FC801F40EC821F4000000100000000426C
:10CDDC0024811F4014831F40000000040000004207
:10CDEC0028811F4018831F400000000800000042EB
:10CDFC001C811F400C831F400000000100000042FA
:10CE0C0020811F4010831F400000000200000042E0
:10CE1C00EC801F40DC821F4000100000000000422C
:10CE2C00F0801F40E0821F40002000000000004204
:10CE3C0034811F4024831F4000000040000000424A
:10CE4C0038811F4028831F40000000800080004272
:10CE5C0094801F4084821F400000040000C00042E8
:10CE6C0090801F4080821F400000008000800042A4
:10CE7C00A8801F4098821F40000080000080004264
:10CE8C00A4801F4094821F400000400000400042DC
:10CE9C006C811F405C831F400010000000C00042EA
:10CEAC0030801F4020821F40800000000040004264
:10CEBC00B0811F40A0831F400000002000400042B2
:10CECC00AC811F409C831F400000001000400042BA
:10CEDC0084811F4074831F40000004000040004206
:10CEEC0088811F4078831F4000000800000000422A
:10CEFC002C811F401C831F400000001000000042CA
:10CF0C0030811F4020831F400000002000000042A1
:10CF1C000C811F40FC821F400000100000000042EA
:10CF2C0010811F4000831F40000020000080004241
:10CF3C00C8811F40B8831F40008000000080004261
:10CF4C00C4811F40B4831F40004000000080004299
:10CF5C00C0811F40B0831F400020000000800042B1
:10CF6C00BC811F40AC831F400010000000800042B9
:10CF7C00D0811F40C0831F4000000200008000428F
:10CF8C00CC811F40BC831F400000010000C0004248
:10CF9C0074801F4064821F400000000100C00042EA
:10CFAC0080801F4070821F400000000800C00042BB
:10CFBC0084801F4074821F400000001000C000429B
:10CFCC006C801F405C821F400000400000C000428B
:10CFDC007C801F406C821F400000000400C0004297
:10CFEC0078801F4068821F400000000200C0004291
:10CFFC0088801F4078821F400000002063825363AA
:10D00C00FFFFFFFFFFFF000000000000000000001A
:10D01C000100000006000000457400001D740000B3
:10D02C00A990000079900000759000005D720000DE
:10D03C00AD730000F5910000A17200007991000021
:10D04C003D910000982B0020E97200004D73000008
:10D05C00287300208C740020B074002068740020A9
:10D06C000000000081B5000045B700000DB70000BE
:10D07C0000000000ADB60000C5B5000095B500007D
:10D08C0031970000719700000000000001000000C3
:10D09C0035CD0000CDDB000001D8000005CD00002F
:10D0AC00D5D60000D9E4000069DB000071CE000089
:10D0BC00A1CC00008DD300000000000049EE000060
:10D0CC00C9F0000099F000000000000039F00000E9
:10D0DC0095EE000065EE000031970000719700009E
:10D0EC00000000001B0500001705000005000000F3
:10D0FC00190000007D00000007080C0B06050F004E
:10D10C000D0E0102838407080C0B06050F000D0E93
:10D11C0001028384FFFFFFFFFFFFFFFFFFFF818200
:10D12C00090A0000010100040100000401320101A0
:10D13C000132020101100101011101010112010270
:10D14C0001030206010301060112020202000001A2
:10D15C000202000102010001021000010222000182
:10D16C000223000100000000000000000221000169
:10D17C00022000010000000000000000013001014D
:10D18C000131010101020004010300040000000050
:10D19C00000000000121020101210101000000003A
:10D1AC00000000000000000001100201000000005F
:10D1BC00000000000113010601130206000000002C
:10D1CC00000000000000000000000000010102014E
:10D1DC000101010101000201010001010102020132
:10D1EC00010201010000000000000000000000002E
:10D1FC0001230201000000000000000001200101D9
:10D20C0064656300656E630020204145532D4543E2
:10D21C00422D25336420282573293A200000000074
:10D22C00736B697070656400706173736564000082
:10D23C0020204145532D4342432D2533642028257E
:10D24C0073293A200000000020204145532D43460D
:10D25C00423132382D25336420282573293A200099
:10D26C0020204145532D4354522D3132382028254E
:10D27C0073293A20000000006661696C6564000047
:10D28C006BC1BEE22E409F96E93D7E117393172A27
:10D29C00AE2D8A571E03AC9C9EB76FAC45AF8E511A
:10D2AC0030C81C46A35CE411E5FBC1191A0A52EF05
:10D2BC00F69F2445DF4F9B17AD2B417BE66C371057
:10D2CC0000000000202042617365363420656E63D7
:10D2DC006F64696E6720746573743A2000000000F7
:10D2EC007061737365640A007061737365640A20FE
:10D2FC0020426173653634206465636F64696E67C0
:10D30C0020746573743A200030313233343536373B
:10D31C0038394142434445460000000045464530FB
:10D32C003231433236343546443144433538364550
:10D33C00363931383441463441333145443546353C
:10D34C003345393342354631323346413431363840
:10D35C00303836374241313130313331393434465B
:10D36C004537393532453235313733333737383045
:10D37C0043423044423830453631414145374338D9
:10D38C0044444336433543364141444542333445A6
:10D39C0042333841324634304435453600000000C3
:10D3AC0042324537454644333730373542394630BB
:10D3BC0033464639383943374335303531433230CB
:10D3CC003334443241333233383130323531313207
:10D3DC003745374246383632354134463439413593
:10D3EC004633453237463444413842443539433468
:10D3FC003744364441414241344338313237424458
:10D40C003542354332353736333232324645464370
:10D41C004346433338423833323336364332394558
:10D42C00000000003030363641313938313836435F
:10D43C003138433130423246354544394235323247
:10D44C003735324139383330423639393136453552
:10D45C003335433846303437353138413838394133
:10D46C003433413539344236424544323741313612
:10D47C003844333144344135324638383932354109
:10D48C0041384635000000003630324142374543C2
:10D49C0041353937413344364235364646393832D0
:10D4AC0039413545384238353945383537454139B4
:10D4BC0035413033353132453242414537333931DC
:10D4CC0036383844323634414135363633423033CF
:10D4DC003431444239434346443243344335463471
:10D4EC0032314645433831343830303142373245A9
:10D4FC003834384133384341453143363546373873
:10D50C004535364142444546453132443343303348
:10D51C00394238413032443642453539334630424F
:10D52C00424244413536463145434636373731352C
:10D53C00324546383034333730433141333035435C
:10D54C00414633423542463133303837394235362D
:10D55C004336314445353834413046353341323425
:10D56C00343741353145000020204D504920746539
:10D57C00737420233120286D756C5F6D7069293AA6
:10D58C002000000020204D50492074657374202326
:10D59C003220286469765F6D7069293A200000009A
:10D5AC0020204D5049207465737420233420286941
:10D5BC006E765F6D6F64293A200000006661696CBD
:10D5CC0065642061742025640A000000556E65783E
:10D5DC00706563746564206572726F722C2072655D
:10D5EC007475726E20636F6465203D202530385849
:10D5FC000A00000020204D504920746573742023CC
:10D60C0035202873696D706C6520676364293A2036
:10D61C00000000003030334130414145444437452F
:10D62C00373834464330374438463945433645332A
:10D63C00424644354333444241373634353633362B
:10D64C003341313038363936323245414332444435
:10D65C0038344543433542384137344441433444EC
:10D66C00303945303342354530424537373946320B
:10D67C0044463631000000003336453133394145DC
:10D68C004135353231353630394432383136393925
:10D69C0038454430323042424244393643333738CD
:10D6AC0039304636353137314439343845394243CF
:10D6BC0037434241413444393332354432344436B1
:10D6CC0041334331323731304631304130394641C4
:10D6DC00303841423837000032353635363733333F
:10D6EC0036303539453532434145323239323534AD
:10D6FC0037343730354633394139340020204D50DA
:10D70C0049207465737420233320286578705F6D0D
:10D71C006F64293A200000003636313346323631F8
:10D72C00363232323344463438384539434434384F
:10D73C00434331333243374130414339334337303C
:10D74C003142303031423039324534453542394638
:10D75C00373342434432374239454535304430360D
:10D76C0035374337374633373445393033434446FE
:10D77C004134433634320000202043414D454C4C5B
:10D78C0049412D4543422D25336420282573293AE0
:10D79C0020000000202043414D454C4C49412D4375
:10D7AC0042432D25336420282573293A200000009C
:10D7BC00202043414D454C4C49412D4354522D3171
:10D7CC00323820282573293A2000000020204343BA
:10D7DC004D3A207365747570206661696C656400E0
:10D7EC00202043434D2D414553202325753A2000DD
:10D7FC004445532D454445332D434243000000001E
:10D80C004445532D454445332D454342000000000B
:10D81C004445532D4544452D434243004445532D27
:10D82C004544452D454342004445532D4543420054
:10D83C0043414D454C4C49412D3235362D43434DDA
:10D84C000000000043414D454C4C49412D313932CB
:10D85C002D43434D0000000043414D454C4C494184
:10D86C002D3132382D43434D0000000043414D45CE
:10D87C004C4C49412D3235362D47434D00000000AC
:10D88C0043414D454C4C49412D3139322D47434D87
:10D89C000000000043414D454C4C49412D3132387C
:10D8AC002D47434D0000000043414D454C4C494130
:10D8BC002D3235362D4354520000000043414D4566
:10D8CC004C4C49412D3139322D435452000000004B
:10D8DC0043414D454C4C49412D3132382D43545226
:10D8EC000000000043414D454C4C49412D3235362A
:10D8FC002D4346423132380043414D454C4C494151
:10D90C002D3139322D4346423132380043414D4599
:10D91C004C4C49412D3132382D434642313238007E
:10D92C0043414D454C4C49412D3235362D434243F4
:10D93C000000000043414D454C4C49412D313932DA
:10D94C002D4342430000000043414D454C4C49419E
:10D95C002D3132382D4342430000000043414D45E8
:10D96C004C4C49412D3235362D45434200000000C8
:10D97C0043414D454C4C49412D3139322D454342A3
:10D98C000000000043414D454C4C49412D3132388B
:10D99C002D454342000000004145532D3235362DB4
:10D9AC0043434D004145532D3139322D43434D00F6
:10D9BC004145532D3132382D43434D004145532DB4
:10D9CC003235362D47434D004145532D3139322DDB
:10D9DC0047434D004145532D3132382D47434D00BF
:10D9EC004145532D3235362D435452004145532D6C
:10D9FC003139322D435452004145532D3132382D9B
:10DA0C00435452004145532D3235362D4346423155
:10DA1C00323800004145532D3139322D43464231C5
:10DA2C00323800004145532D3132382D43464231B6
:10DA3C00323800004145532D3235362D43424300D8
:10DA4C004145532D3139322D434243004145532D2D
:10DA5C003132382D434243004145532D3235362D5A
:10DA6C00454342004145532D3139322D4543420047
:10DA7C004145532D3132382D454342002020444539
:10DA8C005325632D4543422D2533642028257329C6
:10DA9C003A200000202044455325632D4342432D5A
:10DAAC0025336420282573293A2000004E6F7720F7
:10DABC0069732074000000001234567890ABCDEFDF
:10DACC00000000002D2D2D2D2D454E4420444820C6
:10DADC00504152414D45544552532D2D2D2D2D0065
:10DAEC002D2D2D2D2D424547494E20444820504187
:10DAFC0052414D45544552532D2D2D2D2D000000D6
:10DB0C00202044484D20706172616D6574657220EF
:10DB1C006C6F61643A200000736563703338347243
:10DB2C00310000002020454350207465737420237D
:10DB3C00312028636F6E7374616E74206F705F6335
:10DB4C006F756E742C206261736520706F696E74D2
:10DB5C002047293A2000000030303030303030304F
:10DB6C0030303030303030303030303030303030A9
:10DB7C003030303030303030303030303030303099
:10DB8C003030303030303031000000006661696C6C
:10DB9C00656420282575290A0000000020204543D3
:10DBAC005020746573742023322028636F6E737455
:10DBBC00616E74206F705F636F756E742C206F7460
:10DBCC0068657220706F696E74293A20000000003D
:10DBDC0046464646464646464646464646464646D9
:10DBEC004646464646464646393944454638333617
:10DBFC003134364243394231423444323238333094
:10DC0C00000000003545413646333839413338423F
:10DC1C003842433831453736373735334231354161
:10DC2C004135353639453137383245333041424547
:10DC3C003744323500000000343030303030303072
:10DC4C0030303030303030303030303030303030C8
:10DC5C0030303030303030303030303030303030B8
:10DC6C00303030303030303000000000374646461F
:10DC7C004646464646464646464646464646464638
:10DC8C004646464646464646464646464646464628
:10DC9C004646464646464646464646460000000030
:10DCAC003535353535353535353535353535353518
:10DCBC003535353535353535353535353535353508
:10DCCC0035353535353535353535353535353535F8
:10DCDC00000000007365637032353672310000004D
:10DCEC007365637032323472310000007365637097
:10DCFC00313932723100000020204145532D474309
:10DD0C004D2D2533642023256420282573293A20A2
:10DD1C000000000020204145532D47434D2D253355
:10DD2C0064202325642073706C6974202825732962
:10DD3C003A2000002020484D41435F445242472086
:10DD4C00285052203D205472756529203A2000003D
:10DD5C002020484D41435F445242472028505220D6
:10DD6C003D2046616C736529203A20004D443500F6
:10DD7C0020204D44352074657374202325643A208B
:10DD8C000000000025642E25640000002E25640090
:10DD9C00551D1300550403002A864886F70D010112
:10DDAC00010000002A8648CE3D030101000000005E
:10DDBC002A864886F70D0101040000002A86488651
:10DDCC00F70D0205000000002A864886F70D0207B1
:10DDDC00000000002B0601050507030100000000F0
:10DDEC002B0E0302070000002A864886F70D010C53
:10DDFC000103000070626557697468534841416EB5
:10DE0C0064332D4B6579547269706C654445532DA0
:10DE1C00434243005042452077697468205348417F
:10DE2C003120616E6420332D4B657920334445538A
:10DE3C00000000002A864886F70D010C0104000042
:10DE4C0070626557697468534841416E64322D4B5A
:10DE5C006579547269706C654445532D4342430097
:10DE6C005042452077697468205348413120616ED7
:10DE7C006420322D4B65792033444553000000005B
:10DE8C00686D61635348413100000000484D4143C7
:10DE9C002D5348412D3100002A864886F70D020883
:10DEAC0000000000686D6163534841323234000059
:10DEBC00484D41432D5348412D323234000000006F
:10DECC002A864886F70D020900000000686D616320
:10DEDC005348413235360000484D41432D5348419B
:10DEEC002D323536000000002A864886F70D020ACE
:10DEFC0000000000686D6163534841333834000002
:10DF0C00484D41432D5348412D3338340000000017
:10DF1C002A864886F70D020B00000000686D6163CD
:10DF2C005348413531320000484D41432D5348414F
:10DF3C002D3531320000000069642D6D6435000010
:10DF4C002B0E03021A00000069642D736861310006
:10DF5C005348412D310000006086480165030402DE
:10DF6C000400000069642D736861323234000000D3
:10DF7C005348412D32323400608648016503040257
:10DF8C000100000069642D736861323536000000B1
:10DF9C005348412D32353600608648016503040232
:10DFAC000200000069642D7368613338340000008E
:10DFBC005348412D33383400608648016503040210
:10DFCC000300000069642D73686135313200000074
:10DFDC005348412D35313200646573434243000090
:10DFEC002A864886F70D0307000000006465732D30
:10DFFC00656465332D636263000000002A8648CE99
:10E00C003D03010700000000727361456E63727975
:10E01C007074696F6E000000525341002A8648CE1E
:10E02C003D02010069642D65635075626C69634B38
:10E03C006579000047656E65726963204543206B06
:10E04C00657900002B8104010C00000069642D65CA
:10E05C00634448004543206B657920666F72204508
:10E06C00434448006D643557697468525341456E9A
:10E07C006372797074696F6E000000005253412016
:10E08C0077697468204D4435000000002A86488664
:10E09C00F70D0101050000007368612D315769749B
:10E0AC0068525341456E6372797074696F6E0000EB
:10E0BC005253412077697468205348413100000065
:10E0CC002A864886F70D01010E0000007368613244
:10E0DC00323457697468525341456E637279707467
:10E0EC00696F6E0052534120776974682053484120
:10E0FC002D323234000000002A864886F70D0101CB
:10E10C000B000000736861323536576974685253DE
:10E11C0041456E6372797074696F6E005253412081
:10E12C0077697468205348412D3235360000000061
:10E13C002A864886F70D01010C00000073686133D4
:10E14C00383457697468525341456E6372797074F0
:10E15C00696F6E00525341207769746820534841AF
:10E16C002D333834000000002A864886F70D010153
:10E17C000D00000073686135313257697468525371
:10E18C0041456E6372797074696F6E005253412011
:10E19C0077697468205348412D35313200000000F6
:10E1AC002B0E03021D0000002A8648CE3D04010000
:10E1BC0065636473612D776974682D534841310030
:10E1CC0045434453412077697468205348413100DA
:10E1DC002A8648CE3D040301000000006563647389
:10E1EC00612D776974682D53484132323400000038
:10E1FC004543445341207769746820534841323277
:10E20C00340000002A8648CE3D04030200000000C2
:10E21C0065636473612D776974682D534841323599
:10E22C0036000000454344534120776974682053FD
:10E23C0048413235360000002A8648CE3D0403039F
:10E24C000000000065636473612D776974682D5359
:10E25C00484133383400000045434453412077692A
:10E26C007468205348413338340000002A8648CE65
:10E27C003D0403040000000065636473612D77693D
:10E28C0074682D53484135313200000045434453E6
:10E29C0041207769746820534841353132000000C1
:10E2AC002A864886F70D01010A000000525341539B
:10E2BC0053412D505353000069642D6B702D7365C1
:10E2CC00727665724175746800000000544C5320DE
:10E2DC005765622053657276657220417574686566
:10E2EC006E7469636174696F6E0000002B06010522
:10E2FC00050703020000000069642D6B702D636C30
:10E30C0069656E744175746800000000544C5320AC
:10E31C0057656220436C69656E742041757468653D
:10E32C006E7469636174696F6E0000002B060105E1
:10E33C00050703030000000069642D6B702D636FEB
:10E34C0064655369676E696E67000000436F6465AE
:10E35C00205369676E696E67000000002B0601058B
:10E36C00050703040000000069642D6B702D656DBA
:10E37C0061696C50726F74656374696F6E00000034
:10E38C00452D6D61696C2050726F74656374696F93
:10E39C006E0000002B0601050507030800000000B5
:10E3AC0069642D6B702D74696D655374616D706942
:10E3BC006E67000054696D65205374616D70696EF1
:10E3CC00670000002B06010505070309000000008B
:10E3DC0069642D6B702D4F4353505369676E696E92
:10E3EC00670000004F435350205369676E696E6796
:10E3FC000000000069642D63652D626173696343DD
:10E40C006F6E73747261696E74730000426173692C
:10E41C006320436F6E73747261696E7473000000D5
:10E42C00551D0F0069642D63652D6B6579557361FE
:10E43C00676500004B6579205573616765000000C6
:10E44C00551D250069642D63652D6578744B6579C0
:10E45C005573616765000000457874656E6465648A
:10E46C00204B65792055736167650000551D1100BF
:10E47C0069642D63652D7375626A656374416C7490
:10E48C004E616D65000000005375626A656374200F
:10E49C00416C74204E616D6500000000608648017F
:10E4AC0086F842010100000069642D6E6574736387
:10E4BC006170652D6365727474797065000000007D
:10E4CC004E65747363617065204365727469666927
:10E4DC0063617465205479706500000069642D6176
:10E4EC00742D636F6D6D6F6E4E616D650000000075
:10E4FC00436F6D6D6F6E204E616D6500434E000075
:10E50C005504060069642D61742D636F756E747209
:10E51C00794E616D65000000436F756E7472790001
:10E52C00430000005504070069642D61742D6C6F65
:10E53C0063616C69747900004C6F63616C69747908
:10E54C00000000004C0000005504080069642D61B7
:10E55C00742D7374617465005374617465000000EC
:10E56C005354000055040A0069642D61742D6F72B8
:10E57C0067616E697A6174696F6E4E616D650000DA
:10E58C004F7267616E697A6174696F6E000000008A
:10E59C004F00000055040B0069642D61742D6F72DF
:10E5AC0067616E697A6174696F6E616C556E6974BE
:10E5BC004E616D65000000004F726720556E6974E6
:10E5CC00000000004F5500002A864886F70D01090F
:10E5DC0001000000656D61696C4164647265737360
:10E5EC0000000000452D6D61696C206164647265EA
:10E5FC00737300005504050069642D61742D7365F7
:10E60C007269616C4E756D6265720000536572695A
:10E61C00616C206E756D62657200000073657269C5
:10E62C00616C4E756D62657200000000550410003F
:10E63C0069642D61742D706F7374616C41646472C4
:10E64C0065737300506F7374616C206164647265E0
:10E65C0073730000706F7374616C416464726573E2
:10E66C00730000005504110069642D61742D706FE6
:10E67C007374616C436F646500000000506F7374B9
:10E68C00616C20636F646500706F7374616C436FB1
:10E69C00646500005504040069642D61742D737564
:10E6AC00724E616D650000005375726E616D650090
:10E6BC00534E000055042A0069642D61742D67695E
:10E6CC0076656E4E616D6500476976656E206E618C
:10E6DC006D650000474E000055042B0069642D61E8
:10E6EC00742D696E697469616C730000496E69748C
:10E6FC0069616C7300000000696E697469616C7308
:10E70C000000000055042C0069642D61742D6765B0
:10E71C006E65726174696F6E5175616C696669655D
:10E72C007200000047656E65726174696F6E2071CE
:10E73C0075616C69666965720000000067656E65DD
:10E74C00726174696F6E5175616C6966696572008E
:10E75C0055040C0069642D61742D7469746C65002A
:10E76C005469746C650000007469746C6500000079
:10E77C0055042E0069642D61742D646E5175616CA5
:10E78C00696669657200000044697374696E677527
:10E79C006973686564204E616D65207175616C6983
:10E7AC006669657200000000646E5175616C696683
:10E7BC00696572005504410069642D61742D707394
:10E7CC006575646F6E796D0050736575646F6E79E5
:10E7DC006D00000070736575646F6E796D000000DC
:10E7EC000992268993F22C640119000069642D6446
:10E7FC006F6D61696E436F6D706F6E656E74000046
:10E80C00446F6D61696E20636F6D706F6E656E74B1
:10E81C00000000004443000055042D0069642D6184
:10E82C00742D756E697175654964656E7469666978
:10E83C0065720000556E69717565204964656E746A
:10E84C006966696572000000756E69717565496469
:10E85C00656E7469666965720000000050726F63C2
:10E86C002D547970653A20342C454E4352595054EE
:10E87C004544000044454B2D496E666F3A20444593
:10E88C00532D454445332D4342432C0044454B2DD9
:10E89C00496E666F3A204445532D4342432C000089
:10E8AC0044454B2D496E666F3A204145532D31320C
:10E8BC00382D4342432C000044454B2D496E666F66
:10E8CC003A204145532D3139322D4342432C00001F
:10E8DC0044454B2D496E666F3A204145532D3235D8
:10E8EC00362D4342432C000044454B2D496E666F38
:10E8FC003A204145532D0000696E76616C696420A5
:10E90C00504B00002A864886F70D01050C000000CC
:10E91C00202050424B444632202853484131292074
:10E92C002325643A200000002A8648CE3D010100D0
:10E93C002A864886F70D010C010100002A864886BC
:10E94C00F70D01050D0000002D2D2D2D2D454E44EC
:10E95C00205253412050524956415445204B455961
:10E96C002D2D2D2D2D0000002D2D2D2D2D4245470B
:10E97C00494E205253412050524956415445204B48
:10E98C0045592D2D2D2D2D002D2D2D2D2D454E4444
:10E99C002045432050524956415445204B45592D52
:10E9AC002D2D2D2D000000002D2D2D2D2D424547F8
:10E9BC00494E2045432050524956415445204B4521
:10E9CC00592D2D2D2D2D00002D2D2D2D2D454E4449
:10E9DC002050524956415445204B45592D2D2D2D33
:10E9EC002D0000002D2D2D2D2D424547494E205038
:10E9FC00524956415445204B45592D2D2D2D2D0056
:10EA0C002D2D2D2D2D454E4420454E4352595054FD
:10EA1C0045442050524956415445204B45592D2DC3
:10EA2C002D2D2D002D2D2D2D2D424547494E2045A8
:10EA3C004E43525950544544205052495641544526
:10EA4C00204B45592D2D2D2D2D0000002D2D2D2D1C
:10EA5C002D454E4420525341205055424C494320A1
:10EA6C004B45592D2D2D2D2D000000002D2D2D2D1C
:10EA7C002D424547494E20525341205055424C4956
:10EA8C0043204B45592D2D2D2D2D00002D2D2D2D99
:10EA9C002D454E44205055424C4943204B45592D51
:10EAAC002D2D2D2D000000002D2D2D2D2D424547F7
:10EABC00494E205055424C4943204B45592D2D2D44
:10EACC002D2D00007273612E4E0000007273612EAA
:10EADC004500000065636B65792E51005253412D42
:10EAEC00616C7400454344534100000045435F444E
:10EAFC00480000004543000039323932373538348C
:10EB0C00353330363344383033444436303344357F
:10EB1C004537373744373838384544314435424621
:10EB2C003335373836313930464132463233454247
:10EB3C0043303834384145414444413932434136FD
:10EB4C004333443830423332433444313039424514
:10EB5C0030463336443641453731333042394345FC
:10EB6C0044374143444635344346433735353541C4
:10EB7C0043313445454241423933413839383133D8
:10EB8C0046424633433446383036364432443830C5
:10EB9C0030463743333841383141453331393432DB
:10EBAC0039313734303346463439343642304138D3
:10EBBC003344334433453035454535374336463594
:10EBCC004635363036464235443442433643443378
:10EBDC003445453038303141354539344242373788
:10EBEC00423037353037323333413042433742418C
:10EBFC004338463930463739000000004333364439
:10EC0C00304542374643443238353232334346423C
:10EC1C00354141424135424441334438324330312D
:10EC2C004341443139454134383441383745413416
:10EC3C003337373633374537353530304643423244
:10EC4C003030354335433744443645433441433003
:10EC5C0032334344413238354437393643334439FF
:10EC6C0045373545314546433432343838424234E1
:10EC7C0046314431334143333041353700000000D5
:10EC8C0043303030444635314137433737414538CE
:10EC9C0044374337333730433146463535423639BE
:10ECAC0045323131433242394535444231454430A5
:10ECBC0042463631443044393839393632304634AC
:10ECCC0039313045343136383338374533433330C6
:10ECDC0041413145303043333339413739353038A0
:10ECEC00383435324444393641394135454135445F
:10ECFC003944434136384441363336303332414659
:10ED0C00000000003234424636313835343638375C
:10ED1C003836464444333033303833443235453654
:10ED2C003445464336364341343732424334344417
:10ED3C00323533313032463842344139443342462D
:10ED4C004137353039313338364330303737393352
:10ED5C003746453333464133323532443238383511
:10ED6C0035383337414531423438344138413941F3
:10ED7C0034354637454538433043363334463939D4
:10ED8C004538434444463739433543453037454588
:10ED9C003732433746313233313432313938313608
:10EDAC0034323334434142423732344346373842AB
:10EDBC0038313733423946383830464338363332B7
:10EDCC00323430374146314645444644444532425C
:10EDDC00454236373443413135463345383141317C
:10EDEC0035323145303731353133413145383542A3
:10EDFC003544464130333146323145434145393152
:10EE0C004133344400000000313030303100000018
:10EE1C002020525341206B65792076616C696461C6
:10EE2C0074696F6E3A2000002020504B43532331FD
:10EE3C002064617461207369676E20203A200000A1
:10EE4C007061737365640A2020504B435323312047
:10EE5C007369672E207665726966793A2000000026
:10EE6C007061737365640A2020504B435323312027
:10EE7C0064656372797074696F6E203A20000000CB
:10EE8C007061737365640A2020504B435323312007
:10EE9C00656E6372797074696F6E203A20000000A1
:10EEAC00020305070B0D1113171D1F25292B2F35D9
:10EEBC003B3D4347494F53596165676B6D717F8388
:10EECC00898B95979DA3A7ADB3B5BFC1C5C7D3DF3C
:10EEDC00E3E5E9EFF1FB000020205348412D312000
:10EEEC0074657374202325643A20000042756666AD
:10EEFC00657220616C6C6F636174696F6E20666102
:10EF0C00696C65640000000020205348412D256485
:10EF1C002074657374202325643A2000544C532DBF
:10EF2C0045434448452D45434453412D5749544886
:10EF3C002D4145532D3132382D4342432D534841F9
:10EF4C0000000000756E6B6E6F776E00544C532D85
:10EF5C0045434448452D45434453412D5749544856
:10EF6C002D4145532D3235362D4342432D534841C7
:10EF7C0000000000544C532D45434448452D454357
:10EF8C004453412D574954482D4145532D31323866
:10EF9C002D4342432D53484132353600544C532DAA
:10EFAC0045434448452D45434453412D5749544806
:10EFBC002D4145532D3132382D47434D2D5348416A
:10EFCC0032353600544C532D45434448452D45436A
:10EFDC004453412D574954482D4145532D32353614
:10EFEC002D4342432D53484133383400544C532D58
:10EFFC0045434448452D45434453412D57495448B6
:10F00C002D4145532D3235362D47434D2D53484117
:10F01C0033383400544C532D45434448452D454317
:10F02C004453412D574954482D4145532D323536C3
:10F03C002D43434D00000000544C532D4543444890
:10F04C00452D45434453412D574954482D41455373
:10F05C002D3235362D43434D2D380000544C532D55
:10F06C0045434448452D45434453412D5749544845
:10F07C002D4145532D3132382D43434D00000000B6
:10F08C00544C532D45434448452D45434453412D41
:10F09C00574954482D4145532D3132382D43434D5A
:10F0AC002D380000544C532D45434448452D4543C1
:10F0BC004453412D574954482D43414D454C4C49DF
:10F0CC00412D3132382D4342432D53484132353690
:10F0DC0000000000544C532D45434448452D4543F6
:10F0EC004453412D574954482D43414D454C4C49AF
:10F0FC00412D3235362D4342432D5348413338345C
:10F10C0000000000544C532D45434448452D4543C5
:10F11C004453412D574954482D43414D454C4C497E
:10F12C00412D3132382D47434D2D53484132353620
:10F13C0000000000544C532D45434448452D454395
:10F14C004453412D574954482D43414D454C4C494E
:10F15C00412D3235362D47434D2D534841333834EC
:10F16C0000000000544C532D45434448452D454365
:10F17C004453412D574954482D334445532D454450
:10F18C00452D4342432D534841000000544C532D10
:10F19C0045434448452D5253412D574954482D4120
:10F1AC0045532D3132382D4342432D5348410000F5
:10F1BC00544C532D45434448452D5253412D5749EA
:10F1CC0054482D4145532D3235362D4342432D5352
:10F1DC0048410000544C532D45434448452D52534F
:10F1EC00412D574954482D4145532D3132382D432B
:10F1FC0042432D534841323536000000544C532DB8
:10F20C0045434448452D5253412D574954482D41AF
:10F21C0045532D3132382D47434D2D53484132350E
:10F22C0036000000544C532D45434448452D525351
:10F23C00412D574954482D4145532D3235362D43D8
:10F24C0042432D534841333834000000544C532D65
:10F25C0045434448452D5253412D574954482D415F
:10F26C0045532D3235362D47434D2D5348413338B8
:10F27C0034000000544C532D45434448452D525303
:10F28C00412D574954482D43414D454C4C49412D36
:10F29C003132382D4342432D53484132353600002C
:10F2AC00544C532D45434448452D5253412D5749F9
:10F2BC0054482D43414D454C4C49412D3235362D4A
:10F2CC004342432D5348413338340000544C532DA2
:10F2DC0045434448452D5253412D574954482D43DD
:10F2EC00414D454C4C49412D3132382D47434D2D24
:10F2FC005348413235360000544C532D4543444855
:10F30C00452D5253412D574954482D43414D454CA1
:10F31C004C49412D3235362D47434D2D5348413301
:10F32C0038340000544C532D45434448452D52531A
:10F33C00412D574954482D334445532D4544452DB3
:10F34C004342432D53484100544C532D4448452DC2
:10F35C005253412D574954482D4145532D32353682
:10F36C002D47434D2D53484133383400544C532DC5
:10F37C004448452D5253412D574954482D4145532E
:10F38C002D3132382D47434D2D53484132353600FF
:10F39C00544C532D4448452D5253412D57495448F4
:10F3AC002D4145532D3132382D4342432D53484185
:10F3BC0032353600544C532D4448452D5253412D73
:10F3CC00574954482D4145532D3235362D43424330
:10F3DC002D53484132353600544C532D4448452D5D
:10F3EC005253412D574954482D4145532D313238F4
:10F3FC002D4342432D53484100000000544C532DE3
:10F40C004448452D5253412D574954482D4145539D
:10F41C002D3235362D4342432D5348410000000018
:10F42C00544C532D4448452D5253412D5749544863
:10F43C002D4145532D3235362D43434D00000000F0
:10F44C00544C532D4448452D5253412D5749544843
:10F45C002D4145532D3235362D43434D2D3800006B
:10F46C00544C532D4448452D5253412D5749544823
:10F47C002D4145532D3132382D43434D00000000B2
:10F48C00544C532D4448452D5253412D5749544803
:10F49C002D4145532D3132382D43434D2D3800002D
:10F4AC00544C532D4448452D5253412D57495448E3
:10F4BC002D43414D454C4C49412D3132382D434261
:10F4CC00432D53484132353600000000544C532D27
:10F4DC004448452D5253412D574954482D43414DD5
:10F4EC00454C4C49412D3235362D4342432D534822
:10F4FC004132353600000000544C532D4448452D04
:10F50C005253412D574954482D43414D454C4C497C
:10F51C00412D3132382D4342432D534841000000D8
:10F52C00544C532D4448452D5253412D5749544862
:10F53C002D43414D454C4C49412D3235362D4342DE
:10F54C00432D534841000000544C532D4448452D45
:10F55C005253412D574954482D43414D454C4C492C
:10F56C00412D3132382D47434D2D534841323536DC
:10F57C0000000000544C532D4448452D5253412D4E
:10F58C00574954482D43414D454C4C49412D32353A
:10F59C00362D47434D2D534841333834000000007D
:10F5AC00544C532D4448452D5253412D57495448E2
:10F5BC002D334445532D4544452D4342432D53484B
:10F5CC0041000000544C532D5253412D574954487F
:10F5DC002D4145532D3235362D47434D2D53484142
:10F5EC0033383400544C532D5253412D5749544801
:10F5FC002D4145532D3132382D47434D2D53484124
:10F60C0032353600544C532D5253412D57495448E2
:10F61C002D4145532D3132382D4342432D53484112
:10F62C0032353600544C532D5253412D57495448C2
:10F63C002D4145532D3235362D4342432D534841F0
:10F64C0032353600544C532D5253412D57495448A2
:10F65C002D4145532D3132382D4342432D534841D2
:10F66C0000000000544C532D5253412D574954481F
:10F67C002D4145532D3235362D4342432D534841B0
:10F68C0000000000544C532D5253412D57495448FF
:10F69C002D4145532D3235362D43434D000000008E
:10F6AC00544C532D5253412D574954482D414553D9
:10F6BC002D3235362D43434D2D380000544C532DEF
:10F6CC005253412D574954482D4145532D31323811
:10F6DC002D43434D00000000544C532D5253412DEB
:10F6EC00574954482D4145532D3132382D43434D04
:10F6FC002D380000544C532D5253412D574954482A
:10F70C002D43414D454C4C49412D3132382D43420E
:10F71C00432D53484132353600000000544C532DD4
:10F72C005253412D574954482D43414D454C4C495A
:10F73C00412D3235362D4342432D53484132353617
:10F74C0000000000544C532D5253412D574954483E
:10F75C002D43414D454C4C49412D3132382D4342BE
:10F76C00432D534841000000544C532D5253412D0E
:10F77C00574954482D43414D454C4C49412D323548
:10F78C00362D4342432D534841000000544C532D19
:10F79C005253412D574954482D43414D454C4C49EA
:10F7AC00412D3132382D47434D2D5348413235369A
:10F7BC0000000000544C532D5253412D57495448CE
:10F7CC002D43414D454C4C49412D3235362D474347
:10F7DC004D2D53484133383400000000544C532D08
:10F7EC005253412D574954482D334445532D4544CC
:10F7FC00452D4342432D534841000000544C532D9A
:10F80C00454344482D5253412D574954482D4145A9
:10F81C00532D3132382D4342432D534841000000C3
:10F82C00544C532D454344482D5253412D57495464
:10F83C00482D4145532D3235362D4342432D5348E7
:10F84C0041000000544C532D454344482D52534124
:10F85C002D574954482D4145532D3132382D4342B3
:10F86C00432D53484132353600000000544C532D83
:10F87C00454344482D5253412D574954482D414539
:10F88C00532D3132382D47434D2D534841323536A7
:10F89C0000000000544C532D454344482D52534115
:10F8AC002D574954482D4145532D3235362D434261
:10F8BC00432D53484133383400000000544C532D31
:10F8CC00454344482D5253412D574954482D4145E9
:10F8DC00532D3235362D47434D2D53484133383453
:10F8EC0000000000544C532D454344482D525341C5
:10F8FC002D574954482D43414D454C4C49412D31D0
:10F90C0032382D4342432D534841323536000000E6
:10F91C00544C532D454344482D5253412D57495473
:10F92C00482D43414D454C4C49412D3235362D43E4
:10F93C0042432D534841333834000000544C532D6E
:10F94C00454344482D5253412D574954482D43416A
:10F95C004D454C4C49412D3132382D47434D2D539B
:10F96C004841323536000000544C532D4543444831
:10F97C002D5253412D574954482D43414D454C4C24
:10F98C0049412D3235362D47434D2D53484133389F
:10F99C0034000000544C532D454344482D525341E0
:10F9AC002D574954482D334445532D4544452D433B
:10F9BC0042432D5348410000544C532D4543444879
:10F9CC002D45434453412D574954482D4145532D02
:10F9DC003132382D4342432D53484100544C532D62
:10F9EC00454344482D45434453412D574954482DD4
:10F9FC004145532D3235362D4342432D534841005A
:10FA0C00544C532D454344482D45434453412D57A5
:10FA1C004954482D4145532D3132382D4342432D05
:10FA2C005348413235360000544C532D454344481D
:10FA3C002D45434453412D574954482D4145532D91
:10FA4C003132382D47434D2D534841323536000065
:10FA5C00544C532D454344482D45434453412D5755
:10FA6C004954482D4145532D3235362D4342432DB3
:10FA7C005348413338340000544C532D45434448CB
:10FA8C002D45434453412D574954482D4145532D41
:10FA9C003235362D47434D2D534841333834000011
:10FAAC00544C532D454344482D45434453412D5705
:10FABC004954482D43414D454C4C49412D31323828
:10FACC002D4342432D53484132353600544C532D6F
:10FADC00454344482D45434453412D574954482DE3
:10FAEC0043414D454C4C49412D3235362D43424313
:10FAFC002D53484133383400544C532D454344481E
:10FB0C002D45434453412D574954482D43414D45B0
:10FB1C004C4C49412D3132382D47434D2D534841E2
:10FB2C0032353600544C532D454344482D454344FF
:10FB3C0053412D574954482D43414D454C4C494157
:10FB4C002D3235362D47434D2D5348413338340033
:10FB5C00544C532D454344482D45434453412D5754
:10FB6C004954482D334445532D4544452D43424378
:10FB7C002D53484100000000544C532D50534B2D35
:10FB8C00574954482D4145532D3132382D47434D5B
:10FB9C002D53484132353600544C532D50534B2D78
:10FBAC00574954482D4145532D3235362D47434D39
:10FBBC002D53484133383400544C532D50534B2D56
:10FBCC00574954482D4145532D3132382D4342432A
:10FBDC002D53484132353600544C532D50534B2D38
:10FBEC00574954482D4145532D3235362D43424308
:10FBFC002D53484133383400544C532D50534B2D16
:10FC0C00574954482D4145532D3132382D434243E9
:10FC1C002D53484100000000544C532D50534B2D94
:10FC2C00574954482D4145532D3235362D434243C7
:10FC3C002D53484100000000544C532D50534B2D74
:10FC4C00574954482D4145532D3235362D43434D9C
:10FC5C0000000000544C532D50534B2D5749544821
:10FC6C002D4145532D3235362D43434D2D38000053
:10FC7C00544C532D50534B2D574954482D414553FB
:10FC8C002D3132382D43434D00000000544C532D80
:10FC9C0050534B2D574954482D4145532D31323833
:10FCAC002D43434D2D380000544C532D50534B2DA8
:10FCBC00574954482D43414D454C4C49412D313207
:10FCCC00382D4342432D5348413235360000000055
:10FCDC00544C532D50534B2D574954482D43414DA3
:10FCEC00454C4C49412D3235362D4342432D53481A
:10FCFC004133383400000000544C532D50534B2DDD
:10FD0C00574954482D43414D454C4C49412D3132B6
:10FD1C00382D47434D2D53484132353600000000F5
:10FD2C00544C532D50534B2D574954482D43414D52
:10FD3C00454C4C49412D3235362D47434D2D5348BA
:10FD4C004133383400000000544C532D50534B2D8C
:10FD5C00574954482D334445532D4544452D434272
:10FD6C00432D534841000000544C532D4448452D1D
:10FD7C0050534B2D574954482D4145532D31323852
:10FD8C002D47434D2D53484132353600544C532D9D
:10FD9C004448452D50534B2D574954482D414553FC
:10FDAC002D3235362D47434D2D53484133383400D1
:10FDBC00544C532D4448452D50534B2D57495448C2
:10FDCC002D4145532D3132382D4342432D5348415B
:10FDDC0032353600544C532D4448452D50534B2D41
:10FDEC00574954482D4145532D3235362D43424306
:10FDFC002D53484133383400544C532D4448452D31
:10FE0C0050534B2D574954482D4145532D313238C1
:10FE1C002D4342432D53484100000000544C532DB8
:10FE2C004448452D50534B2D574954482D4145536B
:10FE3C002D3235362D4342432D53484100000000EE
:10FE4C00544C532D4448452D50534B2D5749544831
:10FE5C002D4145532D3235362D43434D00000000C6
:10FE6C00544C532D4448452D50534B2D5749544811
:10FE7C002D4145532D3235362D43434D2D38000041
:10FE8C00544C532D4448452D50534B2D57495448F1
:10FE9C002D4145532D3132382D43434D0000000088
:10FEAC00544C532D4448452D50534B2D57495448D1
:10FEBC002D4145532D3132382D43434D2D38000003
:10FECC00544C532D4448452D50534B2D57495448B1
:10FEDC002D43414D454C4C49412D3132382D434237
:10FEEC00432D53484132353600000000544C532DFD
:10FEFC004448452D50534B2D574954482D43414DA3
:10FF0C00454C4C49412D3235362D4342432D5348F7
:10FF1C004133383400000000544C532D4448452DD7
:10FF2C0050534B2D574954482D43414D454C4C494A
:10FF3C00412D3132382D47434D2D53484132353602
:10FF4C0000000000544C532D4448452D50534B2D6C
:10FF5C00574954482D43414D454C4C49412D323560
:10FF6C00362D47434D2D53484133383400000000A3
:10FF7C00544C532D4448452D50534B2D5749544800
:10FF8C002D334445532D4544452D4342432D534871
:10FF9C0041000000544C532D45434448452D5053CB
:10FFAC004B2D574954482D4145532D3132382D4353
:10FFBC0042432D534841323536000000544C532DEA
:10FFCC0045434448452D50534B2D574954482D41DA
:10FFDC0045532D3235362D4342432D53484133384A
:10FFEC0034000000544C532D45434448452D505388
:04FFFC004B2D5749E9
:02000004600595
:1000000054482D4145532D3132382D4342432D5311
:1000100048410000544C532D45434448452D50530E
:100020004B2D574954482D4145532D3235362D43DC
:1000300042432D5348410000544C532D45434448FE
:10004000452D50534B2D574954482D43414D454C58
:100050004C49412D3132382D4342432D53484132D2
:1000600035360000544C532D45434448452D5053DC
:100070004B2D574954482D43414D454C4C49412D3A
:100080003235362D4342432D534841333834000036
:10009000544C532D45434448452D50534B2D5749FF
:1000A00054482D334445532D4544452D4342432D5B
:1000B00053484100544C532D5253412D50534B2D16
:1000C000574954482D4145532D3132382D47434D22
:1000D0002D53484132353600544C532D5253412D47
:1000E00050534B2D574954482D4145532D323536E9
:1000F0002D47434D2D53484133383400544C532D34
:100100005253412D50534B2D574954482D4145537F
:100110002D3132382D4342432D534841323536007C
:10012000544C532D5253412D50534B2D5749544845
:100130002D4145532D3235362D4342432D534841F1
:1001400033383400544C532D5253412D50534B2DC2
:10015000574954482D4145532D3132382D434243A0
:100160002D53484100000000544C532D5253412D53
:1001700050534B2D574954482D4145532D32353658
:100180002D4342432D53484100000000544C532D51
:100190005253412D50534B2D574954482D43414DF7
:1001A000454C4C49412D3132382D4342432D534863
:1001B0004132353600000000544C532D5253412D2E
:1001C00050534B2D574954482D43414D454C4C49B4
:1001D000412D3235362D4342432D53484133383477
:1001E00000000000544C532D5253412D50534B2DC1
:1001F000574954482D43414D454C4C49412D3132CE
:10020000382D47434D2D534841323536000000000C
:10021000544C532D5253412D50534B2D5749544854
:100220002D43414D454C4C49412D3235362D4743E8
:100230004D2D53484133383400000000544C532DA9
:100240005253412D50534B2D574954482D3344455B
:10025000532D4544452D4342432D53484100000052
:10026000636C69656E742066696E697368656400A5
:100270007365727665722066696E6973686564007D
:1002800044544C5376312E300000000044544C53FB
:1002900076312E3200000000756E6B6E6F776E2027
:1002A0002844544C53290000657874656E64656475
:1002B000206D6173746572207365637265740000EC
:1002C0006D617374657220736563726574000000FC
:1002D0006B657920657870616E73696F6E000000E0
:1002E00053534C76332E3000544C5376312E30001D
:1002F000544C5376312E3100544C5376312E32000B
:10030000202B20002C20000025733D003F3F3D00A6
:100310003A00000025303258257300002E2E2E2E74
:10032000000000002020582E35303920636572749B
:1003300069666963617465206C6F61643A200000CE
:100340007061737365640A2020582E35303920732C
:1003500069676E6174757265207665726966793A4F
:10036000200000002A864886F70D010108000000E1
:100370003F3F3F00202825732C204D4746312D2537
:10038000732C203078253032582900002573206BDB
:1003900065792073697A65007472756500000000E4
:1003A00066616C73650000000A4365727469666972
:1003B0006361746520697320756E696E6974696123
:1003C0006C69736564210A002573636572742E205D
:1003D00076657273696F6E20202020203A20256494
:1003E0000A000000257373657269616C206E756D7B
:1003F00062657220202020203A2000000A257369BF
:100400007373756572206E616D6520202020202039
:10041000203A20000A25737375626A656374206E42
:10042000616D652020202020203A20000A25736974
:10043000737375656420206F6E202020202020209B
:10044000203A20253034642D253032642D25303279
:100450006420253032643A253032643A25303264E3
:10046000000000000A257365787069726573206F5B
:100470006E20202020202020203A20253034642D9A
:10048000253032642D2530326420253032643A25FF
:100490003032643A25303264000000000A2573735C
:1004A00069676E6564207573696E6720202020205F
:1004B000203A20000A2573252D3138733A2025640F
:1004C00020626974730000000A25736261736963B6
:1004D00020636F6E73747261696E7473203A204387
:1004E000413D2573000000002C206D61785F706134
:1004F00074686C656E3D2564000000000A25737306
:1005000075626A65637420616C74206E616D65202C
:10051000203A20000A2573636572742E2074797066
:100520006520202020202020203A200025735353CE
:100530004C20436C69656E740000000025735353B2
:100540004C20536572766572000000002573456D7E
:1005500061696C0025734F626A6563742053696733
:100560006E696E67000000002573526573657276D0
:1005700065640000257353534C2043410000000084
:100580002573456D61696C204341000025734F62FE
:100590006A656374205369676E696E672043410022
:1005A0000A25736B657920757361676520202020AB
:1005B00020202020203A2000257344696769746157
:1005C0006C205369676E61747572650025734E6F98
:1005D0006E205265707564696174696F6E00000009
:1005E00025734B657920456E6369706865726D652A
:1005F0006E74000025734461746120456E636970F8
:100600006865726D656E740025734B65792041676E
:100610007265656D656E740025734B657920436561
:100620007274205369676E00257343524C205369DE
:10063000676E00002573456E636970686572204FB0
:100640006E6C790025734465636970686572204F2C
:100650006E6C79000A2573657874206B6579207556
:100660007361676520202020203A200025732573C0
:1006700000000000546865206365727469666963F0
:100680006174652076616C6964697479206861734E
:100690002065787069726564000000002573257319
:1006A0000A0000002573556E6B6E6F776E207265C1
:1006B00061736F6E2028746869732073686F756C3E
:1006C00064206E6F742068617070656E290A000086
:1006D0002D2D2D2D2D424547494E2043455254493D
:1006E0004649434154452D2D2D2D2D002D2D2D2DC9
:1006F0002D454E44204345525449464943415445B3
:100700002D2D2D2D2D000000546865206365727419
:100710006966696361746520686173206265656EEE
:10072000207265766F6B656420286973206F6E2078
:10073000612043524C29000054686520636572743F
:100740006966696361746520436F6D6D6F6E204EDD
:10075000616D652028434E2920646F6573206E6F9C
:1007600074206D61746368207769746820746865AB
:1007700020657870656374656420434E0000000056
:100780005468652063657274696669636174652085
:100790006973206E6F7420636F72726563746C7915
:1007A000207369676E6564206279207468652074BF
:1007B00072757374656420434100000054686520BD
:1007C00043524C206973206E6F7420636F727265A0
:1007D00063746C79207369676E6564206279207434
:1007E000686520747275737465642043410000006D
:1007F0005468652043524C20697320657870697293
:10080000656400004365727469666963617465209C
:10081000776173206D697373696E670043657274E5
:10082000696669636174652076657269666963618A
:1008300074696F6E2077617320736B697070656483
:10084000000000004F7468657220726561736F6EFE
:10085000202863616E20626520757365642062796B
:10086000207665726966792063616C6C6261636B86
:1008700029000000546865206365727469666963C5
:100880006174652076616C69646974792073746140
:1008900072747320696E2074686520667574757251
:1008A000650000005468652043524C20697320663F
:1008B000726F6D20746865206675747572650000CE
:1008C000557361676520646F6573206E6F74206D6A
:1008D0006174636820746865206B6579557361671E
:1008E0006520657874656E73696F6E005573616716
:1008F0006520646F6573206E6F74206D617463682A
:100900002074686520657874656E6465644B6579EC
:10091000557361676520657874656E73696F6E00E5
:10092000557361676520646F6573206E6F74206D09
:100930006174636820746865206E734365727454D3
:1009400079706520657874656E73696F6E0000005C
:1009500054686520636572746966696361746520B3
:100960006973207369676E656420776974682061B4
:100970006E20756E61636365707461626C6520687A
:100980006173682E0000000054686520636572740E
:1009900069666963617465206973207369676E6550
:1009A00064207769746820616E20756E6163636589
:1009B000707461626C6520504B20616C6720286503
:1009C0006720525341207673204543445341292EDA
:1009D000000000005468652063657274696669638D
:1009E000617465206973207369676E656420776937
:1009F000746820616E20756E6163636570746162F6
:100A00006C65206B657920286567206261642063CE
:100A1000757276652C2052534120746F6F20736875
:100A20006F7274292E0000005468652043524C20D8
:100A30006973207369676E656420776974682061E3
:100A40006E20756E61636365707461626C652068A9
:100A50006173682E000000005468652043524C20EA
:100A60006973207369676E656420776974682061B3
:100A70006E20756E61636365707461626C65205091
:100A80004B20616C672028656720525341207673A4
:100A9000204543445341292E00000000546865203E
:100AA00043524C206973207369676E6564207769CF
:100AB000746820616E20756E616363657074616235
:100AC0006C65206B6579202865672062616420630E
:100AD000757276652C2052534120746F6F207368B5
:100AE0006F7274292E0000004C435F434F4C4C4101
:100AF000544500004C435F435459504500000000EA
:100B00004C435F4D4F4E4554415259004C435F4E4C
:100B1000554D4552494300004C435F54494D4500F3
:100B20004C435F4D4553534147455300000100007E
:100B300078720020120000000006000064EE0260DF
:100B40000A0000000002000000EE026062000000E7
:100B5000000700009CED026062000000EE03000050
:100B60002C77002012000000000004EE0477002023
:100B7000280000000003000098ED02600000000063
:100B80000103090480ED0260000000000203090473
:100B900068ED02600000000003030904787700207C
:100BA0000000000000000000000000000000000045
:100BB0003030303030303030303030303030303035
:100BC0003030303030303030303030303030303025
:100BD0003030303030303030303030303030303015
:100BE000325601000000000068D40020D0D400205C
:100BF00038D50020000000000000000000000000C8
:100C000000000000000000000000000000000000E4
:100C100000000000000000000000000000000000D4
:100C200000000000000000000000000000000000C4
:100C300000000000000000000000000000000000B4
:100C400000000000000000000000000000000000A4
:100C50000000000000000000000000000000000094
:100C60000000000000000000000000000000000084
:100C70000000000000000000000000000100000073
:100C8000000000000E33CDAB34126DE6ECDE050043
:100C90000B00000000000000000000000000000049
:100CA0000000000000000000000000000000000044
:100CB0000000000000000000000000000000000034
:100CC0000000000000000000000000000000000024
:100CD0000000000000000000000000000000000014
:100CE0000000000000000000000000000000000004
:100CF00000000000000000000000000000000000F4
:100D00000000000008090A0B0C191A1BFFFFFFFF67
:100D1000FFFFFFFF010000000029DE07007B9A179C
:100D20008000000000000000010000000000190029
:100D300082000201320000000002010108090A0BD2
:100D40000C191A1BFFFFFFFFFFFFFFFF01001E0032
:100D5000012800FF000000000100FFFF9426C0A84A
:100D600001320054726163746F7200000000000071
:100D700000003131313232323333330000000000B1
:100D8000000000000000803F0000803F00000000E5
:100D900020000000FFFF0000FFFF00000F0E0D0C01
:100DA0000B0A0908000102030405060707050301F1
:100DB000080A0C0EC8000000C0240020000000003B
:100DC000E803000000000000E8240020000000000C
:100DD000E80300000000000000003F40F82302602C
:100DE0000000000000000000000000000000000003
:100DF00000000000000000000000000000000000F3
:100E000000000000000000000000000000000000E2
:100E100000000000000000000000000000000000D2
:100E200000000000000000000000000000000000C2
:100E300000000000000000000000000000000000B2
:100E400000000000000000000000000000000000A2
:100E50000000000000000000000000000000000092
:100E60000000000000000000000000000000000082
:100E70000000000000000000000000000000000072
:100E80000000000000000000000000000000000062
:100E90000000000000000000000000000000000052
:100EA0000000000000000000000000000000000042
:100EB0000000000000000000000000000000000032
:100EC0000000000000000000000000000000000022
:100ED0000000000000000000000000000000000012
:100EE0000000000000000000000000000000000002
:100EF00000000000000000000000000000000000F2
:100F00000000000000000000E824002000000000B5
:100F1000E80300000000000000803F40A8230260BA
:100F200000000000000000000000000000000000C1
:100F300000000000000000000000000000000000B1
:100F400000000000000000000000000000000000A1
:100F50000000000000000000000000000000000091
:100F60000000000000000000000000000000000081
:100F70000000000000000000000000000000000071
:100F80000000000000000000000000000000000061
:100F90000000000000000000000000000000000051
:100FA0000000000000000000000000000000000041
:100FB0000000000000000000000000000000000031
:100FC0000000000000000000000000000000000021
:100FD0000000000000000000000000000000000011
:100FE0000000000000000000000000000000000001
:100FF00000000000000000000000000000000000F1
:1010000000000000000000000000000000000000E0
:1010100000000000000000000000000000000000D0
:1010200000000000000000000000000000000000C0
:1010300000000000000000000000000000000000B0
:101040000000000000000000E82400200000000074
:10105000E80300000000000000C03F405823026089
:101060000000000000000000000000000000000080
:101070000000000000000000000000000000000070
:101080000000000000000000000000000000000060
:101090000000000000000000000000000000000050
:1010A0000000000000000000000000000000000040
:1010B0000000000000000000000000000000000030
:1010C0000000000000000000000000000000000020
:1010D0000000000000000000000000000000000010
:1010E0000000000000000000000000000000000000
:1010F00000000000000000000000000000000000F0
:1011000000000000000000000000000000000000DF
:1011100000000000000000000000000000000000CF
:1011200000000000000000000000000000000000BF
:1011300000000000000000000000000000000000AF
:10114000000000000000000000000000000000009F
:10115000000000000000000000000000000000008F
:10116000000000000000000000000000000000007F
:10117000000000000000000000000000000000006F
:1011800000000000000000000000000080000000DF
:10119000FFFFFFFF0A0B420C0D00000028D40020C7
:1011A000A0302020000000004300000000000000EC
:1011B000000000000000000000000000000000002F
:1011C00000000000000000004300000000000000DC
:1011D000000000000000000000000000000000000F
:1011E00000000000000000004300000000000000BC
:1011F00000000000000000000000000000000000EF
:10120000000000000000000043000000000000009B
:1012100000000000000000000000000000000000CE
:10122000000000000000000043000000000000007B
:1012300000000000000000000000000000000000AE
:10124000000000000000000043000000000000005B
:10125000000000000000000000000000000000008E
:10126000000000000000000043000000000000003B
:10127000000000000000000000000000000000006E
:101280000000000000000000F5510100514A01007B
:10129000000000001026002028660020FC380020F6
:1012A000FC380020FC380020FC380020FC380020EE
:1012B000FC380020FC380020FC380020FC380020DE
:1012C000FFFFFFFFFFFFFFFFFFFFFFFFFFFF00002C
:1012D00001004153434949000000000000000000A4
:1012E00000000000000000000000000000000000FE
:1012F0000000415343494900000000000000000085
:1013000000000000000000000000000000000000DD
:10131000000000000000000000000000586E0020E7
:10132000586E0020606E0020606E0020686E002005
:10133000686E0020706E0020706E0020786E0020B5
:10134000786E0020806E0020806E0020886E002065
:10135000886E0020906E0020906E0020986E002015
:10136000986E0020A06E0020A06E0020A86E0020C5
:10137000A86E0020B06E0020B06E0020B86E002075
:10138000B86E0020C06E0020C06E0020C86E002025
:10139000C86E0020D06E0020D06E0020D86E0020D5
:1013A000D86E0020E06E0020E06E0020E86E002085
:1013B000E86E0020F06E0020F06E0020F86E002035
:1013C000F86E0020006F0020006F0020086F0020E2
:1013D000086F0020106F0020106F0020186F002091
:1013E000186F0020206F0020206F0020286F002041
:1013F000286F0020306F0020306F0020386F0020F1
:10140000386F0020406F0020406F0020486F0020A0
:10141000486F0020506F0020506F0020586F002050
:10142000586F0020606F0020606F0020686F002000
:10143000686F0020706F0020706F0020786F0020B0
:10144000786F0020806F0020806F0020886F002060
:10145000886F0020906F0020906F0020986F002010
:10146000986F0020A06F0020A06F0020A86F0020C0
:10147000A86F0020B06F0020B06F0020B86F002070
:10148000B86F0020C06F0020C06F0020C86F002020
:10149000C86F0020D06F0020D06F0020D86F0020D0
:1014A000D86F0020E06F0020E06F0020E86F002080
:1014B000E86F0020F06F0020F06F0020F86F002030
:1014C000F86F0020007000200070002008700020DD
:1014D000087000201070002010700020187000208C
:1014E000187000202070002020700020287000203C
:1014F00028700020307000203070002038700020EC
:10150000387000204070002040700020487000209B
:10151000487000205070002050700020587000204B
:1015200058700020607000206070002068700020FB
:1015300068700020707000207070002078700020AB
:10154000787000208070002080700020887000205B
:10155000887000209070002090700020987000200B
:1015600098700020A0700020A0700020A8700020BB
:10157000A8700020B0700020B0700020B87000206B
:10158000B8700020C0700020C0700020C87000201B
:10159000C8700020D0700020D0700020D8700020CB
:1015A000D8700020E0700020E0700020E87000207B
:1015B000E8700020F0700020F0700020F87000202B
:1015C000F8700020007100200071002008710020D8
:1015D0000871002010710020107100201871002087
:1015E0001871002020710020207100202871002037
:1015F00028710020307100203071002038710020E7
:101600003871002040710020407100204871002096
:101610004871002050710020507100205871002046
:1016200058710020607100206071002068710020F6
:1016300068710020707100207071002078710020A6
:101640007871002080710020807100208871002056
:101650008871002090710020907100209871002006
:1016600098710020A0710020A0710020A8710020B6
:10167000A8710020B0710020B0710020B871002066
:10168000B8710020C0710020C0710020C871002016
:10169000C8710020D0710020D0710020D8710020C6
:1016A000D8710020E0710020E0710020E871002076
:1016B000E8710020F0710020F0710020F871002026
:1016C000F8710020007200200072002008720020D3
:1016D0000872002010720020107200201872002082
:1016E0001872002020720020207200202872002032
:1016F00028720020307200203072002038720020E2
:101700003872002040720020407200204872002091
:10171000487200205072002050720020FFFFFFFF2F
:1017200000000200000000000300000068D4002058
:101730002867002012010002EF020140C016830456
:10174000800201020301000065746830000000009F
:10175000DC0500004C730020602B0020000000001E
:101760000000000000000000000000000000000079
:101770000000000000000000000000000000000069
:101780000000000000000000000000000000000059
:101790000000000000000000000000000000000049
:1017A00000000000010306333A3B00000104000082
:1017B00000802D4000802D408200000000000000CD
:1017C0000000000000000000000000000000000019
:1017D0000000000000000000000000000000000009
:1017E000C07A00200000000001000000010000009D
:1017F00000000000000000001D9400000000000038
:101800000000000000000000F47200200000000052
:1018100000000000B17600009D7700002D780000E8
:101820006570000061700000000000000000000012
:1018300000000000000000000000000000000000A8
:101840000000000000000000000000000000000098
:101850000000000000000000000000000000000088
:101860000000000000000000000000000000000078
:101870000000000000000000000000000000000068
:101880000000000000000000000000000000000058
:101890000000000000000000000000000000000048
:1018A0000000000000000000000000000000000038
:1018B0000000000000000000000000000000000028
:1018C0000000000000000000000000000000000018
:1018D0000000000000000000000000000000000008
:1018E00000000000000000000000000000000000F8
:1018F00000000000000000000000000000000000E8
:1019000000000000000000000000000000000000D7
:1019100000000000000000000000000000000000C7
:1019200000000000000000000100030000000000B3
:101930000000000069B7000085B70000000000004B
:1019400000000000B02B002000000000010001009A
:101950000600000011D20000F1D3000005E60000EF
:10196000A9D4000041D40000DC2B002000000000BE
:10197000010002001100000000000000EDF0000076
:1019800009F10000F1F2000000000000082C002026
:10199000F8D100200000000000000000000000005E
:1019A00000000000FFFFFFFF00000000000000003B
:1019B00000000000B1FE0000B1FE0000B1FE00001A
:1019C000B1FE0000B1FE0000B1FE0000B1FE00005B
:1019D000B1FE0000B1FE0000B1FE0000B1FE00004B
:1019E000B1FE0000B1FE0000B1FE0000B1FE00003B
:1019F000B1FE0000B1FE0000B1FE0000B1FE00002B
:101A0000B1FE0000B1FE0000B1FE0000B1FE00001A
:101A1000B1FE0000B1FE0000B1FE0000B1FE00000A
:101A2000B1FE0000B1FE0000B1FE0000B1FE0000FA
:101A3000B1FE0000B1FE0000B1FE0000B1FE0000EA
:101A4000B1FE0000B1FE0000B1FE0000B1FE0000DA
:101A5000B1FE0000B1FE0000B1FE0000B1FE0000CA
:101A6000B1FE0000B1FE0000B1FE0000B1FE0000BA
:101A7000B1FE0000B1FE0000B1FE0000B1FE0000AA
:101A8000B1FE0000B1FE0000B1FE0000B1FE00009A
:101A9000B1FE0000B1FE0000B1FE0000B1FE00008A
:101AA000B1FE0000B1FE0000B1FE0000B1FE00007A
:101AB000B1FE0000B1FE0000B1FE0000B1FE00006A
:101AC000B1FE0000B1FE0000B1FE0000B1FE00005A
:101AD000B1FE0000B1FE0000B1FE0000B1FE00004A
:101AE000B1FE0000B1FE0000B1FE0000B1FE00003A
:101AF000B1FE0000B1FE0000B1FE0000B1FE00002A
:101B0000B1FE0000B1FE0000B1FE0000B1FE000019
:101B1000B1FE0000B1FE0000B1FE0000B1FE000009
:101B2000B1FE0000B1FE0000B1FE0000B1FE0000F9
:101B3000B1FE0000B1FE0000B1FE0000B1FE0000E9
:101B4000B1FE0000B1FE0000B1FE0000B1FE0000D9
:101B5000B1FE0000B1FE0000B1FE0000B1FE0000C9
:101B6000B1FE0000B1FE0000B1FE0000B1FE0000B9
:101B7000B1FE0000B1FE0000B1FE0000B1FE0000A9
:101B8000B1FE0000B1FE0000B1FE0000B1FE000099
:101B9000B1FE0000B1FE0000B1FE0000B1FE000089
:101BA000B1FE0000B1FE0000B1FE0000B1FE000079
:101BB000B1FE0000408E0260786C0260493B01007B
:101BC00028000000000104000100000000000000E7
:101BD000020157494E55534200000000000000002A
:101BE000000000000000000012034D0053004600FA
:101BF0005400310030003000F80000000100000007
:101C000008000000070000000600000005000000BA
:101C100004000000000000002BC000002CC00000E9
:101C200000000000030400000600000007000000A0
:101C3000000000000C030000000000000000000095
:101C4000000000000000000000002F75D870AC718B
:101C5000487100C001FF06010800000000000000FC
:101C60000000000000000000000000000000000074
:101C70000000000000000000000000000000000064
:101C80000000000000000000000000000000000054
:101C90000000000000000000000000000000000044
:101CA0000000000000000000000000000000000034
:101CB0000000000000000000000000000000000024
:101CC0000000000000000000000000000000000014
:101CD0000000000000000000000000000000000004
:101CE00000000000000000000000000000000000F4
:101CF00000000000000000000000000000000000E4
:101D000000000000000000000000000000000000D3
:101D100000000000000000000000000000000000C3
:101D200000000000000000000000000000000000B3
:101D300000000000000000000000000000000000A3
:101D40000000000000000000000000000000000093
:101D50000000000000000000000000000000000083
:101D60000000000000000000000000000000000073
:101D70000000000000000000000000000000000063
:101D80000000000000000000000000000000000053
:101D90000000000000000000000000000000000043
:101DA0000000000000000000000000000000000033
:101DB0000000000000000000000000000000000023
:101DC0000000000000000000000000000000000013
:101DD0000000000000000000000000000000000003
:101DE00000000000000000000000000000000000F3
:101DF00000000000000000000000000000000000E3
:101E000000000000000000000000000000000000D2
:101E100000000000000000000000000000000000C2
:101E200000000000000000000000000000000000B2
:101E300000000000000000000000000000000000A2
:101E40000000000000000000000000000000000092
:101E50000000000000000000000000000000000082
:101E60000000000000000000000000000000000072
:101E70000000000000000000000000000000000062
:101E80000000000000000000000000000000000052
:101E90000000000000000000000000000000000042
:101EA0000000000000000000000000000000000032
:101EB0000000000000000000000000000000000022
:101EC0000000000000000000000000000000000012
:101ED0000000000000000000000000000000000002
:101EE00000000000000000000000000000000000F2
:101EF00000000000000000000000000000000000E2
:101F000000000000000000000000000000000000D1
:101F100000000000000000000000000000000000C1
:101F200000000000000000000000000000000000B1
:101F300000000000000000000000000000000000A1
:101F40000000000000000000000000000000000091
:101F50000000000000000000000000000000000081
:101F60000000000000000000000000000000000071
:0C1F700000000000000000000000000065
:101F7C000000000000000000000000000000000055
:101F8C000000000000000000000000000000000045
:101F9C000000000000000000000000000000000035
:101FAC000000000000000000000000000000000025
:101FBC000000000000000000000000000000000015
:101FCC000000000000000000000000000000000005
:101FDC0000000000000000000000000000000000F5
:101FEC0000000000000000000000000000000000E5
:101FFC0000000000000000000000000000000000D5
:10200C0000000000000000000000000000000000C4
:10201C0000000000000000000000000000000000B4
:10202C0000000000000000000000000000000000A4
:10203C000000000000000000000000000000000094
:10204C000000000000000000000000000000000084
:10205C000000000000000000000000000000000074
:10206C000000000000000000000000000000000064
:10207C000000000000000000000000000000000054
:10208C000000000000000000000000000000000044
:10209C000000000000000000000000000000000034
:1020AC000000000000000000000000000000000024
:1020BC000000000000000000000000000000000014
:1020CC000000000000000000000000000000000004
:1020DC0000000000000000000000000000000000F4
:1020EC0000000000000000000000000000000000E4
:1020FC0000000000000000000000000000000000D4
:10210C0000000000000000000000000000000000C3
:10211C0000000000000000000000000000000000B3
:10212C0000000000000000000000000000000000A3
:10213C000000000000000000000000000000000093
:10214C000000000000000000000000000000000083
:10215C000000000000000000000000000000000073
:10216C000000000000000000000000000000000063
:10217C000000000000000000000000000000000053
:10218C000000000000000000000000000000000043
:10219C000000000000000000000000000000000033
:1021AC000000000000000000000000000000000023
:1021BC000000000000000000000000000000000013
:1021CC000000000000000000000000000000000003
:1021DC0000000000000000000000000000000000F3
:1021EC0000000000000000000000000000000000E3
:1021FC0000000000000000000000000000000000D3
:10220C0000000000000000000000000000000000C2
:10221C0000000000000000000000000000000000B2
:10222C0000000000000000000000000000000000A2
:10223C000000000000000000000000000000000092
:10224C000000000000000000000000000000000082
:10225C000000000000000000000000000000000072
:10226C000000000000000000000000000000000062
:10227C000000000000000000000000000000000052
:10228C000000000000000000000000000000000042
:10229C000000000000000000000000000000000032
:1022AC000000000000000000000000000000000022
:1022BC000000000000000000000000000000000012
:1022CC000000000000000000000000000000000002
:1022DC0000000000000000000000000000000000F2
:1022EC0000000000000000000000000000000000E2
:1022FC0000000000000000000000000000000000D2
:10230C0000000000000000000000000000000000C1
:10231C0000000000000000000000000000000000B1
:10232C0000000000000000000000000000000000A1
:10233C000000000000000000000000000000000091
:10234C000000000000000000000000000000000081
:10235C000000000000000000000000000000000071
:10236C000000000000000000000000000000000061
:10237C000000000000000000000000000000000051
:10238C000000000000000000000000000000000041
:10239C000000000000000000000000000000000031
:1023AC000000000000000000000000000000000021
:1023BC000000000000000000000000000000000011
:1023CC000000000000000000000000000000000001
:1023DC0000000000000000000000000000000000F1
:1023EC0000000000000000000000000000000000E1
:1023FC0000000000000000000000000000000000D1
:10240C0000000000000000000000000000000000C0
:10241C0000000000000000000000000000000000B0
:10242C0000000000000000000000000000000000A0
:10243C000000000000000000000000000000000090
:10244C000000000000000000000000000000000080
:10245C000000000000000000000000000000000070
:10246C000000000000000000000000000000000060
:10247C000000000000000000000000000000000050
:10248C000000000000000000000000000000000040
:10249C000000000000000000000000000000000030
:1024AC000000000000000000000000000000000020
:1024BC000000000000000000000000000000000010
:1024CC000000000000000000000000000000000000
:1024DC0000000000000000000000000000000000F0
:1024EC0000000000000000000000000000000000E0
:1024FC0000000000000000000000000000000000D0
:10250C0000000000000000000000000000000000BF
:10251C0000000000000000000000000000000000AF
:10252C00000000000000000000000000000000009F
:10253C00000000000000000000000000000000008F
:10254C00000000000000000000000000000000007F
:10255C00000000000000000000000000000000006F
:10256C00000000000000000000000000000000005F
:10257C00000000000000000000000000000000004F
:10258C00000000000000000000000000000000003F
:10259C00000000000000000000000000000000002F
:1025AC00000000000000000000000000000000001F
:1025BC00000000000000000000000000000000000F
:1025CC0000000000000000000000000000000000FF
:1025DC0000000000000000000000000000000000EF
:1025EC0000000000000000000000000000000000DF
:1025FC0000000000000000000000000000000000CF
:10260C0000000000000000000000000000000000BE
:10261C0000000000000000000000000000000000AE
:10262C00000000000000000000000000000000009E
:10263C00000000000000000000000000000000008E
:10264C00000000000000000000000000000000007E
:10265C00000000000000000000000000000000006E
:10266C00000000000000000000000000000000005E
:10267C00000000000000000000000000000000004E
:10268C00000000000000000000000000000000003E
:10269C00000000000000000000000000000000002E
:1026AC00000000000000000000000000000000001E
:1026BC00000000000000000000000000000000000E
:1026CC0000000000000000000000000000000000FE
:1026DC0000000000000000000000000000000000EE
:1026EC0000000000000000000000000000000000DE
:1026FC0000000000000000000000000000000000CE
:10270C0000000000000000000000000000000000BD
:10271C0000000000000000000000000000000000AD
:10272C00000000000000000000000000000000009D
:10273C00000000000000000000000000000000008D
:10274C00000000000000000000000000000000007D
:10275C00000000000000000000000000000000006D
:10276C00000000000000000000000000000000005D
:10277C00000000000000000000000000000000004D
:10278C00000000000000000000000000000000003D
:10279C00000000000000000000000000000000002D
:1027AC00000000000000000000000000000000001D
:1027BC00000000000000000000000000000000000D
:1027CC0000000000000000000000000000000000FD
:1027DC0000000000000000000000000000000000ED
:1027EC0000000000000000000000000000000000DD
:1027FC0000000000000000000000000000000000CD
:10280C0000000000000000000000000000000000BC
:10281C0000000000000000000000000000000000AC
:10282C00000000000000000000000000000000009C
:10283C00000000000000000000000000000000008C
:10284C00000000000000000000000000000000007C
:10285C00000000000000000000000000000000006C
:10286C00000000000000000000000000000000005C
:10287C00000000000000000000000000000000004C
:10288C00000000000000000000000000000000003C
:10289C00000000000000000000000000000000002C
:1028AC00000000000000000000000000000000001C
:1028BC00000000000000000000000000000000000C
:1028CC0000000000000000000000000000000000FC
:1028DC0000000000000000000000000000000000EC
:1028EC0000000000000000000000000000000000DC
:1028FC0000000000000000000000000000000000CC
:10290C0000000000000000000000000000000000BB
:10291C0000000000000000000000000000000000AB
:10292C00000000000000000000000000000000009B
:10293C00000000000000000000000000000000008B
:10294C00000000000000000000000000000000007B
:10295C00000000000000000000000000000000006B
:10296C00000000000000000000000000000000005B
:10297C00000000000000000000000000000000004B
:10298C00000000000000000000000000000000003B
:10299C00000000000000000000000000000000002B
:1029AC00000000000000000000000000000000001B
:1029BC00000000000000000000000000000000000B
:1029CC0000000000000000000000000000000000FB
:1029DC0000000000000000000000000000000000EB
:1029EC0000000000000000000000000000000000DB
:1029FC0000000000000000000000000000000000CB
:102A0C0000000000000000000000000000000000BA
:102A1C0000000000000000000000000000000000AA
:102A2C00000000000000000000000000000000009A
:102A3C00000000000000000000000000000000008A
:102A4C00000000000000000000000000000000007A
:102A5C00000000000000000000000000000000006A
:102A6C00000000000000000000000000000000005A
:102A7C00000000000000000000000000000000004A
:102A8C00000000000000000000000000000000003A
:102A9C00000000000000000000000000000000002A
:102AAC00000000000000000000000000000000001A
:102ABC00000000000000000000000000000000000A
:102ACC0000000000000000000000000000000000FA
:102ADC0000000000000000000000000000000000EA
:102AEC0000000000000000000000000000000000DA
:102AFC0000000000000000000000000000000000CA
:102B0C0000000000000000000000000000000000B9
:102B1C0000000000000000000000000000000000A9
:102B2C000000000000000000000000000000000099
:102B3C000000000000000000000000000000000089
:102B4C000000000000000000000000000000000079
:102B5C000000000000000000000000000000000069
:102B6C000000000000000000000000000000000059
:102B7C000000000000000000000000000000000049
:102B8C000000000000000000000000000000000039
:102B9C000000000000000000000000000000000029
:102BAC000000000000000000000000000000000019
:102BBC000000000000000000000000000000000009
:102BCC0000000000000000000000000000000000F9
:102BDC0000000000000000000000000000000000E9
:102BEC0000000000000000000000000000000000D9
:102BFC0000000000000000000000000000000000C9
:102C0C0000000000000000000000000000000000B8
:102C1C0000000000000000000000000000000000A8
:102C2C000000000000000000000000000000000098
:102C3C000000000000000000000000000000000088
:102C4C000000000000000000000000000000000078
:102C5C000000000000000000000000000000000068
:102C6C000000000000000000000000000000000058
:102C7C000000000000000000000000000000000048
:102C8C000000000000000000000000000000000038
:102C9C000000000000000000000000000000000028
:102CAC000000000000000000000000000000000018
:102CBC000000000000000000000000000000000008
:102CCC0000000000000000000000000000000000F8
:102CDC0000000000000000000000000000000000E8
:102CEC0000000000000000000000000000000000D8
:102CFC0000000000000000000000000000000000C8
:102D0C0000000000000000000000000000000000B7
:102D1C0000000000000000000000000000000000A7
:102D2C000000000000000000000000000000000097
:102D3C000000000000000000000000000000000087
:102D4C000000000000000000000000000000000077
:102D5C000000000000000000000000000000000067
:102D6C000000000000000000000000000000000057
:102D7C000000000000000000000000000000000047
:102D8C000000000000000000000000000000000037
:102D9C000000000000000000000000000000000027
:102DAC000000000000000000000000000000000017
:102DBC000000000000000000000000000000000007
:102DCC0000000000000000000000000000000000F7
:102DDC0000000000000000000000000000000000E7
:102DEC0000000000000000000000000000000000D7
:102DFC0000000000000000000000000000000000C7
:102E0C0000000000000000000000000000000000B6
:102E1C0000000000000000000000000000000000A6
:102E2C000000000000000000000000000000000096
:102E3C000000000000000000000000000000000086
:102E4C000000000000000000000000000000000076
:102E5C000000000000000000000000000000000066
:102E6C000000000000000000000000000000000056
:102E7C000000000000000000000000000000000046
:102E8C000000000000000000000000000000000036
:102E9C000000000000000000000000000000000026
:102EAC000000000000000000000000000000000016
:102EBC000000000000000000000000000000000006
:102ECC0000000000000000000000000000000000F6
:102EDC0000000000000000000000000000000000E6
:102EEC0000000000000000000000000000000000D6
:102EFC0000000000000000000000000000000000C6
:102F0C0000000000000000000000000000000000B5
:102F1C0000000000000000000000000000000000A5
:102F2C000000000000000000000000000000000095
:102F3C000000000000000000000000000000000085
:102F4C000000000000000000000000000000000075
:102F5C000000000000000000000000000000000065
:102F6C000000000000000000000000000000000055
:102F7C000000000000000000000000000000000045
:102F8C000000000000000000000000000000000035
:102F9C000000000000000000000000000000000025
:102FAC000000000000000000000000000000000015
:102FBC000000000000000000000000000000000005
:102FCC0000000000000000000000000000000000F5
:102FDC0000000000000000000000000000000000E5
:102FEC0000000000000000000000000000000000D5
:102FFC0000000000000000000000000000000000C5
:10300C0000000000000000000000000000000000B4
:10301C0000000000000000000000000000000000A4
:10302C000000000000000000000000000000000094
:10303C000000000000000000000000000000000084
:10304C000000000000000000000000000000000074
:10305C000000000000000000000000000000000064
:10306C000000000000000000000000000000000054
:10307C000000000000000000000000000000000044
:10308C000000000000000000000000000000000034
:10309C000000000000000000000000000000000024
:1030AC000000000000000000000000000000000014
:1030BC000000000000000000000000000000000004
:1030CC0000000000000000000000000000000000F4
:1030DC0000000000000000000000000000000000E4
:1030EC0000000000000000000000000000000000D4
:1030FC0000000000000000000000000000000000C4
:10310C0000000000000000000000000000000000B3
:10311C0000000000000000000000000000000000A3
:10312C000000000000000000000000000000000093
:10313C000000000000000000000000000000000083
:10314C000000000000000000000000000000000073
:10315C000000000000000000000000000000000063
:10316C000000000000000000000000000000000053
:10317C000000000000000000000000000000000043
:10318C000000000000000000000000000000000033
:10319C000000000000000000000000000000000023
:1031AC000000000000000000000000000000000013
:1031BC000000000000000000000000000000000003
:1031CC0000000000000000000000000000000000F3
:1031DC0000000000000000000000000000000000E3
:1031EC0000000000000000000000000000000000D3
:1031FC0000000000000000000000000000000000C3
:10320C0000000000000000000000000000000000B2
:10321C0000000000000000000000000000000000A2
:10322C000000000000000000000000000000000092
:10323C000000000000000000000000000000000082
:10324C000000000000000000000000000000000072
:10325C000000000000000000000000000000000062
:10326C000000000000000000000000000000000052
:10327C000000000000000000000000000000000042
:10328C000000000000000000000000000000000032
:10329C000000000000000000000000000000000022
:1032AC000000000000000000000000000000000012
:1032BC000000000000000000000000000000000002
:1032CC0000000000000000000000000000000000F2
:1032DC0000000000000000000000000000000000E2
:1032EC0000000000000000000000000000000000D2
:1032FC0000000000000000000000000000000000C2
:10330C0000000000000000000000000000000000B1
:10331C0000000000000000000000000000000000A1
:10332C000000000000000000000000000000000091
:10333C000000000000000000000000000000000081
:10334C000000000000000000000000000000000071
:10335C000000000000000000000000000000000061
:10336C000000000000000000000000000000000051
:10337C000000000000000000000000000000000041
:10338C000000000000000000000000000000000031
:10339C000000000000000000000000000000000021
:1033AC000000000000000000000000000000000011
:1033BC000000000000000000000000000000000001
:1033CC0000000000000000000000000000000000F1
:1033DC0000000000000000000000000000000000E1
:1033EC0000000000000000000000000000000000D1
:1033FC0000000000000000000000000000000000C1
:10340C0000000000000000000000000000000000B0
:10341C0000000000000000000000000000000000A0
:10342C000000000000000000000000000000000090
:10343C000000000000000000000000000000000080
:10344C000000000000000000000000000000000070
:10345C000000000000000000000000000000000060
:10346C000000000000000000000000000000000050
:10347C000000000000000000000000000000000040
:10348C000000000000000000000000000000000030
:10349C000000000000000000000000000000000020
:1034AC000000000000000000000000000000000010
:1034BC000000000000000000000000000000000000
:1034CC0000000000000000000000000000000000F0
:1034DC0000000000000000000000000000000000E0
:1034EC0000000000000000000000000000000000D0
:1034FC0000000000000000000000000000000000C0
:10350C0000000000000000000000000000000000AF
:10351C00000000000000000000000000000000009F
:10352C00000000000000000000000000000000008F
:10353C00000000000000000000000000000000007F
:10354C00000000000000000000000000000000006F
:10355C00000000000000000000000000000000005F
:10356C00000000000000000000000000000000004F
:10357C00000000000000000000000000000000003F
:10358C00000000000000000000000000000000002F
:10359C00000000000000000000000000000000001F
:1035AC00000000000000000000000000000000000F
:1035BC0000000000000000000000000000000000FF
:1035CC0000000000000000000000000000000000EF
:1035DC0000000000000000000000000000000000DF
:1035EC0000000000000000000000000000000000CF
:1035FC0000000000000000000000000000000000BF
:10360C0000000000000000000000000000000000AE
:10361C00000000000000000000000000000000009E
:10362C00000000000000000000000000000000008E
:10363C00000000000000000000000000000000007E
:10364C00000000000000000000000000000000006E
:10365C00000000000000000000000000000000005E
:10366C00000000000000000000000000000000004E
:10367C00000000000000000000000000000000003E
:10368C00000000000000000000000000000000002E
:10369C00000000000000000000000000000000001E
:1036AC00000000000000000000000000000000000E
:1036BC0000000000000000000000000000000000FE
:1036CC0000000000000000000000000000000000EE
:1036DC0000000000000000000000000000000000DE
:1036EC0000000000000000000000000000000000CE
:1036FC0000000000000000000000000000000000BE
:10370C0000000000000000000000000000000000AD
:10371C00000000000000000000000000000000009D
:10372C00000000000000000000000000000000008D
:10373C00000000000000000000000000000000007D
:10374C00000000000000000000000000000000006D
:10375C00000000000000000000000000000000005D
:10376C00000000000000000000000000000000004D
:10377C00000000000000000000000000000000003D
:10378C00000000000000000000000000000000002D
:10379C00000000000000000000000000000000001D
:1037AC00000000000000000000000000000000000D
:1037BC0000000000000000000000000000000000FD
:1037CC0000000000000000000000000000000000ED
:1037DC0000000000000000000000000000000000DD
:1037EC0000000000000000000000000000000000CD
:1037FC0000000000000000000000000000000000BD
:10380C0000000000000000000000000000000000AC
:10381C00000000000000000000000000000000009C
:10382C00000000000000000000000000000000008C
:10383C00000000000000000000000000000000007C
:10384C00000000000000000000000000000000006C
:10385C00000000000000000000000000000000005C
:10386C00000000000000000000000000000000004C
:10387C00000000000000000000000000000000003C
:10388C00000000000000000000000000000000002C
:10389C00000000000000000000000000000000001C
:1038AC00000000000000000000000000000000000C
:1038BC0000000000000000000000000000000000FC
:1038CC0000000000000000000000000000000000EC
:1038DC0000000000000000000000000000000000DC
:1038EC0000000000000000000000000000000000CC
:1038FC0000000000000000000000000000000000BC
:10390C0000000000000000000000000000000000AB
:10391C00000000000000000000000000000000009B
:10392C00000000000000000000000000000000008B
:10393C00000000000000000000000000000000007B
:10394C00000000000000000000000000000000006B
:10395C00000000000000000000000000000000005B
:10396C00000000000000000000000000000000004B
:10397C00000000000000000000000000000000003B
:10398C00000000000000000000000000000000002B
:10399C00000000000000000000000000000000001B
:1039AC00000000000000000000000000000000000B
:1039BC0000000000000000000000000000000000FB
:1039CC0000000000000000000000000000000000EB
:1039DC0000000000000000000000000000000000DB
:1039EC0000000000000000000000000000000000CB
:1039FC0000000000000000000000000000000000BB
:103A0C0000000000000000000000000000000000AA
:103A1C00000000000000000000000000000000009A
:103A2C00000000000000000000000000000000008A
:103A3C00000000000000000000000000000000007A
:103A4C00000000000000000000000000000000006A
:103A5C00000000000000000000000000000000005A
:103A6C00000000000000000000000000000000004A
:103A7C00000000000000000000000000000000003A
:103A8C00000000000000000000000000000000002A
:103A9C00000000000000000000000000000000001A
:103AAC00000000000000000000000000000000000A
:103ABC0000000000000000000000000000000000FA
:103ACC0000000000000000000000000000000000EA
:103ADC0000000000000000000000000000000000DA
:103AEC0000000000000000000000000000000000CA
:103AFC0000000000000000000000000000000000BA
:103B0C0000000000000000000000000000000000A9
:103B1C000000000000000000000000000000000099
:103B2C000000000000000000000000000000000089
:103B3C000000000000000000000000000000000079
:103B4C000000000000000000000000000000000069
:103B5C000000000000000000000000000000000059
:103B6C000000000000000000000000000000000049
:103B7C000000000000000000000000000000000039
:103B8C000000000000000000000000000000000029
:103B9C000000000000000000000000000000000019
:103BAC000000000000000000000000000000000009
:103BBC0000000000000000000000000000000000F9
:103BCC0000000000000000000000000000000000E9
:103BDC0000000000000000000000000000000000D9
:103BEC0000000000000000000000000000000000C9
:103BFC0000000000000000000000000000000000B9
:103C0C0000000000000000000000000000000000A8
:103C1C000000000000000000000000000000000098
:103C2C000000000000000000000000000000000088
:103C3C000000000000000000000000000000000078
:103C4C000000000000000000000000000000000068
:103C5C000000000000000000000000000000000058
:103C6C000000000000000000000000000000000048
:103C7C000000000000000000000000000000000038
:103C8C000000000000000000000000000000000028
:103C9C000000000000000000000000000000000018
:103CAC000000000000000000000000000000000008
:103CBC0000000000000000000000000000000000F8
:103CCC0000000000000000000000000000000000E8
:103CDC0000000000000000000000000000000000D8
:103CEC0000000000000000000000000000000000C8
:103CFC0000000000000000000000000000000000B8
:103D0C0000000000000000000000000000000000A7
:103D1C000000000000000000000000000000000097
:103D2C000000000000000000000000000000000087
:103D3C000000000000000000000000000000000077
:103D4C000000000000000000000000000000000067
:103D5C000000000000000000000000000000000057
:103D6C000000000000000000000000000000000047
:103D7C000000000000000000000000000000000037
:103D8C000000000000000000000000000000000027
:103D9C000000000000000000000000000000000017
:103DAC000000000000000000000000000000000007
:103DBC0000000000000000000000000000000000F7
:103DCC0000000000000000000000000000000000E7
:103DDC0000000000000000000000000000000000D7
:103DEC0000000000000000000000000000000000C7
:103DFC0000000000000000000000000000000000B7
:103E0C0000000000000000000000000000000000A6
:103E1C000000000000000000000000000000000096
:103E2C000000000000000000000000000000000086
:103E3C000000000000000000000000000000000076
:103E4C000000000000000000000000000000000066
:103E5C000000000000000000000000000000000056
:103E6C000000000000000000000000000000000046
:103E7C000000000000000000000000000000000036
:103E8C000000000000000000000000000000000026
:103E9C000000000000000000000000000000000016
:103EAC000000000000000000000000000000000006
:103EBC0000000000000000000000000000000000F6
:103ECC0000000000000000000000000000000000E6
:103EDC0000000000000000000000000000000000D6
:103EEC0000000000000000000000000000000000C6
:103EFC0000000000000000000000000000000000B6
:103F0C0000000000000000000000000000000000A5
:103F1C000000000000000000000000000000000095
:103F2C000000000000000000000000000000000085
:103F3C000000000000000000000000000000000075
:103F4C000000000000000000000000000000000065
:103F5C000000000000000000000000000000000055
:103F6C000000000000000000000000000000000045
:103F7C000000000000000000000000000000000035
:103F8C000000000000000000000000000000000025
:103F9C000000000000000000000000000000000015
:103FAC000000000000000000000000000000000005
:103FBC0000000000000000000000000000000000F5
:103FCC0000000000000000000000000000000000E5
:103FDC0000000000000000000000000000000000D5
:103FEC0000000000000000000000000000000000C5
:103FFC0000000000000000000000000000000000B5
:10400C0000000000000000000000000000000000A4
:10401C000000000000000000000000000000000094
:10402C000000000000000000000000000000000084
:10403C000000000000000000000000000000000074
:10404C000000000000000000000000000000000064
:10405C000000000000000000000000000000000054
:10406C000000000000000000000000000000000044
:10407C000000000000000000000000000000000034
:10408C000000000000000000000000000000000024
:10409C000000000000000000000000000000000014
:1040AC000000000000000000000000000000000004
:1040BC0000000000000000000000000000000000F4
:1040CC0000000000000000000000000000000000E4
:1040DC0000000000000000000000000000000000D4
:1040EC0000000000000000000000000000000000C4
:1040FC0000000000000000000000000000000000B4
:10410C0000000000000000000000000000000000A3
:10411C000000000000000000000000000000000093
:10412C000000000000000000000000000000000083
:10413C000000000000000000000000000000000073
:10414C000000000000000000000000000000000063
:10415C000000000000000000000000000000000053
:10416C000000000000000000000000000000000043
:10417C000000000000000000000000000000000033
:10418C000000000000000000000000000000000023
:10419C000000000000000000000000000000000013
:1041AC000000000000000000000000000000000003
:1041BC0000000000000000000000000000000000F3
:1041CC0000000000000000000000000000000000E3
:1041DC0000000000000000000000000000000000D3
:1041EC0000000000000000000000000000000000C3
:1041FC0000000000000000000000000000000000B3
:10420C0000000000000000000000000000000000A2
:10421C000000000000000000000000000000000092
:10422C000000000000000000000000000000000082
:10423C000000000000000000000000000000000072
:10424C000000000000000000000000000000000062
:10425C000000000000000000000000000000000052
:10426C000000000000000000000000000000000042
:10427C000000000000000000000000000000000032
:10428C000000000000000000000000000000000022
:10429C000000000000000000000000000000000012
:1042AC000000000000000000000000000000000002
:1042BC0000000000000000000000000000000000F2
:1042CC0000000000000000000000000000000000E2
:1042DC0000000000000000000000000000000000D2
:1042EC0000000000000000000000000000000000C2
:1042FC0000000000000000000000000000000000B2
:10430C0000000000000000000000000000000000A1
:10431C000000000000000000000000000000000091
:10432C000000000000000000000000000000000081
:10433C000000000000000000000000000000000071
:10434C000000000000000000000000000000000061
:10435C000000000000000000000000000000000051
:10436C000000000000000000000000000000000041
:10437C000000000000000000000000000000000031
:10438C000000000000000000000000000000000021
:10439C000000000000000000000000000000000011
:1043AC000000000000000000000000000000000001
:1043BC0000000000000000000000000000000000F1
:1043CC0000000000000000000000000000000000E1
:1043DC0000000000000000000000000000000000D1
:1043EC0000000000000000000000000000000000C1
:1043FC0000000000000000000000000000000000B1
:10440C0000000000000000000000000000000000A0
:10441C000000000000000000000000000000000090
:10442C000000000000000000000000000000000080
:10443C000000000000000000000000000000000070
:10444C000000000000000000000000000000000060
:10445C000000000000000000000000000000000050
:10446C000000000000000000000000000000000040
:10447C000000000000000000000000000000000030
:10448C000000000000000000000000000000000020
:10449C000000000000000000000000000000000010
:1044AC000000000000000000000000000000000000
:1044BC0000000000000000000000000000000000F0
:1044CC0000000000000000000000000000000000E0
:1044DC0000000000000000000000000000000000D0
:1044EC0000000000000000000000000000000000C0
:1044FC0000000000000000000000000000000000B0
:10450C00000000000000000000000000000000009F
:10451C00000000000000000000000000000000008F
:10452C00000000000000000000000000000000007F
:10453C00000000000000000000000000000000006F
:10454C00000000000000000000000000000000005F
:10455C00000000000000000000000000000000004F
:10456C00000000000000000000000000000000003F
:10457C00000000000000000000000000000000002F
:0C458C0000000000000000000000000023
:10459800FFFFFFFFFFFFFFFFFFFFFFFFFFFFFFFF23
:1045A800FFFFFFFFFFFFFFFFFFFFFFFFFFFFFFFF13
:1045B800FFFFFFFFFFFFFFFFFFFFFFFFFFFFFFFF03
:1045C800FFFFFFFFFFFFFFFFFFFFFFFFFFFFFFFFF3
:1045D800FFFFFFFFFFFFFFFFFFFFFFFFFFFFFFFFE3
:1045E800FFFFFFFFFFFFFFFFFFFFFFFFFFFFFFFFD3
:1045F800FFFFFFFFFFFFFFFFFFFFFFFFFFFFFFFFC3
:10460800FFFFFFFFFFFFFFFFFFFFFFFFFFFFFFFFB2
:10461800FFFFFFFFFFFFFFFFFFFFFFFFFFFFFFFFA2
:10462800FFFFFFFFFFFFFFFFFFFFFFFFFFFFFFFF92
:10463800FFFFFFFFFFFFFFFFFFFFFFFFFFFFFFFF82
:10464800FFFFFFFFFFFFFFFFFFFFFFFFFFFFFFFF72
:10465800FFFFFFFFFFFFFFFFFFFFFFFFFFFFFFFF62
:10466800FFFFFFFFFFFFFFFFFFFFFFFFFFFFFFFF52
:10467800FFFFFFFFFFFFFFFFFFFFFFFFFFFFFFFF42
:10468800FFFFFFFFFFFFFFFFFFFFFFFFFFFFFFFF32
:10469800FFFFFFFFFFFFFFFFFFFFFFFFFFFFFFFF22
:1046A800FFFFFFFFFFFFFFFFFFFFFFFFFFFFFFFF12
:1046B800FFFFFFFFFFFFFFFFFFFFFFFFFFFFFFFF02
:1046C800FFFFFFFFFFFFFFFFFFFFFFFFFFFFFFFFF2
:1046D800FFFFFFFFFFFFFFFFFFFFFFFFFFFFFFFFE2
:1046E800FFFFFFFFFFFFFFFFFFFFFFFFFFFFFFFFD2
:1046F800FFFFFFFFFFFFFFFFFFFFFFFFFFFFFFFFC2
:10470800FFFFFFFFFFFFFFFFFFFFFFFFFFFFFFFFB1
:10471800FFFFFFFFFFFFFFFFFFFFFFFFFFFFFFFFA1
:10472800FFFFFFFFFFFFFFFFFFFFFFFFFFFFFFFF91
:10473800FFFFFFFFFFFFFFFFFFFFFFFFFFFFFFFF81
:10474800FFFFFFFFFFFFFFFFFFFFFFFFFFFFFFFF71
:10475800FFFFFFFFFFFFFFFFFFFFFFFFFFFFFFFF61
:10476800FFFFFFFFFFFFFFFFFFFFFFFFFFFFFFFF51
:10477800FFFFFFFFFFFFFFFFFFFFFFFFFFFFFFFF41
:10478800FFFFFFFFFFFFFFFFFFFFFFFFFFFFFFFF31
:10479800FFFFFFFFFFFFFFFFFFFFFFFFFFFFFFFF21
:1047A800FFFFFFFFFFFFFFFFFFFFFFFFFFFFFFFF11
:1047B800FFFFFFFFFFFFFFFFFFFFFFFFFFFFFFFF01
:1047C800FFFFFFFFFFFFFFFFFFFFFFFFFFFFFFFFF1
:1047D800FFFFFFFFFFFFFFFFFFFFFFFFFFFFFFFFE1
:1047E800FFFFFFFFFFFFFFFFFFFFFFFFFFFFFFFFD1
:1047F800FFFFFFFFFFFFFFFF0000000000000000B9
:1048080000000000000000000000000000000000A0
:104818000000000000000000000000000000000090
:104828000000000000000000000000000000000080
:104838000000000000000000000000000000000070
:104848000000000000000000000000000000000060
:104858000000000000000000000000000000000050
:104868000000000000000000000000000000000040
:104878000000000000000000000000000000000030
:104888000000000000000000000000000000000020
:104898000000000000000000000000000000000010
:1048A8000000000000000000000000000000000000
:1048B80000000000000000000000000000000000F0
:1048C80000000000000000000000000000000000E0
:1048D80000000000000000000000000000000000D0
:1048E80000000000000000000000000000000000C0
:1048F80000000000000000000000000000000000B0
:10490800000000000000000000000000000000009F
:10491800000000000000000000000000000000008F
:10492800000000000000000000000000000000007F
:10493800000000000000000000000000000000006F
:10494800000000000000000000000000000000005F
:10495800000000000000000000000000000000004F
:10496800000000000000000000000000000000003F
:10497800000000000000000000000000000000002F
:10498800000000000000000000000000000000001F
:10499800000000000000000000000000000000000F
:1049A80000000000000000000000000000000000FF
:1049B80000000000000000000000000000000000EF
:1049C80000000000000000000000000000000000DF
:1049D80000000000000000000000000000000000CF
:1049E80000000000000000000000000000000000BF
:1049F80000000000000000000000000000000000AF
:104A0800000000000000000000000000000000009E
:104A1800000000000000000000000000000000008E
:104A2800000000000000000000000000000000007E
:104A3800000000000000000000000000000000006E
:104A4800000000000000000000000000000000005E
:104A5800000000000000000000000000000000004E
:104A6800000000000000000000000000000000003E
:104A7800000000000000000000000000000000002E
:104A8800000000000000000000000000000000001E
:104A9800000000000000000000000000000000000E
:104AA80000000000000000000000000000000000FE
:104AB80000000000000000000000000000000000EE
:104AC80000000000000000000000000000000000DE
:104AD80000000000000000000000000000000000CE
:104AE80000000000000000000000000000000000BE
:104AF80000000000000000000000000000000000AE
:104B0800000000000000000000000000000000009D
:104B1800000000000000000000000000000000008D
:104B2800000000000000000000000000000000007D
:104B3800000000000000000000000000000000006D
:104B4800000000000000000000000000000000005D
:104B5800000000000000000000000000000000004D
:104B6800000000000000000000000000000000003D
:104B7800000000000000000000000000000000002D
:104B8800000000000000000000000000000000001D
:104B9800000000000000000000000000000000000D
:104BA80000000000000000000000000000000000FD
:104BB80000000000000000000000000000000000ED
:104BC80000000000000000000000000000000000DD
:104BD80000000000000000000000000000000000CD
:104BE80000000000000000000000000000000000BD
:104BF80000000000000000000000000000000000AD
:104C0800000000000000000000000000000000009C
:104C1800000000000000000000000000000000008C
:104C2800000000000000000000000000000000007C
:104C3800000000000000000000000000000000006C
:104C4800000000000000000000000000000000005C
:104C5800000000000000000000000000000000004C
:104C6800000000000000000000000000000000003C
:104C7800000000000000000000000000000000002C
:104C8800000000000000000000000000000000001C
:104C9800000000000000000000000000000000000C
:104CA80000000000000000000000000000000000FC
:104CB80000000000000000000000000000000000EC
:104CC80000000000000000000000000000000000DC
:104CD80000000000000000000000000000000000CC
:104CE80000000000000000000000000000000000BC
:104CF80000000000000000000000000000000000AC
:104D0800000000000000000000000000000000009B
:104D1800000000000000000000000000000000008B
:104D2800000000000000000000000000000000007B
:104D3800000000000000000000000000000000006B
:104D4800000000000000000000000000000000005B
:104D5800000000000000000000000000000000004B
:104D6800000000000000000000000000000000003B
:104D7800000000000000000000000000000000002B
:104D8800000000000000000000000000000000001B
:104D9800000000000000000000000000000000000B
:104DA80000000000000000000000000000000000FB
:104DB80000000000000000000000000000000000EB
:104DC80000000000000000000000000000000000DB
:104DD80000000000000000000000000000000000CB
:104DE80000000000000000000000000000000000BB
:104DF80000000000000000000000000000000000AB
:104E0800000000000000000000000000000000009A
:104E1800000000000000000000000000000000008A
:104E2800000000000000000000000000000000007A
:104E3800000000000000000000000000000000006A
:104E4800000000000000000000000000000000005A
:104E5800000000000000000000000000000000004A
:104E6800000000000000000000000000000000003A
:104E7800000000000000000000000000000000002A
:104E8800000000000000000000000000000000001A
:104E9800000000000000000000000000000000000A
:104EA80000000000000000000000000000000000FA
:104EB80000000000000000000000000000000000EA
:104EC80000000000000000000000000000000000DA
:104ED80000000000000000000000000000000000CA
:104EE80000000000000000000000000000000000BA
:104EF80000000000000000000000000000000000AA
:104F08000000000000000000000000000000000099
:104F18000000000000000000000000000000000089
:104F28000000000000000000000000000000000079
:104F38000000000000000000000000000000000069
:104F48000000000000000000000000000000000059
:104F58000000000000000000000000000000000049
:104F68000000000000000000000000000000000039
:104F78000000000000000000000000000000000029
:104F88000000000000000000000000000000000019
:104F98000000000000000000000000000000000009
:104FA80000000000000000000000000000000000F9
:104FB80000000000000000000000000000000000E9
:104FC80000000000000000000000000000000000D9
:104FD80000000000000000000000000000000000C9
:104FE80000000000000000000000000000000000B9
:104FF80000000000000000000000000000000000A9
:105008000000000000000000000000000000000098
:105018000000000000000000000000000000000088
:105028000000000000000000000000000000000078
:105038000000000000000000000000000000000068
:105048000000000000000000000000000000000058
:105058000000000000000000000000000000000048
:105068000000000000000000000000000000000038
:105078000000000000000000000000000000000028
:105088000000000000000000000000000000000018
:105098000000000000000000000000000000000008
:1050A80000000000000000000000000000000000F8
:1050B80000000000000000000000000000000000E8
:1050C80000000000000000000000000000000000D8
:1050D80000000000000000000000000000000000C8
:1050E80000000000000000000000000000000000B8
:1050F80000000000000000000000000000000000A8
:105108000000000000000000000000000000000097
:105118000000000000000000000000000000000087
:105128000000000000000000000000000000000077
:105138000000000000000000000000000000000067
:105148000000000000000000000000000000000057
:105158000000000000000000000000000000000047
:105168000000000000000000000000000000000037
:105178000000000000000000000000000000000027
:105188000000000000000000000000000000000017
:105198000000000000000000000000000000000007
:1051A80000000000000000000000000000000000F7
:1051B80000000000000000000000000000000000E7
:1051C80000000000000000000000000000000000D7
:1051D80000000000000000000000000000000000C7
:1051E80000000000000000000000000000000000B7
:1051F80000000000000000000000000000000000A7
:105208000000000000000000000000000000000096
:105218000000000000000000000000000000000086
:105228000000000000000000000000000000000076
:105238000000000000000000000000000000000066
:105248000000000000000000000000000000000056
:105258000000000000000000000000000000000046
:105268000000000000000000000000000000000036
:105278000000000000000000000000000000000026
:105288000000000000000000000000000000000016
:105298000000000000000000000000000000000006
:1052A80000000000000000000000000000000000F6
:1052B80000000000000000000000000000000000E6
:1052C80000000000000000000000000000000000D6
:1052D80000000000000000000000000000000000C6
:1052E80000000000000000000000000000000000B6
:1052F80000000000000000000000000000000000A6
:105308000000000000000000000000000000000095
:105318000000000000000000000000000000000085
:105328000000000000000000000000000000000075
:105338000000000000000000000000000000000065
:105348000000000000000000000000000000000055
:105358000000000000000000000000000000000045
:105368000000000000000000000000000000000035
:105378000000000000000000000000000000000025
:105388000000000000000000000000000000000015
:105398000000000000000000000000000000000005
:1053A80000000000000000000000000000000000F5
:1053B80000000000000000000000000000000000E5
:1053C80000000000000000000000000000000000D5
:1053D80000000000000000000000000000000000C5
:1053E80000000000000000000000000000000000B5
:0853F8000000000000000000AD
:040000056000100087
:00000001FF
